transaction_id,transaction_amount,transaction_hour,is_weekend,account_age_days,num_transactions_last_24h,avg_transaction_amount_30d,distance_from_home_km,is_foreign_transaction,merchant_category,payment_method,num_failed_attempts_last_hour,is_new_device,is_new_merchant,card_present,is_fraud
TXN100000,78.2,13,0,2115,3,313.46,18.73,0,electronics,debit_card,1,1,1,1,0
TXN100001,402.96,7,0,935,2,201.29,13.52,0,online_retail,digital_wallet,0,0,1,0,0
TXN100002,221.59,2,0,423,1,214.57,0.35,1,grocery,credit_card,0,1,0,1,1
TXN100003,158.9,10,0,1526,2,234.91,1.86,0,electronics,credit_card,0,0,0,1,0
TXN100004,24.09,6,1,923,1,354.73,7.46,1,grocery,digital_wallet,0,0,0,1,1
TXN100005,26.04,13,0,1305,2,164.12,3.37,0,grocery,credit_card,1,0,0,0,0
TXN100006,14.2,19,1,3205,1,283.13,60.16,0,gas_station,credit_card,1,0,0,1,0
TXN100007,295.26,13,0,720,4,72.94,0.72,0,online_retail,credit_card,1,1,0,0,0
TXN100008,142.57,13,1,2852,3,149.04,75.98,1,online_retail,digital_wallet,0,0,0,1,0
TXN100009,171.23,1,0,253,1,105.19,28.51,0,travel,credit_card,0,0,0,1,0
TXN100010,9.02,15,0,3516,2,48.32,11.2,0,online_retail,credit_card,3,1,1,0,0
TXN100011,582.43,10,1,2888,3,106.51,15.72,0,electronics,debit_card,0,0,1,0,1
TXN100012,275.13,2,1,3625,6,292.78,9.32,0,electronics,credit_card,0,1,0,1,0
TXN100013,46.71,5,0,939,3,51.13,19.68,0,online_retail,digital_wallet,0,0,0,0,0
TXN100014,37.13,18,0,2965,4,77.87,3.14,0,online_retail,digital_wallet,0,0,1,0,0
TXN100015,31.92,22,1,1807,1,171.21,1.95,0,electronics,debit_card,0,0,0,1,0
TXN100016,62.1,12,0,495,2,114.19,14.52,0,online_retail,debit_card,0,0,0,0,0
TXN100017,103.92,23,0,195,3,293.88,1.53,0,other,debit_card,0,0,1,1,0
TXN100018,99.82,4,0,134,4,423.0,5.97,0,restaurant,credit_card,1,0,0,1,0
TXN100019,56.29,7,0,1430,1,166.04,51.22,0,other,debit_card,1,0,0,1,0
TXN100020,143.74,22,0,591,3,124.0,41.25,0,electronics,credit_card,0,0,0,0,0
TXN100021,25.38,4,0,993,2,82.42,35.24,0,travel,digital_wallet,1,0,0,1,0
TXN100022,65.81,15,0,1685,1,84.01,17.67,0,restaurant,debit_card,0,0,0,1,0
TXN100023,72.09,5,0,1620,3,162.53,0.45,0,other,debit_card,2,0,0,0,0
TXN100024,91.51,7,1,1043,2,218.02,3.73,0,electronics,digital_wallet,1,0,1,0,0
TXN100025,225.94,11,1,1550,4,36.54,50.08,0,electronics,digital_wallet,1,0,1,1,0
TXN100026,40.94,8,0,1402,3,34.71,40.2,0,other,debit_card,0,0,0,0,0
TXN100027,118.38,20,0,3327,3,87.98,9.67,0,online_retail,debit_card,0,0,0,1,0
TXN100028,146.72,23,0,547,6,44.79,19.14,0,online_retail,credit_card,0,0,0,0,0
TXN100029,12.77,12,0,2208,6,29.81,31.88,0,gas_station,debit_card,1,0,0,1,0
TXN100030,187.88,12,1,440,3,353.39,17.63,0,grocery,credit_card,0,0,0,0,0
TXN100031,31.47,1,1,2172,2,297.84,45.95,1,restaurant,digital_wallet,1,0,1,0,0
TXN100032,14.19,5,0,3206,5,122.33,4.37,0,grocery,debit_card,0,0,1,0,0
TXN100033,409.09,0,1,2568,2,146.77,10.63,0,online_retail,credit_card,0,1,0,1,0
TXN100034,549.76,20,0,377,2,155.68,17.82,0,other,digital_wallet,1,0,0,1,1
TXN100035,289.53,5,0,169,4,18.38,21.72,0,grocery,debit_card,0,0,0,1,0
TXN100036,58.68,8,0,973,1,84.22,94.04,0,electronics,credit_card,0,0,0,1,0
TXN100037,18.46,20,1,327,0,164.43,31.34,0,other,credit_card,0,0,1,0,0
TXN100038,161.15,17,0,2720,5,180.94,0.86,0,grocery,credit_card,0,0,1,0,0
TXN100039,99.48,14,0,450,4,48.67,4.09,0,grocery,debit_card,0,0,0,1,0
TXN100040,26.81,0,1,621,2,99.0,27.71,1,grocery,credit_card,0,0,0,1,0
TXN100041,114.77,13,1,2504,0,213.11,5.17,0,gas_station,credit_card,0,0,0,0,0
TXN100042,9.46,13,0,3571,3,273.27,2.82,0,gas_station,credit_card,0,0,0,0,0
TXN100043,375.37,7,0,1263,7,66.26,20.33,0,gas_station,credit_card,0,1,0,1,0
TXN100044,50.62,17,0,3109,4,55.54,16.51,0,gas_station,debit_card,0,1,1,1,1
TXN100045,172.41,22,0,339,3,182.94,31.37,0,gas_station,credit_card,0,0,0,1,0
TXN100046,67.76,6,1,3001,1,155.34,9.91,0,gas_station,credit_card,0,1,1,0,0
TXN100047,118.25,7,0,2880,5,91.61,9.45,0,restaurant,debit_card,1,0,0,1,0
TXN100048,134.18,7,0,2046,4,32.28,3.37,0,online_retail,credit_card,1,1,0,1,0
TXN100049,35.95,20,0,2417,2,60.69,14.86,0,online_retail,digital_wallet,1,0,0,0,0
TXN100050,547.59,1,0,102,7,123.65,21.79,0,travel,debit_card,0,0,0,1,0
TXN100051,246.85,21,1,1326,2,191.0,2.7,0,gas_station,credit_card,0,1,0,1,0
TXN100052,357.46,18,1,174,3,265.21,5.12,0,gas_station,credit_card,1,0,0,1,0
TXN100053,329.92,11,0,2603,1,99.27,3.47,1,grocery,credit_card,0,1,0,1,0
TXN100054,133.89,14,1,545,3,264.12,28.61,0,grocery,debit_card,1,0,1,1,0
TXN100055,358.83,21,0,570,0,41.51,3.47,0,electronics,credit_card,1,1,0,0,1
TXN100056,18.29,18,0,2908,1,142.77,3.81,0,restaurant,credit_card,0,0,0,1,0
TXN100057,45.13,6,0,2005,3,182.97,1.45,0,grocery,debit_card,0,0,1,0,0
TXN100058,10.76,1,0,2054,2,260.5,37.96,0,jewelry,credit_card,1,0,1,1,0
TXN100059,71.92,15,0,2821,2,204.95,3.03,0,grocery,debit_card,1,0,1,1,0
TXN100060,64.41,3,0,2664,2,58.04,0.52,0,restaurant,debit_card,0,0,0,1,0
TXN100061,50.41,2,0,2509,4,212.62,1.67,0,grocery,credit_card,1,0,0,0,0
TXN100062,275.0,23,0,1093,2,109.56,8.91,0,grocery,credit_card,1,1,0,1,0
TXN100063,76.37,11,0,1421,2,116.84,23.84,1,restaurant,debit_card,0,0,0,1,0
TXN100064,59.32,15,1,2022,4,72.66,8.65,0,gas_station,credit_card,0,0,0,1,0
TXN100065,134.58,5,1,2063,4,90.48,15.74,0,online_retail,debit_card,0,0,0,0,0
TXN100066,26.64,2,0,2173,5,374.39,42.78,0,gas_station,credit_card,1,0,0,0,0
TXN100067,234.68,1,0,2589,1,156.99,45.01,0,restaurant,debit_card,0,0,0,0,0
TXN100068,18.42,8,0,730,7,76.27,7.03,0,gas_station,digital_wallet,0,0,1,1,0
TXN100069,640.25,0,0,1996,3,118.16,4.05,0,online_retail,digital_wallet,1,0,0,0,0
TXN100070,194.71,10,1,86,4,105.54,25.91,0,grocery,credit_card,0,0,0,0,0
TXN100071,33.37,7,0,2575,4,75.49,19.38,0,online_retail,debit_card,0,0,1,1,0
TXN100072,5.22,12,1,2049,3,115.0,65.05,0,online_retail,digital_wallet,1,0,0,1,0
TXN100073,274.37,14,0,1511,2,217.93,39.29,0,restaurant,credit_card,0,0,0,1,0
TXN100074,192.32,7,0,1126,6,71.79,10.03,0,grocery,credit_card,0,0,0,0,1
TXN100075,218.2,10,1,1213,1,303.41,2.28,0,restaurant,credit_card,0,0,0,1,0
TXN100076,214.97,1,0,1156,7,241.97,0.64,0,grocery,credit_card,0,0,0,1,1
TXN100077,16.86,7,0,1430,3,191.01,21.39,0,online_retail,credit_card,0,0,1,0,0
TXN100078,77.16,23,1,182,2,126.66,25.29,0,electronics,credit_card,0,1,0,0,0
TXN100079,22.61,23,1,2516,2,293.91,18.6,0,other,credit_card,0,0,1,1,0
TXN100080,320.37,11,0,3165,3,174.05,20.53,0,electronics,debit_card,0,0,0,0,0
TXN100081,139.89,22,0,3166,5,189.69,13.66,0,grocery,credit_card,0,0,0,0,0
TXN100082,62.49,12,1,2900,4,186.95,17.21,1,jewelry,credit_card,1,1,0,0,0
TXN100083,14.19,3,0,292,4,174.0,6.36,0,restaurant,credit_card,0,0,0,0,0
TXN100084,52.73,20,1,897,2,94.4,12.38,1,travel,debit_card,1,0,0,1,0
TXN100085,67.85,9,1,1244,3,39.41,0.29,0,jewelry,credit_card,1,1,0,1,0
TXN100086,190.16,14,1,2895,7,353.33,27.09,0,online_retail,digital_wallet,0,0,0,1,0
TXN100087,157.47,15,1,387,2,84.91,7.75,0,restaurant,digital_wallet,1,0,0,0,0
TXN100088,352.08,7,0,1889,6,118.8,16.1,0,travel,credit_card,0,0,1,0,0
TXN100089,106.41,17,1,3021,1,39.72,50.11,0,grocery,credit_card,1,1,0,1,0
TXN100090,26.11,12,0,3387,4,119.24,19.69,0,online_retail,debit_card,0,1,0,1,1
TXN100091,190.11,8,0,1627,3,70.7,8.04,0,restaurant,credit_card,0,0,1,0,0
TXN100092,208.69,7,0,3199,6,344.74,5.2,0,electronics,credit_card,0,0,0,0,0
TXN100093,127.36,17,0,2408,4,44.64,6.78,0,grocery,credit_card,1,0,1,0,0
TXN100094,184.64,5,0,3525,4,244.13,96.08,0,gas_station,credit_card,0,0,1,1,0
TXN100095,90.04,2,1,295,3,84.11,18.19,0,online_retail,digital_wallet,1,0,0,0,0
TXN100096,98.93,21,0,1264,3,327.42,12.76,1,other,credit_card,0,0,0,0,0
TXN100097,78.67,7,0,1258,4,307.07,7.85,0,restaurant,credit_card,0,0,0,0,0
TXN100098,9.3,15,0,2903,1,161.42,22.68,0,other,debit_card,0,0,0,0,0
TXN100099,19.85,17,0,1245,2,39.93,10.7,0,restaurant,credit_card,0,0,0,0,0
TXN100100,9.36,20,1,2535,3,119.06,9.97,0,restaurant,credit_card,2,0,0,1,1
TXN100101,183.21,15,0,4956,4,122.22,4.07,0,electronics,debit_card,0,0,0,1,0
TXN100102,59.03,16,0,2509,3,108.14,4.92,0,grocery,credit_card,0,0,1,0,1
TXN100103,121.89,20,0,2664,1,212.6,7.84,0,other,debit_card,0,0,0,0,0
TXN100104,323.8,22,1,2022,1,92.71,15.12,0,other,credit_card,2,0,0,1,1
TXN100105,46.84,1,0,2532,1,368.39,6.23,0,restaurant,credit_card,1,0,0,1,0
TXN100106,75.16,17,0,643,5,55.24,1.19,0,electronics,debit_card,0,0,0,0,0
TXN100107,207.69,4,0,480,2,80.97,8.8,0,other,debit_card,0,0,1,1,0
TXN100108,48.64,21,0,1334,2,63.31,16.58,0,gas_station,debit_card,1,0,1,0,0
TXN100109,13.83,1,0,1368,3,152.35,1.57,0,grocery,credit_card,0,0,1,0,0
TXN100110,59.33,5,0,3064,3,37.25,11.81,0,electronics,debit_card,2,0,0,0,0
TXN100111,32.28,4,1,546,4,282.28,0.98,0,grocery,debit_card,0,0,0,1,0
TXN100112,375.49,14,0,1962,3,63.55,26.98,0,online_retail,debit_card,0,0,0,0,0
TXN100113,212.38,0,1,2740,3,184.17,38.65,1,restaurant,debit_card,1,0,1,1,1
TXN100114,156.87,0,0,3797,1,79.07,54.66,1,grocery,digital_wallet,0,0,0,0,1
TXN100115,293.48,12,0,3554,4,360.57,21.59,0,other,debit_card,0,0,1,0,0
TXN100116,256.26,23,0,1306,4,47.1,20.43,0,other,credit_card,1,1,1,0,1
TXN100117,36.06,12,0,765,3,36.27,25.48,1,online_retail,credit_card,1,0,0,1,0
TXN100118,411.6,10,1,2511,6,166.77,47.9,0,jewelry,credit_card,0,0,1,0,0
TXN100119,117.83,15,0,879,5,341.87,34.37,0,gas_station,debit_card,0,0,0,1,0
TXN100120,222.96,13,0,2638,4,72.17,10.6,0,other,debit_card,0,0,0,1,0
TXN100121,352.13,9,0,711,1,28.69,17.56,0,grocery,credit_card,2,0,0,1,1
TXN100122,64.08,14,0,852,1,195.99,3.72,0,electronics,debit_card,2,0,1,1,0
TXN100123,26.47,0,0,789,4,260.82,23.24,0,restaurant,credit_card,2,0,0,0,0
TXN100124,48.42,5,0,2756,4,232.01,25.84,0,online_retail,credit_card,2,0,0,1,0
TXN100125,92.43,16,0,1388,3,110.35,33.88,1,online_retail,debit_card,0,0,1,1,0
TXN100126,310.59,8,0,1926,2,227.95,37.38,0,electronics,digital_wallet,0,1,1,1,0
TXN100127,260.72,1,1,3066,4,22.43,12.17,1,grocery,credit_card,0,1,0,0,1
TXN100128,5.6,2,0,2973,3,258.07,45.36,0,restaurant,digital_wallet,0,0,0,1,0
TXN100129,100.42,20,1,2681,3,80.42,68.57,0,electronics,credit_card,1,0,0,0,0
TXN100130,82.11,7,0,756,3,124.51,68.39,0,other,credit_card,0,0,0,0,0
TXN100131,36.18,0,0,3073,0,344.42,20.54,0,other,digital_wallet,1,0,1,0,1
TXN100132,26.06,17,1,3066,5,373.39,15.2,0,grocery,credit_card,0,0,1,0,0
TXN100133,65.03,12,1,2473,2,106.06,9.6,0,online_retail,debit_card,0,0,1,1,0
TXN100134,364.17,10,0,2118,2,262.59,8.78,0,electronics,debit_card,1,0,0,1,0
TXN100135,56.27,21,0,1294,3,315.9,6.85,0,online_retail,credit_card,0,0,0,1,1
TXN100136,119.12,7,0,648,2,150.35,4.89,1,gas_station,digital_wallet,1,0,0,1,0
TXN100137,206.91,13,0,1961,2,206.06,68.11,0,grocery,credit_card,0,0,0,0,0
TXN100138,92.51,17,0,1547,2,553.72,19.35,0,online_retail,digital_wallet,0,0,0,0,0
TXN100139,766.28,14,1,634,1,148.36,34.89,0,online_retail,credit_card,0,1,1,1,1
TXN100140,522.66,4,1,1187,3,351.44,10.5,1,electronics,credit_card,0,1,1,0,0
TXN100141,43.08,16,1,479,5,112.32,8.99,0,grocery,credit_card,1,0,0,0,0
TXN100142,83.74,17,0,2722,1,51.84,3.28,0,online_retail,debit_card,0,1,0,1,1
TXN100143,60.61,2,0,1230,2,463.62,4.87,0,restaurant,debit_card,0,0,0,0,0
TXN100144,50.15,3,0,1911,4,245.33,64.78,0,jewelry,digital_wallet,1,0,0,1,0
TXN100145,10.12,16,0,2288,2,230.0,13.75,0,restaurant,credit_card,0,0,1,0,0
TXN100146,135.73,2,0,647,5,143.22,9.92,1,restaurant,credit_card,0,1,0,0,0
TXN100147,107.94,21,0,3455,0,42.0,19.34,0,online_retail,digital_wallet,0,0,0,0,0
TXN100148,14.69,2,0,1887,5,197.85,48.43,1,grocery,credit_card,0,0,0,1,0
TXN100149,55.02,23,1,2577,2,112.73,4.34,0,other,credit_card,0,0,0,0,0
TXN100150,356.48,16,1,1174,11,118.29,60.86,1,restaurant,credit_card,0,0,0,1,1
TXN100151,40.69,10,1,2120,4,301.24,27.88,0,grocery,digital_wallet,1,0,1,1,0
TXN100152,23.3,6,1,1868,3,275.17,38.4,0,other,credit_card,0,0,0,1,0
TXN100153,99.84,8,1,843,2,222.3,11.25,1,online_retail,debit_card,0,0,1,0,0
TXN100154,637.48,17,0,2505,8,156.07,6.74,0,gas_station,credit_card,0,0,0,1,0
TXN100155,57.58,18,0,3163,2,17.96,17.43,0,electronics,debit_card,0,1,0,1,0
TXN100156,174.98,5,0,3346,9,160.72,1.72,1,restaurant,digital_wallet,1,0,0,1,0
TXN100157,247.63,13,0,2105,4,134.51,42.39,0,grocery,debit_card,0,0,0,0,0
TXN100158,43.04,23,1,1925,2,213.05,32.25,0,electronics,credit_card,1,0,0,1,0
TXN100159,173.85,6,0,2576,2,480.47,6.29,0,online_retail,debit_card,1,0,0,0,0
TXN100160,65.71,16,0,1529,3,248.35,6.44,0,electronics,debit_card,1,0,0,0,0
TXN100161,142.15,4,0,3049,4,206.53,53.07,0,other,debit_card,1,0,1,1,0
TXN100162,200.85,20,0,347,5,210.41,34.81,0,other,debit_card,1,0,0,0,0
TXN100163,108.84,4,0,1203,4,114.68,33.28,0,grocery,debit_card,0,0,0,0,0
TXN100164,21.22,7,1,2949,7,89.88,6.31,0,gas_station,debit_card,1,0,0,0,0
TXN100165,247.25,11,0,1837,7,217.88,40.65,0,grocery,debit_card,0,0,0,1,0
TXN100166,70.47,8,0,1293,2,440.01,5.57,0,online_retail,credit_card,0,0,0,1,1
TXN100167,37.66,4,0,225,2,73.19,0.48,1,electronics,digital_wallet,0,0,0,0,0
TXN100168,11.03,15,0,3388,3,205.62,9.68,0,other,debit_card,0,1,0,0,0
TXN100169,138.39,0,0,1723,2,127.75,59.33,0,jewelry,credit_card,1,0,1,0,0
TXN100170,161.57,23,0,1919,2,175.41,15.47,0,online_retail,credit_card,1,0,1,0,0
TXN100171,7.92,1,0,2562,8,76.33,5.4,0,grocery,debit_card,0,0,0,0,0
TXN100172,106.65,8,0,2132,2,156.03,20.9,0,gas_station,credit_card,0,0,1,0,0
TXN100173,37.57,22,0,954,3,28.93,29.91,0,restaurant,credit_card,0,0,0,1,0
TXN100174,137.61,3,0,2278,8,307.4,20.69,0,online_retail,debit_card,1,0,0,0,0
TXN100175,34.45,1,1,1711,5,234.97,38.3,0,online_retail,debit_card,0,0,0,1,0
TXN100176,218.92,17,0,2992,6,274.82,20.89,0,restaurant,credit_card,0,0,1,1,0
TXN100177,79.86,1,0,1132,3,209.32,2.07,0,grocery,credit_card,0,1,0,1,0
TXN100178,413.13,21,1,2643,1,73.68,30.28,0,travel,credit_card,1,0,0,1,0
TXN100179,28.14,10,0,807,2,77.81,3.08,0,restaurant,debit_card,0,0,0,1,0
TXN100180,79.03,20,1,1089,2,303.0,40.74,0,travel,debit_card,1,0,0,1,0
TXN100181,23.69,5,0,2540,3,40.7,16.35,0,gas_station,debit_card,0,0,0,0,0
TXN100182,374.02,3,0,1824,5,705.7,26.84,0,travel,debit_card,0,0,0,1,0
TXN100183,365.14,23,0,438,2,229.01,62.04,0,restaurant,credit_card,1,0,0,1,0
TXN100184,52.38,18,0,679,5,69.03,10.87,0,grocery,credit_card,0,0,0,1,0
TXN100185,200.57,21,0,88,2,44.38,9.35,0,online_retail,debit_card,0,0,0,1,0
TXN100186,265.7,7,0,2126,3,125.46,33.82,0,electronics,debit_card,0,0,1,1,1
TXN100187,109.23,9,0,2856,7,198.38,2.34,0,electronics,credit_card,0,0,0,0,0
TXN100188,100.25,13,1,3358,1,244.78,0.78,0,online_retail,credit_card,0,0,0,0,0
TXN100189,56.72,10,0,1295,5,165.14,23.63,0,other,credit_card,0,0,0,1,0
TXN100190,24.18,5,0,3316,1,86.1,3.05,0,restaurant,credit_card,0,0,0,1,0
TXN100191,338.89,9,1,3753,6,82.02,6.13,0,travel,debit_card,1,0,1,1,1
TXN100192,335.24,14,0,2714,8,167.17,77.84,1,grocery,debit_card,0,1,1,0,0
TXN100193,185.19,0,0,1453,5,43.08,20.32,0,gas_station,debit_card,0,0,0,0,0
TXN100194,58.76,8,0,2414,3,21.38,37.59,0,online_retail,credit_card,0,0,1,1,1
TXN100195,62.37,7,0,1197,1,150.47,42.79,0,gas_station,credit_card,1,0,0,1,0
TXN100196,215.15,1,0,2993,1,135.39,3.63,0,electronics,credit_card,0,0,0,0,0
TXN100197,330.1,2,1,2642,1,463.62,48.77,1,grocery,credit_card,0,0,0,0,0
TXN100198,331.97,11,0,399,4,211.26,42.83,0,restaurant,debit_card,3,1,0,0,0
TXN100199,227.52,2,0,97,2,103.5,0.59,0,other,debit_card,0,0,0,0,0
TXN100200,165.68,8,1,2692,0,100.62,87.72,0,electronics,credit_card,0,0,0,1,0
TXN100201,21.53,13,0,3686,1,188.79,15.17,0,grocery,digital_wallet,1,0,0,1,0
TXN100202,31.78,20,0,3792,6,102.19,60.71,0,grocery,digital_wallet,0,0,0,0,0
TXN100203,376.21,2,1,206,3,219.82,31.67,0,online_retail,digital_wallet,0,0,1,0,0
TXN100204,113.27,10,0,1802,2,509.17,12.58,0,travel,credit_card,0,0,0,0,0
TXN100205,6.35,2,1,2510,4,299.59,14.38,0,electronics,debit_card,3,0,0,0,0
TXN100206,19.02,10,0,1657,4,10.74,6.99,0,travel,digital_wallet,0,0,1,1,0
TXN100207,145.46,11,0,1504,0,159.13,12.68,0,electronics,debit_card,0,0,1,1,0
TXN100208,5.18,19,1,2349,0,206.93,3.17,1,restaurant,credit_card,0,0,0,1,1
TXN100209,30.07,10,1,2875,4,20.11,42.42,0,grocery,credit_card,0,0,1,0,0
TXN100210,138.8,22,0,2592,3,56.58,40.55,0,restaurant,digital_wallet,0,0,1,1,0
TXN100211,154.88,3,0,1205,4,162.72,40.92,0,electronics,credit_card,0,1,0,1,1
TXN100212,163.92,1,0,355,1,161.51,17.6,0,other,debit_card,0,0,1,1,1
TXN100213,40.66,0,0,228,3,256.4,2.23,0,restaurant,credit_card,0,0,0,0,1
TXN100214,184.41,8,0,2862,4,253.45,18.15,1,grocery,digital_wallet,1,0,0,0,0
TXN100215,51.45,4,0,115,2,66.53,8.91,1,other,digital_wallet,2,0,0,1,0
TXN100216,68.32,2,1,1029,4,168.44,0.14,0,other,debit_card,0,1,0,0,0
TXN100217,247.56,5,0,2890,2,212.94,14.83,0,grocery,credit_card,1,0,1,0,1
TXN100218,159.34,23,0,114,4,94.65,40.99,0,travel,credit_card,0,0,0,0,0
TXN100219,265.65,19,0,1506,2,59.56,24.21,0,jewelry,credit_card,1,0,0,0,0
TXN100220,161.38,0,1,294,3,103.73,4.61,0,travel,debit_card,0,0,0,0,0
TXN100221,134.88,21,0,889,3,134.3,41.53,0,grocery,credit_card,0,1,0,1,1
TXN100222,20.17,4,0,2253,0,223.25,6.32,0,grocery,digital_wallet,0,0,1,0,0
TXN100223,64.76,9,0,1046,4,86.93,4.54,0,grocery,credit_card,1,0,0,0,0
TXN100224,51.78,7,0,2898,5,263.61,57.82,1,online_retail,credit_card,1,0,0,0,0
TXN100225,48.26,9,0,11,3,273.88,0.36,0,travel,credit_card,0,0,0,0,0
TXN100226,739.72,18,0,1563,2,59.68,2.69,0,online_retail,credit_card,0,0,0,0,0
TXN100227,100.1,17,1,2143,1,85.38,11.5,0,gas_station,debit_card,0,1,1,1,0
TXN100228,305.93,14,0,2753,0,384.01,2.68,0,gas_station,credit_card,0,0,0,0,0
TXN100229,149.36,15,1,1908,5,128.27,3.45,0,other,debit_card,0,0,0,1,0
TXN100230,203.5,17,0,813,3,117.83,22.92,0,other,credit_card,0,0,0,1,0
TXN100231,102.26,4,0,1285,5,333.5,39.07,0,electronics,debit_card,0,0,1,0,1
TXN100232,139.19,9,0,1285,3,205.63,19.01,0,electronics,credit_card,0,0,1,1,0
TXN100233,123.36,2,1,3364,1,596.8,2.36,0,restaurant,credit_card,0,0,0,1,0
TXN100234,34.43,16,0,2524,1,53.65,43.67,0,grocery,debit_card,1,0,0,1,0
TXN100235,182.37,10,0,3112,3,95.22,65.43,0,travel,credit_card,0,0,1,1,0
TXN100236,42.07,15,0,2660,8,48.94,6.45,0,restaurant,digital_wallet,2,0,0,0,0
TXN100237,8.52,13,0,600,1,179.85,9.43,0,grocery,debit_card,0,0,0,0,0
TXN100238,141.33,6,1,2370,0,208.87,15.6,0,restaurant,digital_wallet,0,0,0,0,0
TXN100239,32.13,3,1,2869,1,146.89,20.32,0,grocery,credit_card,0,0,0,0,0
TXN100240,385.4,23,0,68,6,168.13,72.62,0,other,debit_card,1,1,1,1,0
TXN100241,461.38,7,0,3006,5,296.4,91.28,0,gas_station,credit_card,0,0,0,0,0
TXN100242,303.31,2,0,3375,4,272.1,11.01,0,grocery,debit_card,1,0,1,0,0
TXN100243,62.34,7,0,23,2,237.54,1.96,0,restaurant,credit_card,1,0,0,0,0
TXN100244,9.48,21,1,964,4,238.9,8.96,0,grocery,debit_card,0,1,0,0,0
TXN100245,343.02,6,0,657,5,133.73,11.39,0,travel,debit_card,0,0,0,0,0
TXN100246,77.88,23,1,2714,0,229.51,13.74,0,electronics,credit_card,1,0,0,0,0
TXN100247,642.17,11,1,2367,3,156.06,77.18,0,gas_station,debit_card,0,0,1,0,0
TXN100248,711.47,20,1,143,3,58.12,5.09,0,other,digital_wallet,0,0,1,1,1
TXN100249,254.23,15,0,1757,6,21.72,13.75,0,online_retail,debit_card,1,0,0,0,0
TXN100250,54.84,1,1,2920,2,84.38,6.71,0,online_retail,digital_wallet,0,0,1,0,0
TXN100251,81.2,12,1,2828,6,113.98,53.13,0,travel,credit_card,0,0,0,1,0
TXN100252,357.73,10,0,3741,4,36.73,86.8,0,other,credit_card,0,0,0,1,1
TXN100253,55.23,4,0,502,0,277.81,51.05,0,travel,credit_card,0,0,1,1,0
TXN100254,31.91,13,0,1373,2,248.94,8.72,1,restaurant,debit_card,2,1,0,0,1
TXN100255,139.48,2,1,2487,1,444.38,6.6,0,other,debit_card,0,0,0,1,0
TXN100256,440.06,16,0,3087,3,159.84,11.82,0,restaurant,credit_card,0,0,1,1,0
TXN100257,175.52,19,0,2160,4,188.99,31.41,0,grocery,credit_card,1,0,0,1,0
TXN100258,129.52,2,0,3926,5,50.8,0.2,0,grocery,credit_card,0,0,0,0,0
TXN100259,17.24,11,0,3308,2,128.65,76.84,0,grocery,digital_wallet,0,0,1,1,0
TXN100260,144.0,15,0,3326,2,98.47,52.29,0,restaurant,credit_card,1,1,0,0,0
TXN100261,674.67,1,1,3290,5,126.92,0.49,0,electronics,credit_card,0,0,0,1,0
TXN100262,28.42,9,0,852,8,106.09,10.89,0,grocery,debit_card,0,0,0,0,0
TXN100263,107.18,6,1,2403,2,91.67,21.64,0,grocery,credit_card,0,0,0,1,0
TXN100264,338.41,0,0,2594,0,15.87,3.98,0,travel,debit_card,1,1,0,0,1
TXN100265,234.32,19,1,147,4,103.18,2.04,0,online_retail,debit_card,0,0,0,1,0
TXN100266,187.58,10,0,251,1,105.06,16.75,0,online_retail,digital_wallet,0,0,1,0,1
TXN100267,194.9,18,0,1397,3,149.85,51.33,0,electronics,digital_wallet,0,0,1,0,0
TXN100268,72.28,14,1,654,3,79.24,78.68,0,grocery,debit_card,0,1,0,0,1
TXN100269,57.13,21,0,2135,2,114.09,0.22,0,other,credit_card,0,0,0,1,0
TXN100270,232.57,23,0,2296,0,136.42,34.34,0,grocery,digital_wallet,0,0,0,0,0
TXN100271,264.04,14,0,3992,6,98.21,14.28,0,grocery,digital_wallet,1,1,0,1,1
TXN100272,304.12,8,0,599,3,107.22,6.94,0,electronics,credit_card,1,0,1,1,0
TXN100273,477.82,10,0,2305,3,195.87,15.16,0,electronics,debit_card,0,0,0,1,0
TXN100274,135.77,19,0,1346,1,105.77,159.71,0,electronics,credit_card,0,0,1,0,0
TXN100275,114.62,10,0,245,2,23.88,9.05,0,online_retail,credit_card,0,0,1,1,1
TXN100276,223.69,12,0,340,0,56.31,9.52,1,grocery,credit_card,1,0,0,0,1
TXN100277,142.16,4,0,1297,4,29.18,25.71,0,travel,debit_card,1,1,0,1,0
TXN100278,215.25,23,0,2795,6,83.08,0.83,0,travel,credit_card,0,0,0,1,0
TXN100279,251.08,15,0,3289,1,110.51,36.64,0,grocery,debit_card,1,1,0,1,0
TXN100280,356.03,7,0,2688,3,297.49,24.9,0,grocery,debit_card,0,0,0,1,0
TXN100281,54.24,14,0,280,3,71.73,32.73,0,restaurant,digital_wallet,0,1,0,0,0
TXN100282,84.54,9,1,3111,4,171.5,4.31,0,jewelry,debit_card,0,0,0,1,0
TXN100283,20.91,3,0,1642,7,126.27,35.7,0,restaurant,credit_card,0,0,0,0,0
TXN100284,117.73,20,0,163,5,186.68,10.36,1,restaurant,debit_card,0,0,0,1,0
TXN100285,9.91,21,0,1578,4,31.0,3.56,0,electronics,digital_wallet,2,0,0,1,1
TXN100286,102.17,20,1,941,2,15.04,41.47,0,online_retail,credit_card,1,0,1,1,1
TXN100287,123.11,8,1,829,3,10.32,24.84,0,grocery,credit_card,2,0,1,0,0
TXN100288,53.72,6,0,2802,6,61.77,4.4,0,online_retail,credit_card,1,0,1,1,0
TXN100289,137.32,1,0,1546,5,86.05,7.13,0,travel,credit_card,0,0,1,0,0
TXN100290,9.36,17,0,4089,8,86.3,6.5,1,grocery,credit_card,0,1,0,0,0
TXN100291,10.91,7,1,2403,1,185.08,70.86,0,travel,digital_wallet,0,0,0,1,0
TXN100292,315.46,21,0,3711,4,67.97,36.19,0,online_retail,digital_wallet,0,0,0,1,0
TXN100293,52.91,20,0,1452,1,252.25,10.22,0,gas_station,debit_card,0,0,0,1,0
TXN100294,24.67,3,1,306,1,393.6,15.78,0,online_retail,debit_card,2,1,1,0,1
TXN100295,118.28,22,0,547,4,41.36,4.8,0,online_retail,digital_wallet,1,0,1,0,0
TXN100296,233.6,3,0,3208,4,43.19,37.29,0,electronics,credit_card,0,0,1,0,0
TXN100297,39.66,11,1,592,2,174.12,3.1,0,gas_station,debit_card,0,0,1,1,0
TXN100298,122.53,11,0,2723,1,86.15,9.2,0,electronics,debit_card,1,0,0,0,0
TXN100299,19.12,22,0,1388,6,600.01,18.89,0,other,debit_card,0,0,0,1,0
TXN100300,15.95,15,0,2821,4,129.94,41.52,0,electronics,credit_card,1,0,0,0,0
TXN100301,98.74,21,0,77,1,200.86,19.45,1,other,debit_card,0,0,0,1,1
TXN100302,134.98,14,0,3167,3,273.93,46.99,0,grocery,credit_card,1,0,0,1,0
TXN100303,151.1,19,0,1580,10,184.18,58.7,0,gas_station,debit_card,1,0,0,0,0
TXN100304,197.78,20,0,2569,3,531.53,24.07,0,grocery,digital_wallet,1,0,0,0,0
TXN100305,496.64,20,1,1983,2,83.94,5.16,0,gas_station,debit_card,3,0,1,0,0
TXN100306,109.46,9,0,1377,3,284.17,19.07,0,electronics,credit_card,0,0,1,1,0
TXN100307,74.22,9,1,2362,6,146.4,3.39,0,online_retail,digital_wallet,1,0,0,0,0
TXN100308,260.44,23,1,1173,2,72.59,7.38,0,grocery,debit_card,2,0,1,1,0
TXN100309,64.48,18,0,716,2,148.36,30.96,0,travel,credit_card,1,0,1,0,0
TXN100310,105.62,22,0,3518,3,283.51,33.46,0,restaurant,debit_card,0,0,0,1,0
TXN100311,18.19,13,1,2585,2,201.18,12.85,0,grocery,credit_card,0,0,0,0,0
TXN100312,10.91,22,0,491,3,114.27,14.51,0,grocery,credit_card,0,0,0,1,0
TXN100313,525.05,17,0,1956,2,37.5,9.26,0,grocery,debit_card,0,0,0,1,0
TXN100314,305.02,17,0,751,1,147.6,13.09,0,restaurant,debit_card,1,0,0,1,0
TXN100315,177.18,4,1,536,0,77.31,18.47,0,grocery,credit_card,0,0,0,0,0
TXN100316,84.55,13,0,121,8,81.41,18.39,0,other,credit_card,0,0,0,1,0
TXN100317,30.86,17,0,2890,5,40.66,37.42,0,jewelry,digital_wallet,0,0,0,1,0
TXN100318,34.37,18,0,2594,1,215.9,87.71,1,electronics,credit_card,0,0,1,1,0
TXN100319,41.84,22,0,666,1,74.35,11.47,0,electronics,credit_card,1,1,0,1,0
TXN100320,136.78,7,0,1438,2,135.13,2.15,0,gas_station,debit_card,0,0,0,0,0
TXN100321,188.71,7,0,2186,4,146.85,22.0,1,electronics,credit_card,0,0,0,0,0
TXN100322,192.1,23,0,1548,2,425.22,14.52,0,restaurant,debit_card,1,0,0,1,0
TXN100323,59.38,23,0,1925,3,76.4,33.36,0,online_retail,debit_card,1,0,0,1,0
TXN100324,584.42,4,0,850,4,285.37,3.77,0,travel,debit_card,0,0,0,1,0
TXN100325,224.72,9,0,982,3,220.85,18.23,1,other,debit_card,0,0,0,0,0
TXN100326,104.53,22,0,1828,8,98.74,12.19,0,online_retail,debit_card,0,0,0,1,0
TXN100327,145.72,4,1,1453,3,48.83,12.28,0,online_retail,digital_wallet,1,1,0,1,0
TXN100328,75.25,18,0,2708,4,202.05,20.1,0,online_retail,debit_card,0,0,0,0,0
TXN100329,44.82,2,1,2532,1,122.84,19.88,0,grocery,credit_card,0,0,1,1,0
TXN100330,85.12,4,0,1506,4,293.94,43.6,0,gas_station,credit_card,0,0,0,0,0
TXN100331,235.04,18,0,1109,1,23.29,4.49,0,online_retail,credit_card,0,0,0,1,0
TXN100332,6.59,14,1,567,6,62.18,4.71,0,grocery,digital_wallet,0,0,0,0,0
TXN100333,20.82,13,0,2004,2,41.98,13.91,0,jewelry,credit_card,0,0,0,1,0
TXN100334,12.11,20,0,2975,4,277.73,9.89,1,online_retail,digital_wallet,0,0,1,1,0
TXN100335,9.71,7,0,628,4,322.52,16.76,0,electronics,debit_card,0,0,0,0,0
TXN100336,272.29,12,0,403,4,52.84,4.06,0,electronics,credit_card,0,0,0,1,1
TXN100337,194.59,14,1,286,1,190.06,7.42,0,restaurant,credit_card,0,0,0,0,1
TXN100338,116.5,17,0,1344,3,281.93,7.89,1,grocery,debit_card,1,0,0,1,0
TXN100339,21.99,7,1,2578,3,187.85,108.91,0,gas_station,digital_wallet,0,0,0,1,0
TXN100340,80.88,15,0,386,7,123.37,28.83,1,other,debit_card,0,1,0,0,1
TXN100341,104.99,10,0,3423,4,318.48,35.71,0,restaurant,credit_card,0,0,0,0,0
TXN100342,33.82,13,0,285,4,108.2,14.74,0,restaurant,debit_card,1,1,0,0,0
TXN100343,94.93,20,1,395,3,71.84,9.84,0,gas_station,digital_wallet,1,1,1,1,0
TXN100344,98.64,9,0,1396,6,50.44,1.13,0,electronics,credit_card,0,1,1,0,0
TXN100345,115.94,16,0,1632,4,142.3,4.12,1,restaurant,digital_wallet,1,0,1,1,0
TXN100346,145.52,22,0,585,3,15.44,45.21,1,grocery,debit_card,2,1,0,0,1
TXN100347,12.83,18,0,2547,8,506.77,14.95,0,online_retail,debit_card,0,0,0,0,0
TXN100348,62.37,23,0,2075,5,188.44,79.2,0,gas_station,credit_card,1,0,1,0,1
TXN100349,182.01,14,0,2605,2,419.75,16.09,0,grocery,credit_card,1,0,1,1,1
TXN100350,114.89,6,1,2410,3,73.84,8.83,0,jewelry,digital_wallet,0,0,0,1,0
TXN100351,327.87,23,0,896,3,164.85,6.76,0,travel,credit_card,0,0,0,1,0
TXN100352,155.24,15,0,2927,2,61.49,62.69,0,other,credit_card,0,0,0,0,0
TXN100353,34.93,5,1,2451,1,206.56,6.21,0,other,credit_card,1,0,1,1,0
TXN100354,18.17,7,0,3050,3,179.37,3.53,0,gas_station,credit_card,0,0,1,1,0
TXN100355,163.77,6,0,2671,4,182.0,6.39,0,gas_station,credit_card,0,0,0,1,0
TXN100356,9.29,20,1,1076,1,173.0,22.81,0,electronics,debit_card,0,0,0,0,0
TXN100357,141.72,2,1,3030,3,85.66,3.53,0,travel,credit_card,1,0,0,1,0
TXN100358,385.51,17,0,2494,5,221.97,1.68,0,electronics,debit_card,1,1,0,1,0
TXN100359,131.18,13,1,1097,1,52.28,14.51,1,travel,credit_card,2,0,0,0,1
TXN100360,77.27,1,0,955,4,569.5,1.4,0,online_retail,debit_card,0,0,0,0,0
TXN100361,167.14,14,1,2822,1,133.55,10.21,0,jewelry,debit_card,1,0,0,1,1
TXN100362,109.3,18,0,2712,7,103.71,7.46,0,restaurant,digital_wallet,0,0,0,0,0
TXN100363,108.61,17,0,4006,2,97.61,10.01,1,online_retail,debit_card,0,0,0,1,0
TXN100364,424.31,12,0,1141,0,351.08,11.2,1,grocery,digital_wallet,0,1,0,0,0
TXN100365,93.4,8,0,1536,3,49.73,4.44,0,other,debit_card,1,0,0,0,0
TXN100366,450.33,3,0,1286,4,197.75,15.54,0,online_retail,credit_card,0,0,1,1,0
TXN100367,324.94,0,0,2000,1,147.04,7.53,0,gas_station,credit_card,1,1,1,1,0
TXN100368,38.61,8,0,316,2,214.06,32.84,0,other,credit_card,0,0,0,1,0
TXN100369,17.46,15,1,2120,3,392.45,27.68,0,jewelry,debit_card,1,1,0,1,0
TXN100370,20.96,0,0,3959,1,190.37,39.06,0,restaurant,debit_card,1,0,0,0,0
TXN100371,9.1,23,1,2952,2,78.39,28.24,1,electronics,credit_card,0,1,1,1,0
TXN100372,22.03,14,1,2412,3,160.83,2.39,0,online_retail,digital_wallet,1,0,1,0,0
TXN100373,196.18,7,0,3121,0,85.21,13.86,0,online_retail,credit_card,0,0,1,0,1
TXN100374,17.19,23,0,2436,2,348.39,22.69,0,online_retail,debit_card,1,0,0,1,0
TXN100375,82.8,4,0,3199,4,247.15,37.71,0,electronics,digital_wallet,0,0,0,1,0
TXN100376,277.61,22,0,3221,6,26.67,4.0,0,travel,digital_wallet,2,0,0,1,0
TXN100377,6.71,6,0,3264,3,108.91,5.67,0,travel,digital_wallet,1,0,0,0,0
TXN100378,312.38,9,0,251,6,315.26,35.35,0,jewelry,debit_card,0,0,0,0,0
TXN100379,51.74,10,0,2463,2,101.62,11.75,0,restaurant,credit_card,0,0,1,0,0
TXN100380,24.17,23,1,1316,3,61.88,13.1,0,restaurant,credit_card,2,0,1,0,0
TXN100381,215.28,6,0,29,4,102.88,17.53,0,travel,digital_wallet,0,0,0,1,0
TXN100382,126.82,23,0,1348,4,125.51,4.27,0,grocery,debit_card,0,0,0,1,0
TXN100383,275.29,8,0,97,1,97.99,27.56,0,online_retail,credit_card,0,0,1,1,0
TXN100384,168.53,6,0,3063,2,140.19,36.47,0,online_retail,debit_card,2,0,0,0,0
TXN100385,226.41,15,0,310,1,236.03,39.85,0,other,credit_card,0,0,0,1,0
TXN100386,57.66,16,1,57,4,185.46,0.7,0,restaurant,credit_card,0,0,0,1,0
TXN100387,36.53,8,0,324,5,66.22,32.84,0,restaurant,credit_card,1,0,0,1,0
TXN100388,220.5,3,0,2336,2,61.46,2.39,0,electronics,credit_card,1,0,0,0,0
TXN100389,212.39,9,1,163,1,151.17,56.06,0,grocery,digital_wallet,0,0,0,1,1
TXN100390,533.22,12,1,1592,3,66.41,15.2,0,online_retail,credit_card,0,0,0,1,0
TXN100391,85.36,0,0,3414,0,54.9,31.33,1,gas_station,debit_card,0,0,0,1,0
TXN100392,70.67,1,0,2868,2,157.61,18.78,0,jewelry,credit_card,0,0,0,0,0
TXN100393,242.71,22,0,3495,3,264.82,44.12,0,restaurant,debit_card,4,0,0,0,0
TXN100394,73.44,0,0,620,9,451.96,55.12,0,online_retail,credit_card,0,0,0,1,0
TXN100395,412.3,9,0,2413,0,82.0,6.12,0,electronics,debit_card,0,0,0,1,0
TXN100396,326.71,18,0,1588,0,71.44,10.13,0,electronics,debit_card,3,0,0,1,0
TXN100397,91.53,7,0,2309,3,46.84,13.19,0,other,credit_card,0,0,0,1,0
TXN100398,227.49,11,0,2846,1,229.53,4.45,0,gas_station,debit_card,0,0,0,1,0
TXN100399,198.2,2,0,3401,0,123.11,42.21,0,electronics,credit_card,1,0,0,0,0
TXN100400,20.88,19,0,2045,4,70.3,8.73,0,restaurant,credit_card,1,0,1,0,0
TXN100401,362.73,15,0,1776,5,284.82,1.51,0,online_retail,credit_card,1,0,1,1,0
TXN100402,122.0,20,0,3152,4,180.62,3.55,0,grocery,credit_card,1,0,0,1,0
TXN100403,255.35,20,1,345,3,244.97,15.78,0,other,debit_card,1,0,1,1,0
TXN100404,66.92,8,0,1542,5,31.22,33.04,0,grocery,credit_card,1,1,0,1,0
TXN100405,333.03,0,0,1528,2,364.68,17.28,0,gas_station,credit_card,0,0,1,1,1
TXN100406,77.84,8,0,780,1,130.28,3.85,0,other,credit_card,1,0,0,1,0
TXN100407,7.32,3,0,2892,1,299.98,7.72,0,online_retail,digital_wallet,0,0,1,1,0
TXN100408,282.39,12,0,1186,0,171.45,76.85,0,other,credit_card,0,1,0,1,0
TXN100409,16.57,3,0,563,6,78.6,1.08,1,electronics,debit_card,0,0,1,0,0
TXN100410,52.48,22,1,2242,3,104.48,101.12,0,travel,debit_card,0,0,1,1,0
TXN100411,343.53,14,0,256,2,36.83,50.09,0,restaurant,debit_card,0,0,0,1,0
TXN100412,420.53,6,1,2286,2,177.52,24.13,0,gas_station,digital_wallet,0,1,0,0,0
TXN100413,145.3,22,0,1493,4,23.93,52.47,0,online_retail,credit_card,1,0,0,1,0
TXN100414,149.67,18,1,3576,4,295.7,2.95,0,online_retail,credit_card,0,0,0,0,0
TXN100415,96.51,10,0,2987,2,131.23,56.55,0,grocery,credit_card,0,0,0,1,0
TXN100416,65.02,3,0,3022,4,90.66,4.62,0,gas_station,credit_card,0,1,0,0,0
TXN100417,75.96,8,0,3091,3,37.17,22.9,0,gas_station,credit_card,0,0,1,0,0
TXN100418,171.03,14,0,2925,2,153.03,12.52,0,gas_station,debit_card,0,0,1,1,0
TXN100419,252.19,18,1,2174,3,72.82,15.14,0,gas_station,credit_card,0,0,0,1,0
TXN100420,242.9,6,0,620,3,151.06,6.76,0,electronics,credit_card,0,0,0,0,0
TXN100421,215.99,17,0,3673,2,149.58,39.04,0,grocery,credit_card,0,0,1,0,1
TXN100422,18.02,6,0,595,3,18.17,23.45,0,jewelry,credit_card,1,0,0,0,0
TXN100423,89.84,5,1,2129,4,71.92,78.36,0,other,credit_card,0,0,0,1,0
TXN100424,12.49,10,0,3769,5,243.05,13.77,0,restaurant,credit_card,1,0,0,1,0
TXN100425,119.38,3,1,2383,3,141.65,24.93,0,restaurant,digital_wallet,0,0,0,1,0
TXN100426,101.73,9,1,231,2,138.62,49.89,0,online_retail,digital_wallet,0,0,0,1,0
TXN100427,409.36,8,1,1357,3,87.07,40.37,0,restaurant,credit_card,0,0,0,1,0
TXN100428,59.16,6,0,541,2,371.77,20.24,0,electronics,debit_card,0,0,0,1,0
TXN100429,24.82,18,1,1867,6,32.03,43.68,0,grocery,debit_card,1,0,0,1,0
TXN100430,24.85,7,1,1329,3,87.99,14.28,1,grocery,debit_card,0,0,0,1,1
TXN100431,232.91,16,0,400,6,133.18,9.73,0,online_retail,digital_wallet,0,0,0,0,0
TXN100432,147.11,17,1,2634,4,31.82,45.42,0,grocery,digital_wallet,0,0,0,0,0
TXN100433,16.85,15,0,3467,1,24.28,28.23,0,jewelry,debit_card,0,0,0,0,0
TXN100434,20.32,6,1,1850,2,88.66,5.34,0,other,debit_card,0,0,0,1,0
TXN100435,173.05,19,1,2294,4,274.09,0.83,1,restaurant,credit_card,1,0,0,0,0
TXN100436,15.32,5,0,1678,4,294.74,22.77,0,restaurant,debit_card,1,0,0,0,1
TXN100437,232.0,6,0,258,4,258.81,29.57,0,online_retail,debit_card,0,1,1,1,1
TXN100438,174.5,20,1,683,6,67.2,5.86,0,online_retail,debit_card,1,0,0,1,0
TXN100439,18.66,8,0,3482,3,189.2,31.8,1,grocery,debit_card,0,0,0,1,0
TXN100440,17.89,16,0,1378,5,49.94,10.66,0,online_retail,credit_card,0,0,0,1,0
TXN100441,678.56,1,1,589,3,307.83,6.53,0,electronics,digital_wallet,1,0,0,1,0
TXN100442,78.67,14,0,3509,1,36.08,3.17,0,gas_station,credit_card,1,0,1,1,0
TXN100443,87.25,20,0,1563,5,164.22,59.82,1,online_retail,digital_wallet,1,0,0,1,0
TXN100444,246.01,17,0,3363,3,230.38,4.45,0,restaurant,credit_card,2,0,0,1,0
TXN100445,373.83,13,0,1868,5,63.25,4.51,0,restaurant,credit_card,1,0,0,0,0
TXN100446,733.49,20,0,885,4,138.25,8.63,0,restaurant,debit_card,1,0,0,0,0
TXN100447,206.6,7,0,1798,2,71.32,5.73,0,jewelry,credit_card,1,0,0,0,1
TXN100448,86.65,9,0,385,1,4.86,3.99,0,electronics,credit_card,0,1,0,1,1
TXN100449,18.93,1,0,1972,2,75.71,8.44,0,restaurant,debit_card,1,1,0,1,0
TXN100450,226.6,16,1,1050,4,198.46,12.2,0,grocery,credit_card,2,0,0,1,0
TXN100451,133.05,17,0,1453,2,50.58,16.2,0,restaurant,credit_card,1,0,0,1,1
TXN100452,110.96,18,0,3024,4,85.99,2.77,0,jewelry,credit_card,1,0,0,1,0
TXN100453,462.2,17,0,1217,5,149.72,26.06,0,gas_station,debit_card,0,0,1,1,0
TXN100454,22.87,3,0,3338,1,302.31,7.13,0,other,credit_card,0,0,0,1,0
TXN100455,108.85,15,0,387,2,51.74,40.7,0,online_retail,debit_card,0,0,0,1,1
TXN100456,7.64,18,1,1448,1,81.42,9.1,0,electronics,debit_card,0,0,0,0,0
TXN100457,90.21,4,0,1749,2,514.68,37.6,0,grocery,credit_card,0,0,0,0,1
TXN100458,14.25,11,1,3285,2,181.47,6.69,0,grocery,credit_card,1,0,0,1,0
TXN100459,23.9,21,1,2144,3,172.93,12.75,0,online_retail,credit_card,2,1,0,1,0
TXN100460,24.66,9,1,1686,3,226.01,9.49,1,travel,digital_wallet,2,0,1,1,1
TXN100461,146.71,18,0,2718,6,358.73,9.03,0,restaurant,digital_wallet,2,0,1,1,0
TXN100462,174.02,12,0,3615,6,291.12,20.72,1,jewelry,digital_wallet,0,0,0,1,1
TXN100463,106.31,15,0,2325,2,44.77,26.18,1,online_retail,credit_card,0,1,0,1,0
TXN100464,433.94,15,0,1859,4,16.96,62.99,0,travel,credit_card,1,0,0,0,0
TXN100465,71.43,15,0,1177,5,29.04,20.72,0,grocery,credit_card,0,0,0,0,0
TXN100466,53.55,18,0,348,3,208.18,3.64,0,gas_station,debit_card,1,0,1,1,0
TXN100467,390.41,21,0,445,3,50.84,85.55,0,other,digital_wallet,0,0,0,0,1
TXN100468,49.06,7,0,1818,2,44.22,21.95,0,grocery,debit_card,0,0,0,1,0
TXN100469,445.87,22,0,97,7,85.5,10.41,0,other,debit_card,1,0,0,0,0
TXN100470,7.12,15,1,750,2,322.49,58.3,0,restaurant,credit_card,0,0,0,0,0
TXN100471,505.09,14,0,3246,3,58.06,57.83,0,other,debit_card,0,0,0,0,0
TXN100472,11.23,7,0,287,3,101.42,1.33,0,gas_station,debit_card,0,0,1,1,0
TXN100473,345.25,10,1,590,3,119.85,0.36,0,other,debit_card,0,0,0,0,0
TXN100474,126.58,15,1,2420,2,143.06,0.82,0,online_retail,digital_wallet,0,0,1,1,0
TXN100475,718.66,8,0,2809,2,113.8,21.85,0,grocery,credit_card,0,0,0,1,1
TXN100476,18.75,6,0,800,2,210.57,20.05,0,grocery,credit_card,0,0,0,0,0
TXN100477,109.93,19,0,1941,6,71.87,30.73,0,online_retail,credit_card,0,0,0,1,0
TXN100478,527.94,9,0,2271,4,51.57,21.67,0,grocery,debit_card,0,0,0,0,0
TXN100479,158.53,15,0,1607,4,82.73,5.18,0,electronics,credit_card,1,0,0,1,0
TXN100480,158.07,0,0,2252,1,104.3,3.68,0,electronics,credit_card,0,0,0,0,0
TXN100481,217.92,1,1,3010,3,98.28,39.67,0,restaurant,credit_card,1,0,1,1,0
TXN100482,96.98,20,1,467,6,217.13,62.23,0,online_retail,credit_card,2,0,0,0,0
TXN100483,164.2,3,0,1705,2,122.03,7.42,0,travel,credit_card,0,0,0,1,0
TXN100484,135.74,19,0,3180,4,240.64,3.64,0,other,debit_card,2,0,0,1,0
TXN100485,345.0,21,1,1673,0,357.15,8.07,0,other,credit_card,0,0,0,0,0
TXN100486,10.91,11,0,2748,1,63.39,0.88,0,gas_station,digital_wallet,0,0,0,1,0
TXN100487,57.37,21,1,1910,0,232.44,3.26,0,other,digital_wallet,1,0,0,1,0
TXN100488,411.34,10,0,2623,1,278.92,9.39,0,gas_station,debit_card,0,0,0,1,0
TXN100489,364.42,22,1,262,3,371.82,6.99,0,other,credit_card,0,0,0,1,0
TXN100490,109.62,5,0,2330,4,41.39,31.71,0,grocery,digital_wallet,1,0,1,1,0
TXN100491,156.94,10,1,2553,2,239.93,56.06,0,other,debit_card,0,0,0,0,0
TXN100492,51.92,9,0,3075,4,389.63,49.47,1,electronics,debit_card,0,0,0,1,0
TXN100493,38.29,18,0,317,4,141.28,15.06,0,online_retail,debit_card,0,1,1,1,0
TXN100494,94.88,1,0,71,3,68.62,21.16,0,restaurant,credit_card,1,0,1,1,0
TXN100495,78.75,19,0,1072,4,361.78,13.78,0,online_retail,debit_card,0,0,0,1,0
TXN100496,109.52,0,0,187,4,376.85,2.55,0,online_retail,credit_card,0,0,0,0,0
TXN100497,16.46,7,0,1603,1,208.96,21.29,0,restaurant,digital_wallet,0,0,0,0,0
TXN100498,436.86,14,0,2621,2,150.2,9.95,0,online_retail,debit_card,1,0,0,0,0
TXN100499,541.22,3,1,2127,2,44.75,0.13,0,restaurant,credit_card,1,0,1,0,0
TXN100500,217.52,11,1,2427,4,268.94,18.74,0,grocery,credit_card,0,0,0,1,0
TXN100501,133.84,23,0,1512,7,155.63,3.16,0,online_retail,credit_card,2,0,0,1,0
TXN100502,55.55,19,0,2685,4,174.88,55.32,0,online_retail,credit_card,0,1,1,0,0
TXN100503,214.72,0,1,102,6,177.03,40.99,0,online_retail,digital_wallet,1,0,0,1,0
TXN100504,124.82,14,1,1068,3,555.12,3.44,0,grocery,credit_card,1,0,0,1,0
TXN100505,29.62,14,0,1103,3,46.09,0.67,0,restaurant,credit_card,0,0,0,0,0
TXN100506,491.69,1,0,3032,2,260.65,0.09,0,jewelry,debit_card,1,0,1,0,0
TXN100507,278.51,15,1,2097,3,102.65,38.81,0,travel,debit_card,0,1,0,1,0
TXN100508,424.29,12,1,2325,2,279.86,2.71,0,restaurant,debit_card,0,0,1,1,0
TXN100509,210.46,16,1,954,4,85.01,12.04,0,grocery,credit_card,1,1,0,0,1
TXN100510,122.35,7,0,2010,2,259.25,1.29,0,restaurant,credit_card,0,0,0,1,0
TXN100511,83.24,6,0,261,2,171.87,7.66,0,jewelry,credit_card,1,1,1,0,0
TXN100512,414.77,17,0,2168,4,102.73,33.03,0,jewelry,credit_card,0,1,0,1,1
TXN100513,303.41,17,0,225,1,94.1,7.95,0,grocery,credit_card,0,0,0,0,0
TXN100514,13.13,3,1,3807,3,76.58,33.43,0,other,debit_card,1,0,1,0,1
TXN100515,9.39,5,0,3077,3,101.99,19.92,0,online_retail,credit_card,1,1,0,1,0
TXN100516,82.18,14,0,2905,3,40.43,14.78,1,restaurant,credit_card,0,0,0,0,0
TXN100517,234.37,19,1,2720,3,296.01,26.35,0,jewelry,credit_card,0,0,1,0,0
TXN100518,734.68,4,1,1189,0,334.74,52.08,0,grocery,credit_card,1,0,0,1,0
TXN100519,35.81,5,0,1212,2,31.58,32.9,0,travel,digital_wallet,1,0,0,1,0
TXN100520,124.85,19,0,680,2,241.86,21.13,0,jewelry,debit_card,0,0,0,1,0
TXN100521,69.15,16,0,2630,2,178.74,25.82,0,travel,credit_card,0,1,0,0,0
TXN100522,622.8,21,0,3309,5,28.9,5.16,0,gas_station,debit_card,2,0,0,1,0
TXN100523,275.49,18,0,2948,2,125.65,68.77,0,electronics,debit_card,0,0,1,0,0
TXN100524,329.4,22,0,2842,2,158.44,4.55,0,online_retail,credit_card,0,0,1,1,0
TXN100525,94.7,4,0,1139,2,155.74,7.38,0,restaurant,debit_card,0,0,0,0,0
TXN100526,101.67,6,0,2163,3,75.83,13.07,0,gas_station,digital_wallet,0,0,1,1,0
TXN100527,53.75,5,0,804,3,43.87,3.05,0,grocery,credit_card,0,1,1,0,0
TXN100528,14.13,1,0,2190,4,73.14,15.36,0,other,digital_wallet,0,0,0,1,0
TXN100529,368.07,18,0,128,3,246.08,4.03,0,travel,credit_card,1,0,0,1,0
TXN100530,245.53,15,0,82,2,25.4,66.54,1,travel,digital_wallet,2,0,0,0,0
TXN100531,1099.42,2,0,749,7,110.47,45.11,0,grocery,debit_card,0,0,1,1,0
TXN100532,814.2,4,0,1388,6,170.67,12.94,0,grocery,debit_card,0,0,0,1,0
TXN100533,133.66,4,0,1250,4,93.79,17.67,0,electronics,credit_card,0,0,0,0,0
TXN100534,186.28,9,0,3865,2,214.51,2.98,1,grocery,debit_card,0,1,0,0,1
TXN100535,474.36,10,1,3197,3,157.7,37.94,0,travel,credit_card,0,0,1,1,0
TXN100536,271.11,6,0,2283,1,90.98,12.0,1,gas_station,debit_card,0,0,0,0,1
TXN100537,54.65,22,0,1010,2,74.86,5.39,0,gas_station,credit_card,0,0,1,0,0
TXN100538,71.14,5,1,2676,3,208.13,122.13,0,grocery,credit_card,0,0,0,1,0
TXN100539,23.42,13,0,1716,2,400.58,20.45,0,travel,credit_card,0,0,0,1,0
TXN100540,381.46,10,0,97,6,90.3,1.2,0,grocery,digital_wallet,1,0,1,0,1
TXN100541,131.11,9,0,1360,5,91.43,51.53,0,restaurant,debit_card,0,0,0,1,0
TXN100542,45.27,19,0,276,2,237.09,21.55,0,other,credit_card,0,0,0,0,0
TXN100543,168.41,23,0,1986,4,39.27,10.82,0,restaurant,credit_card,1,1,1,1,1
TXN100544,144.93,0,0,1822,4,715.61,2.78,0,jewelry,digital_wallet,2,0,0,1,0
TXN100545,70.16,11,0,921,2,222.75,15.1,0,other,credit_card,2,0,0,1,0
TXN100546,23.65,2,0,2677,4,132.39,28.36,0,grocery,credit_card,0,0,0,1,0
TXN100547,152.41,10,0,2300,1,197.19,1.56,0,grocery,digital_wallet,1,0,1,0,0
TXN100548,125.39,14,0,599,3,161.66,3.66,0,online_retail,credit_card,1,0,0,1,0
TXN100549,245.76,9,0,2277,6,78.29,21.04,0,online_retail,credit_card,0,0,1,1,0
TXN100550,120.6,7,1,3518,3,19.47,16.39,0,travel,credit_card,0,0,1,1,0
TXN100551,311.92,7,1,2077,2,152.03,46.52,1,electronics,debit_card,0,0,0,0,0
TXN100552,129.95,7,0,1894,6,96.35,26.59,0,grocery,debit_card,1,0,0,0,0
TXN100553,164.01,7,1,1707,5,73.18,72.16,0,jewelry,debit_card,1,0,1,1,0
TXN100554,315.59,8,0,1029,4,105.7,13.82,0,electronics,credit_card,0,1,0,1,0
TXN100555,79.52,16,0,3194,7,366.33,32.19,0,travel,debit_card,2,1,0,1,0
TXN100556,24.28,2,0,3092,7,39.12,0.89,0,gas_station,credit_card,1,0,0,1,0
TXN100557,8.29,0,0,2883,4,104.21,5.83,0,restaurant,debit_card,1,0,0,0,0
TXN100558,186.09,12,0,1578,4,111.16,24.13,0,gas_station,credit_card,0,0,0,0,0
TXN100559,135.06,16,0,239,2,96.07,28.03,0,other,digital_wallet,0,0,0,0,0
TXN100560,186.07,6,1,125,4,150.16,18.9,0,travel,debit_card,1,0,0,1,0
TXN100561,42.59,4,0,4317,3,87.84,10.28,0,electronics,credit_card,1,0,1,0,0
TXN100562,27.16,14,1,1672,3,81.1,7.01,1,electronics,debit_card,1,1,0,1,1
TXN100563,6.57,9,0,1994,3,347.36,4.5,0,grocery,credit_card,0,0,0,1,0
TXN100564,77.71,17,0,2585,0,68.62,41.07,0,grocery,debit_card,1,0,0,0,0
TXN100565,151.58,3,0,1737,7,72.01,3.34,0,gas_station,digital_wallet,1,0,0,1,0
TXN100566,78.19,2,0,1282,3,59.34,13.06,0,other,debit_card,0,0,0,0,0
TXN100567,84.42,13,0,3110,5,93.67,34.49,1,online_retail,digital_wallet,0,0,0,1,1
TXN100568,381.03,9,0,1012,0,255.29,4.33,0,online_retail,credit_card,1,0,0,0,0
TXN100569,70.8,17,0,3608,1,114.42,2.98,0,online_retail,debit_card,1,0,0,1,0
TXN100570,95.17,12,0,1598,2,101.12,20.78,1,grocery,debit_card,1,0,0,1,0
TXN100571,232.72,8,0,2346,1,166.69,6.62,1,grocery,credit_card,0,1,0,1,1
TXN100572,83.34,3,0,173,4,163.16,13.66,0,online_retail,credit_card,0,0,0,1,0
TXN100573,135.51,3,0,931,2,166.0,20.41,0,grocery,digital_wallet,1,1,0,0,0
TXN100574,309.44,18,0,1936,3,265.85,10.39,0,gas_station,debit_card,0,0,0,1,0
TXN100575,380.38,5,1,275,4,136.0,32.32,0,online_retail,debit_card,0,0,0,0,0
TXN100576,33.88,12,1,1686,2,140.56,58.0,0,grocery,debit_card,0,0,1,0,0
TXN100577,460.84,19,0,530,4,326.91,59.26,0,online_retail,debit_card,0,0,0,1,0
TXN100578,103.45,21,1,2663,5,91.99,15.22,0,online_retail,credit_card,0,0,0,0,0
TXN100579,52.03,6,0,1438,1,123.07,8.73,0,travel,debit_card,0,0,0,0,0
TXN100580,72.78,2,0,879,5,201.61,17.44,0,gas_station,credit_card,0,0,1,1,0
TXN100581,515.34,18,1,3350,2,91.61,9.37,1,electronics,credit_card,0,1,0,1,1
TXN100582,103.07,16,0,600,1,126.44,13.78,0,travel,digital_wallet,1,0,1,1,0
TXN100583,56.97,7,1,245,5,225.7,0.42,0,online_retail,digital_wallet,0,0,0,1,0
TXN100584,169.44,14,0,1938,6,183.78,1.22,1,gas_station,debit_card,0,0,0,0,0
TXN100585,58.7,4,0,4111,1,42.74,30.15,0,electronics,credit_card,0,0,0,1,0
TXN100586,14.61,16,1,1351,6,270.92,7.21,0,grocery,digital_wallet,0,0,0,1,0
TXN100587,23.24,17,0,28,3,601.27,29.16,0,grocery,credit_card,0,0,0,1,0
TXN100588,26.28,7,0,3177,0,5.74,9.05,0,jewelry,debit_card,0,0,0,0,0
TXN100589,36.05,11,0,159,1,66.93,37.8,0,other,digital_wallet,0,0,1,0,0
TXN100590,23.68,8,0,1638,4,150.01,17.35,0,jewelry,debit_card,0,0,0,1,0
TXN100591,163.42,0,0,1467,2,169.81,5.28,0,jewelry,debit_card,1,0,0,1,0
TXN100592,43.69,3,0,353,4,8.42,11.78,0,online_retail,digital_wallet,0,0,0,0,0
TXN100593,56.28,23,1,1638,3,57.34,24.94,0,online_retail,credit_card,0,0,0,1,0
TXN100594,296.4,10,1,1174,3,122.51,7.97,0,gas_station,credit_card,0,0,1,0,1
TXN100595,96.34,3,0,58,3,158.64,5.52,0,travel,digital_wallet,0,0,0,0,0
TXN100596,159.88,1,0,1615,4,170.79,19.29,0,other,credit_card,0,0,1,1,0
TXN100597,36.79,8,1,1700,3,53.64,6.36,1,online_retail,credit_card,0,0,1,1,0
TXN100598,38.12,23,0,3677,8,217.54,15.34,0,restaurant,credit_card,1,1,0,1,0
TXN100599,9.1,9,0,3512,3,94.83,7.49,0,restaurant,debit_card,0,0,0,0,0
TXN100600,34.85,23,1,1592,5,94.24,39.78,0,other,debit_card,2,0,0,0,1
TXN100601,50.37,11,1,2681,1,168.97,6.37,0,online_retail,digital_wallet,0,0,0,1,0
TXN100602,39.87,18,0,1911,3,69.2,52.07,0,grocery,debit_card,0,0,0,1,1
TXN100603,17.56,18,1,1551,2,79.18,8.17,0,online_retail,credit_card,0,0,1,1,0
TXN100604,22.49,0,0,3119,8,140.72,17.25,0,online_retail,credit_card,0,1,0,0,0
TXN100605,104.19,0,0,1972,8,75.02,3.0,0,electronics,credit_card,0,0,1,1,1
TXN100606,43.46,22,0,3384,5,113.3,27.97,0,travel,debit_card,0,0,0,1,0
TXN100607,76.98,22,0,359,3,97.13,5.09,0,online_retail,digital_wallet,0,0,0,1,0
TXN100608,89.86,3,0,1284,2,58.66,48.61,0,online_retail,credit_card,0,0,0,1,0
TXN100609,192.93,15,1,861,3,199.29,11.49,0,jewelry,debit_card,1,0,1,0,0
TXN100610,9.73,22,0,3103,4,33.96,1.65,0,gas_station,credit_card,1,0,0,1,1
TXN100611,253.01,22,0,682,3,132.68,6.95,0,restaurant,credit_card,0,0,0,0,0
TXN100612,129.22,7,1,364,3,182.06,35.75,0,travel,credit_card,1,0,0,1,0
TXN100613,18.77,19,1,1061,3,73.09,1.3,1,grocery,debit_card,0,0,0,0,0
TXN100614,286.14,15,0,1470,3,141.16,21.02,1,gas_station,debit_card,0,0,1,1,1
TXN100615,330.51,22,0,2155,3,185.96,16.29,0,electronics,debit_card,1,0,1,1,0
TXN100616,15.74,3,1,2747,3,34.48,6.78,0,restaurant,digital_wallet,0,0,0,0,0
TXN100617,55.21,14,0,3404,0,206.12,27.35,0,grocery,digital_wallet,0,0,1,1,0
TXN100618,233.3,0,0,3812,3,173.26,1.29,0,grocery,debit_card,0,0,0,0,0
TXN100619,252.21,8,0,2936,2,320.8,11.91,0,electronics,debit_card,2,0,0,1,0
TXN100620,33.77,0,0,1933,5,457.84,12.0,0,gas_station,debit_card,2,0,0,0,0
TXN100621,40.39,10,1,95,1,126.88,1.74,0,electronics,credit_card,0,0,0,1,0
TXN100622,76.86,19,0,625,2,276.05,3.68,0,electronics,credit_card,1,0,0,1,0
TXN100623,96.92,15,1,3318,2,62.57,14.08,0,jewelry,debit_card,1,0,0,1,0
TXN100624,158.14,7,1,2756,1,280.67,15.11,0,restaurant,credit_card,1,0,1,0,1
TXN100625,69.46,10,0,3237,3,22.4,0.96,0,restaurant,debit_card,1,0,0,1,0
TXN100626,93.4,8,0,1551,6,143.89,0.29,0,grocery,credit_card,0,0,0,0,0
TXN100627,248.99,17,0,2663,2,69.45,3.17,0,grocery,credit_card,0,0,0,0,0
TXN100628,9.36,6,0,373,4,101.9,13.99,0,online_retail,debit_card,0,0,0,1,0
TXN100629,36.41,2,0,3055,3,156.32,0.81,0,travel,debit_card,0,0,0,0,0
TXN100630,233.46,12,0,3005,3,30.52,33.36,0,grocery,debit_card,1,0,0,1,1
TXN100631,466.25,19,0,1063,6,53.8,4.24,0,restaurant,credit_card,0,0,1,0,1
TXN100632,107.18,11,1,1059,2,208.93,25.0,0,grocery,credit_card,0,0,0,0,0
TXN100633,94.27,4,0,1170,2,151.08,4.72,0,online_retail,debit_card,0,0,0,0,0
TXN100634,21.2,1,0,3919,4,303.01,7.68,0,grocery,credit_card,0,0,0,0,0
TXN100635,90.8,22,1,4164,3,460.57,12.37,0,grocery,credit_card,0,1,1,0,0
TXN100636,116.41,18,0,3394,2,46.82,9.53,0,online_retail,credit_card,0,0,1,1,0
TXN100637,40.82,3,1,2180,2,167.53,0.45,0,online_retail,credit_card,0,0,0,1,1
TXN100638,55.8,1,1,2815,8,199.04,49.54,0,gas_station,credit_card,2,1,0,1,0
TXN100639,80.99,3,0,1214,2,132.17,8.02,0,jewelry,credit_card,0,0,0,1,0
TXN100640,6.72,9,0,1243,5,33.67,3.84,0,online_retail,debit_card,0,0,0,1,0
TXN100641,68.85,19,0,735,2,111.05,2.99,0,electronics,credit_card,0,0,0,1,0
TXN100642,51.98,3,1,1125,4,146.21,75.04,0,online_retail,debit_card,0,0,0,1,0
TXN100643,65.86,19,1,1459,4,691.5,2.15,0,travel,credit_card,1,0,0,1,0
TXN100644,23.17,0,0,2923,0,116.26,11.32,0,online_retail,digital_wallet,0,0,0,1,0
TXN100645,331.12,17,1,1675,6,81.83,1.53,0,restaurant,digital_wallet,1,0,0,1,1
TXN100646,150.79,6,0,2783,2,145.29,27.26,1,online_retail,digital_wallet,2,0,1,1,1
TXN100647,142.58,23,1,2430,2,155.0,18.44,0,travel,credit_card,0,0,1,1,0
TXN100648,243.26,11,0,846,4,164.07,16.27,0,electronics,credit_card,0,0,1,1,0
TXN100649,103.54,6,1,472,5,85.69,44.51,1,grocery,digital_wallet,0,0,1,0,0
TXN100650,23.27,5,1,1230,4,133.5,20.02,0,electronics,credit_card,1,1,1,1,0
TXN100651,118.05,19,0,120,4,150.26,83.2,0,grocery,debit_card,1,0,1,0,0
TXN100652,168.08,9,0,3442,0,128.46,20.37,0,other,debit_card,0,1,0,1,0
TXN100653,184.15,8,0,1019,3,278.01,12.0,0,other,credit_card,1,0,0,0,0
TXN100654,96.31,17,0,1563,4,97.0,0.91,0,electronics,debit_card,1,0,0,1,0
TXN100655,26.47,12,0,795,3,152.03,25.56,0,grocery,credit_card,0,0,0,0,0
TXN100656,49.61,15,0,3564,6,58.19,6.93,0,electronics,debit_card,1,1,1,0,1
TXN100657,74.23,10,0,2287,2,80.14,18.57,0,gas_station,debit_card,0,0,0,0,0
TXN100658,185.9,1,0,2810,2,74.99,55.35,0,jewelry,debit_card,2,0,0,1,0
TXN100659,126.84,0,1,768,1,53.32,0.13,0,restaurant,digital_wallet,0,0,0,1,0
TXN100660,57.98,0,0,1359,6,53.07,28.94,0,restaurant,debit_card,0,0,0,0,0
TXN100661,649.56,13,0,2361,2,165.63,11.78,0,restaurant,digital_wallet,0,0,0,0,1
TXN100662,129.78,12,0,1998,0,148.02,3.14,0,grocery,digital_wallet,0,0,0,0,0
TXN100663,43.78,17,0,3548,3,28.42,16.29,0,grocery,debit_card,0,0,1,0,0
TXN100664,20.89,21,0,1522,3,16.6,13.01,0,jewelry,debit_card,0,0,0,1,0
TXN100665,24.35,4,0,634,4,163.07,40.93,1,gas_station,debit_card,0,0,0,0,1
TXN100666,39.0,22,1,115,1,76.67,12.89,0,online_retail,credit_card,1,0,1,1,0
TXN100667,33.13,22,0,775,4,153.46,25.25,0,other,credit_card,0,0,0,0,0
TXN100668,33.78,14,0,3387,4,4.76,21.91,0,gas_station,debit_card,0,0,0,1,0
TXN100669,40.68,12,0,963,0,70.46,14.0,0,electronics,digital_wallet,0,0,1,0,0
TXN100670,36.87,4,1,2564,1,291.67,13.03,0,grocery,digital_wallet,0,0,0,0,0
TXN100671,357.09,4,0,1685,4,141.7,4.47,0,restaurant,credit_card,2,0,0,0,0
TXN100672,16.11,0,1,49,1,185.44,19.83,1,travel,credit_card,0,0,1,0,0
TXN100673,99.48,15,1,399,2,170.99,16.8,0,online_retail,credit_card,0,0,0,1,0
TXN100674,93.14,10,0,1853,2,123.57,71.93,0,grocery,debit_card,1,0,0,1,0
TXN100675,636.95,4,1,1176,3,98.62,11.66,0,other,credit_card,0,0,1,1,1
TXN100676,30.37,3,1,3702,0,29.63,9.91,0,other,credit_card,1,0,0,0,0
TXN100677,85.28,1,0,1250,0,187.26,2.95,0,grocery,debit_card,0,0,0,0,0
TXN100678,553.52,15,0,781,3,113.44,17.14,0,restaurant,credit_card,0,0,0,1,0
TXN100679,299.87,16,0,2022,1,52.17,47.52,0,jewelry,digital_wallet,0,0,0,1,1
TXN100680,286.55,15,0,875,3,95.85,4.57,0,grocery,credit_card,1,0,1,1,1
TXN100681,53.61,2,0,3110,1,345.72,0.14,0,online_retail,credit_card,1,1,0,0,0
TXN100682,38.48,0,1,715,3,72.65,26.16,0,online_retail,debit_card,0,0,0,0,0
TXN100683,160.33,2,0,765,1,78.97,0.59,0,electronics,digital_wallet,0,0,0,0,0
TXN100684,382.07,18,0,1899,2,37.83,11.49,0,grocery,digital_wallet,1,0,0,0,1
TXN100685,119.95,17,1,2394,2,24.61,22.67,0,online_retail,credit_card,2,0,0,0,0
TXN100686,145.32,7,0,3593,3,39.64,10.61,0,online_retail,digital_wallet,0,0,0,1,1
TXN100687,64.96,1,0,2590,1,199.11,5.39,0,online_retail,debit_card,0,0,0,0,0
TXN100688,213.06,7,0,3321,5,190.02,40.46,0,grocery,debit_card,0,0,0,0,0
TXN100689,34.27,19,0,938,1,417.4,8.18,0,online_retail,debit_card,0,0,0,0,0
TXN100690,66.11,3,1,1863,3,79.24,3.99,0,restaurant,credit_card,1,0,0,1,0
TXN100691,85.56,19,0,1071,4,18.34,9.79,0,restaurant,credit_card,1,0,0,0,0
TXN100692,124.74,11,1,3499,4,21.46,3.02,0,gas_station,credit_card,2,0,0,0,1
TXN100693,35.6,3,0,3553,1,113.32,22.17,0,travel,credit_card,0,0,0,1,0
TXN100694,21.1,22,1,847,4,289.64,18.46,0,travel,credit_card,1,0,0,1,0
TXN100695,133.35,12,0,12,1,118.14,0.34,0,restaurant,debit_card,0,0,0,1,0
TXN100696,42.45,16,0,590,2,125.48,26.88,0,other,credit_card,1,0,0,0,0
TXN100697,120.77,2,0,176,3,92.72,4.69,0,travel,credit_card,0,0,0,0,0
TXN100698,27.01,8,0,2392,5,43.05,23.41,1,restaurant,credit_card,1,0,0,0,0
TXN100699,100.95,15,1,1911,4,192.66,33.64,0,electronics,credit_card,3,0,1,1,0
TXN100700,136.09,15,1,3765,5,221.84,5.31,0,restaurant,credit_card,1,0,0,1,1
TXN100701,12.6,1,1,403,1,72.1,4.05,0,travel,credit_card,2,0,0,1,0
TXN100702,58.82,14,0,1939,2,152.58,33.89,0,online_retail,debit_card,1,0,0,1,0
TXN100703,26.47,22,0,880,2,63.88,36.24,0,grocery,credit_card,0,0,0,1,0
TXN100704,16.81,18,1,3655,4,134.82,44.42,1,electronics,digital_wallet,0,0,0,0,0
TXN100705,618.35,4,1,625,1,11.93,9.77,0,electronics,credit_card,1,0,0,0,1
TXN100706,56.81,21,0,1283,3,120.71,12.96,0,gas_station,digital_wallet,0,0,0,1,0
TXN100707,271.62,16,1,3081,1,71.83,12.77,0,grocery,debit_card,1,0,0,1,0
TXN100708,47.79,1,0,2306,2,205.15,12.36,0,electronics,debit_card,0,1,0,1,0
TXN100709,190.89,3,0,457,3,204.04,20.76,0,restaurant,credit_card,0,0,1,1,0
TXN100710,218.85,22,1,1024,1,52.69,36.96,0,grocery,digital_wallet,0,0,0,0,0
TXN100711,153.19,5,1,722,7,196.85,3.63,0,grocery,credit_card,1,1,0,0,0
TXN100712,88.92,2,1,2607,9,98.13,14.28,0,online_retail,debit_card,0,0,0,1,0
TXN100713,84.49,10,0,1033,4,62.27,11.36,0,online_retail,credit_card,0,0,1,1,0
TXN100714,67.63,12,1,856,5,192.23,10.43,0,grocery,credit_card,2,0,1,0,0
TXN100715,348.18,13,0,2686,2,299.18,14.21,0,grocery,debit_card,0,0,0,1,0
TXN100716,224.92,15,0,2309,4,112.37,36.4,0,electronics,credit_card,0,1,0,1,0
TXN100717,551.55,23,0,490,4,117.98,37.66,0,other,credit_card,1,0,0,1,0
TXN100718,23.88,18,0,1859,3,105.03,3.66,0,online_retail,credit_card,0,0,0,0,0
TXN100719,178.57,0,0,3775,3,192.19,27.6,0,gas_station,credit_card,1,0,0,1,0
TXN100720,418.07,2,1,1029,1,57.31,10.49,0,gas_station,debit_card,0,0,0,0,0
TXN100721,40.06,0,0,451,4,47.63,9.78,0,other,credit_card,0,0,0,0,0
TXN100722,11.65,9,0,2419,3,93.17,2.57,0,other,digital_wallet,1,1,0,0,1
TXN100723,173.56,8,0,2562,3,221.88,1.51,0,grocery,debit_card,0,0,0,1,0
TXN100724,119.2,22,1,3314,4,214.84,69.12,0,grocery,debit_card,0,0,0,1,0
TXN100725,335.58,8,0,880,2,244.9,21.14,0,restaurant,credit_card,0,0,0,0,0
TXN100726,28.53,0,1,2328,3,274.55,11.45,1,electronics,debit_card,0,0,0,1,1
TXN100727,266.34,21,1,290,3,92.63,32.71,0,restaurant,credit_card,0,0,1,1,0
TXN100728,33.82,6,0,621,5,114.83,2.1,0,grocery,debit_card,0,0,0,1,0
TXN100729,27.81,21,1,3496,1,45.88,17.48,0,other,debit_card,2,0,0,1,0
TXN100730,33.68,18,0,3616,3,114.98,23.55,0,gas_station,debit_card,1,0,1,0,0
TXN100731,259.58,21,0,2890,5,116.15,11.17,0,online_retail,digital_wallet,2,0,0,0,0
TXN100732,180.64,19,0,1373,2,39.56,6.32,0,restaurant,credit_card,0,0,0,0,0
TXN100733,113.48,3,0,2831,2,425.21,67.32,0,restaurant,credit_card,1,0,0,1,0
TXN100734,74.1,15,0,2887,3,146.35,10.99,0,online_retail,credit_card,0,1,0,0,0
TXN100735,325.7,9,0,2381,4,124.39,2.51,0,restaurant,digital_wallet,0,0,1,1,0
TXN100736,87.55,15,1,1862,1,232.9,19.41,0,restaurant,credit_card,0,0,1,0,1
TXN100737,285.79,17,0,2306,2,229.94,15.2,1,online_retail,debit_card,2,1,1,0,0
TXN100738,75.53,12,1,2308,1,11.85,23.34,0,gas_station,debit_card,0,1,0,1,1
TXN100739,58.01,7,1,499,3,161.3,25.82,0,online_retail,credit_card,0,0,0,0,0
TXN100740,110.71,21,0,952,2,33.86,21.82,0,travel,credit_card,2,0,1,1,0
TXN100741,67.81,15,0,1384,2,312.66,5.31,0,restaurant,credit_card,0,1,0,1,0
TXN100742,187.14,21,0,1578,3,35.26,46.01,0,grocery,credit_card,0,0,0,1,0
TXN100743,87.83,5,1,1416,2,69.88,5.41,0,restaurant,digital_wallet,0,0,0,0,1
TXN100744,45.17,20,0,759,1,127.9,1.8,0,gas_station,credit_card,1,0,0,1,0
TXN100745,391.08,7,0,720,3,45.24,6.09,0,grocery,digital_wallet,2,0,0,1,1
TXN100746,96.34,11,1,2091,3,111.19,11.94,1,grocery,credit_card,1,0,0,1,0
TXN100747,130.48,20,0,1024,3,261.15,3.68,0,travel,debit_card,1,0,1,1,0
TXN100748,344.7,8,0,1402,1,17.96,10.37,0,online_retail,credit_card,1,0,0,0,0
TXN100749,136.39,6,0,1935,7,87.08,20.07,0,online_retail,credit_card,0,0,0,0,0
TXN100750,23.68,21,0,495,5,128.18,5.51,0,travel,credit_card,0,0,1,0,0
TXN100751,411.54,23,0,265,1,196.03,1.97,0,restaurant,credit_card,1,1,0,1,1
TXN100752,135.64,7,1,1399,6,187.64,4.61,0,gas_station,debit_card,0,0,0,1,0
TXN100753,84.61,7,1,2357,3,235.39,32.83,0,jewelry,debit_card,0,0,0,0,0
TXN100754,34.07,5,0,355,8,161.22,55.48,0,other,credit_card,2,0,0,1,0
TXN100755,277.35,0,0,1256,2,128.09,3.86,0,electronics,credit_card,0,0,0,0,0
TXN100756,134.46,13,1,1054,2,35.02,24.6,0,grocery,digital_wallet,1,1,0,1,0
TXN100757,132.26,6,0,975,2,27.99,56.86,0,travel,credit_card,1,0,0,0,1
TXN100758,368.74,20,0,1191,3,129.3,6.23,0,online_retail,credit_card,0,0,0,1,0
TXN100759,251.09,4,0,3027,3,167.53,27.58,0,restaurant,credit_card,0,1,0,0,0
TXN100760,34.47,15,0,380,2,210.27,50.89,0,restaurant,debit_card,1,0,1,0,0
TXN100761,65.87,12,1,1302,1,42.2,5.99,0,gas_station,credit_card,0,0,0,1,0
TXN100762,52.29,14,0,595,1,236.2,1.41,0,gas_station,credit_card,1,0,1,1,0
TXN100763,225.99,2,0,531,4,187.47,33.91,0,gas_station,digital_wallet,1,0,1,1,0
TXN100764,10.54,11,0,1629,7,85.83,7.37,0,travel,debit_card,0,1,0,1,0
TXN100765,106.21,15,0,2704,4,249.09,0.25,0,grocery,credit_card,0,0,0,1,0
TXN100766,222.83,8,1,2491,3,174.25,12.13,0,travel,credit_card,0,0,0,1,0
TXN100767,298.45,20,1,3278,4,467.61,2.58,0,other,digital_wallet,1,0,0,1,0
TXN100768,58.15,12,0,3027,3,194.6,49.83,0,travel,debit_card,1,0,0,0,0
TXN100769,322.14,8,0,2872,3,91.2,3.78,0,grocery,debit_card,0,0,0,0,0
TXN100770,27.8,0,1,2447,6,63.32,8.32,0,gas_station,credit_card,0,1,0,1,0
TXN100771,336.74,4,1,1425,5,366.24,30.31,1,grocery,digital_wallet,0,0,0,1,0
TXN100772,26.25,11,0,570,4,123.11,47.99,1,other,credit_card,0,0,0,1,0
TXN100773,95.19,9,1,3115,1,180.59,59.44,0,jewelry,credit_card,0,0,0,0,1
TXN100774,244.75,20,0,2920,3,127.13,13.01,0,other,digital_wallet,0,0,0,0,0
TXN100775,30.08,18,1,704,7,266.02,84.33,0,other,debit_card,1,0,0,0,0
TXN100776,38.64,3,0,3521,2,224.06,13.68,0,grocery,digital_wallet,0,0,1,1,0
TXN100777,206.78,14,1,3266,1,35.78,33.39,0,restaurant,debit_card,1,0,0,1,1
TXN100778,197.39,10,0,2595,3,297.6,7.55,1,other,credit_card,0,0,0,0,0
TXN100779,135.76,2,0,2827,5,430.94,49.19,0,grocery,credit_card,0,0,0,0,0
TXN100780,181.48,15,0,894,2,349.6,15.64,1,electronics,credit_card,0,0,0,0,0
TXN100781,121.2,12,0,1151,1,132.19,1.49,1,restaurant,digital_wallet,1,0,1,1,1
TXN100782,60.19,2,0,524,3,107.75,2.79,0,restaurant,debit_card,0,0,1,0,0
TXN100783,76.4,11,0,2973,2,338.73,43.09,0,other,debit_card,0,0,0,0,0
TXN100784,35.11,17,1,245,7,356.08,32.6,0,other,debit_card,0,0,1,1,0
TXN100785,374.65,7,1,2045,2,187.95,8.42,0,electronics,credit_card,0,1,0,1,0
TXN100786,137.07,8,1,2809,4,179.54,12.32,0,restaurant,credit_card,0,0,0,1,0
TXN100787,79.87,2,1,3215,7,141.33,38.48,0,travel,credit_card,0,1,1,1,0
TXN100788,86.05,4,0,3490,5,33.68,2.56,0,online_retail,digital_wallet,0,1,1,0,0
TXN100789,438.4,23,0,1364,6,172.34,3.14,0,other,credit_card,0,0,1,0,1
TXN100790,27.4,14,1,50,4,232.7,29.98,1,online_retail,debit_card,1,1,0,0,0
TXN100791,118.23,4,0,2292,5,154.46,2.16,1,restaurant,debit_card,1,0,1,0,0
TXN100792,117.76,11,0,470,1,7.9,9.79,0,online_retail,credit_card,2,1,0,0,0
TXN100793,153.86,4,0,3400,3,228.31,5.1,0,other,digital_wallet,1,1,1,0,0
TXN100794,6.25,10,1,547,0,244.07,26.85,0,online_retail,digital_wallet,0,1,0,1,1
TXN100795,308.92,3,0,1091,4,61.74,0.07,0,grocery,credit_card,1,0,0,1,1
TXN100796,460.34,14,0,807,6,63.2,2.59,0,other,debit_card,0,0,1,0,0
TXN100797,147.52,13,0,1452,2,45.7,2.16,0,online_retail,debit_card,0,0,0,1,0
TXN100798,208.02,15,0,2861,2,169.98,6.56,0,grocery,credit_card,0,0,0,0,0
TXN100799,390.44,10,1,1626,3,105.26,5.2,1,electronics,debit_card,0,0,0,0,0
TXN100800,171.01,6,1,2588,2,111.15,5.89,0,online_retail,digital_wallet,0,1,1,1,0
TXN100801,26.19,5,0,402,7,105.01,9.27,1,other,credit_card,0,0,1,0,0
TXN100802,139.46,5,0,2412,2,122.52,4.39,0,grocery,credit_card,0,0,0,0,0
TXN100803,151.73,10,0,900,5,131.58,2.14,0,gas_station,debit_card,1,0,1,0,0
TXN100804,102.44,10,0,190,2,94.16,21.7,0,travel,credit_card,0,0,0,1,0
TXN100805,233.95,16,1,232,2,63.45,68.36,0,grocery,digital_wallet,1,0,1,1,1
TXN100806,407.04,1,1,1404,2,185.94,20.58,0,restaurant,debit_card,1,1,0,1,1
TXN100807,339.94,6,0,1350,2,246.43,30.64,0,grocery,credit_card,1,0,0,0,0
TXN100808,91.33,20,0,2558,1,146.46,57.9,0,gas_station,digital_wallet,0,0,0,0,0
TXN100809,23.64,21,0,2963,3,442.3,3.49,1,restaurant,credit_card,0,0,1,1,0
TXN100810,618.21,22,0,731,4,39.23,14.93,0,other,credit_card,0,0,0,1,0
TXN100811,260.18,7,0,229,0,149.28,16.64,0,gas_station,digital_wallet,0,0,0,0,0
TXN100812,25.74,3,1,1142,2,237.75,9.28,0,restaurant,debit_card,2,0,1,1,0
TXN100813,362.83,4,0,205,3,97.44,20.95,0,online_retail,digital_wallet,0,1,0,1,1
TXN100814,288.34,3,0,2107,1,335.71,22.69,0,gas_station,digital_wallet,1,0,1,1,0
TXN100815,119.1,22,1,1541,2,164.71,37.27,0,online_retail,credit_card,0,0,0,0,0
TXN100816,132.65,21,1,622,4,194.3,41.92,0,online_retail,debit_card,1,0,0,0,0
TXN100817,83.79,19,0,3358,4,221.64,2.37,0,online_retail,debit_card,0,0,0,1,0
TXN100818,13.9,17,0,3742,2,164.46,3.72,0,electronics,credit_card,0,0,0,0,0
TXN100819,57.77,8,0,1506,3,88.03,5.72,1,grocery,credit_card,0,0,0,0,1
TXN100820,234.62,11,0,2139,2,445.43,6.39,0,online_retail,credit_card,1,0,0,0,0
TXN100821,6.77,20,0,3352,2,123.22,20.24,0,electronics,debit_card,0,0,0,1,0
TXN100822,57.29,19,0,3058,5,236.41,7.71,0,grocery,credit_card,0,0,1,1,0
TXN100823,62.96,12,0,2825,3,147.78,55.4,0,electronics,credit_card,0,0,0,1,0
TXN100824,96.48,20,1,2019,3,108.98,1.88,0,online_retail,digital_wallet,0,0,1,1,0
TXN100825,384.93,8,0,2828,2,96.85,5.39,0,online_retail,digital_wallet,0,0,0,1,0
TXN100826,69.04,9,0,3524,3,107.37,44.5,0,other,debit_card,0,0,1,0,0
TXN100827,67.95,20,0,612,4,276.15,20.14,0,online_retail,credit_card,0,0,0,1,0
TXN100828,237.88,9,0,569,1,110.37,12.33,1,restaurant,debit_card,0,0,1,1,0
TXN100829,69.14,18,0,2431,2,67.45,22.3,0,electronics,debit_card,0,1,0,1,0
TXN100830,45.26,10,0,638,5,31.51,4.88,0,gas_station,credit_card,0,0,0,0,0
TXN100831,114.99,7,0,4033,1,297.34,28.04,0,restaurant,credit_card,0,0,0,0,0
TXN100832,24.25,5,1,1898,1,439.03,12.38,0,gas_station,credit_card,0,0,0,1,0
TXN100833,32.59,14,1,2988,3,132.44,0.94,0,jewelry,credit_card,0,0,1,1,1
TXN100834,99.11,11,1,1084,3,243.05,3.97,0,travel,digital_wallet,0,0,1,1,1
TXN100835,77.63,8,1,2164,1,75.72,38.32,0,travel,debit_card,1,0,1,1,0
TXN100836,360.11,17,1,2284,2,150.79,11.79,0,other,digital_wallet,1,0,1,1,0
TXN100837,86.06,0,0,2583,2,49.01,31.9,0,travel,credit_card,0,0,0,0,0
TXN100838,168.73,2,0,1125,5,140.24,19.63,0,online_retail,debit_card,0,0,0,1,0
TXN100839,148.93,23,0,3292,5,589.55,7.8,1,travel,debit_card,0,0,1,0,0
TXN100840,8.77,15,1,3181,2,26.5,3.86,0,online_retail,credit_card,0,1,0,1,0
TXN100841,169.11,13,1,2962,4,98.22,37.03,0,grocery,credit_card,0,0,0,0,0
TXN100842,42.47,0,0,574,2,182.93,24.43,0,gas_station,credit_card,1,0,0,0,0
TXN100843,486.42,14,1,626,5,328.82,5.37,0,other,digital_wallet,1,0,0,0,0
TXN100844,29.6,10,0,3361,6,381.49,15.89,1,electronics,digital_wallet,0,0,0,1,1
TXN100845,89.16,14,0,1680,4,141.9,18.04,0,travel,debit_card,0,0,0,1,0
TXN100846,26.92,0,0,1079,4,121.76,0.04,0,grocery,digital_wallet,0,0,0,0,0
TXN100847,963.8,13,0,3125,2,84.19,22.11,0,online_retail,debit_card,0,0,0,0,0
TXN100848,100.71,13,0,284,2,174.97,21.77,0,grocery,debit_card,1,0,1,0,0
TXN100849,158.07,6,0,1687,5,293.56,1.54,0,electronics,debit_card,1,0,0,1,0
TXN100850,14.76,1,0,3329,1,277.66,32.07,1,electronics,debit_card,0,1,0,0,1
TXN100851,200.77,23,0,2647,1,29.25,33.8,0,jewelry,digital_wallet,0,1,0,0,1
TXN100852,44.99,17,1,1558,1,52.97,7.77,0,electronics,credit_card,0,1,1,1,1
TXN100853,348.8,14,0,7,3,115.98,3.69,0,grocery,credit_card,0,0,1,1,0
TXN100854,40.78,18,0,1241,2,51.54,24.82,0,other,credit_card,0,0,0,1,1
TXN100855,36.8,16,1,235,4,204.99,3.14,0,electronics,credit_card,0,0,0,0,0
TXN100856,11.03,3,0,2324,1,20.23,43.14,0,gas_station,debit_card,2,0,0,1,0
TXN100857,106.09,10,0,1388,1,42.02,13.07,0,travel,debit_card,0,1,0,0,0
TXN100858,102.89,21,0,2631,2,219.26,33.05,0,other,debit_card,0,0,1,1,1
TXN100859,16.47,6,0,1859,4,262.21,22.54,0,online_retail,credit_card,1,0,1,1,0
TXN100860,203.63,23,0,1941,3,27.73,5.69,0,restaurant,digital_wallet,0,0,1,1,1
TXN100861,80.39,1,0,1890,3,249.72,12.43,0,grocery,credit_card,0,0,0,0,0
TXN100862,115.66,7,0,2204,0,63.98,16.11,1,electronics,debit_card,0,0,1,0,0
TXN100863,93.11,8,0,3017,4,362.31,42.93,1,jewelry,credit_card,0,0,0,1,0
TXN100864,75.28,14,1,1032,3,265.97,55.16,0,grocery,digital_wallet,0,1,1,1,0
TXN100865,141.44,4,0,3190,2,109.59,19.47,0,grocery,credit_card,0,0,0,0,0
TXN100866,25.8,5,1,2240,1,177.61,5.5,0,grocery,credit_card,1,0,0,1,0
TXN100867,33.45,15,0,897,3,103.91,15.95,0,grocery,credit_card,0,0,0,1,0
TXN100868,281.38,6,0,3380,5,243.63,2.92,0,online_retail,credit_card,0,0,0,1,0
TXN100869,440.67,21,0,1141,3,34.49,4.21,0,other,debit_card,1,0,0,0,0
TXN100870,77.66,20,0,2205,5,151.64,7.2,0,grocery,credit_card,1,0,0,1,0
TXN100871,46.4,7,0,2498,5,50.76,1.68,0,gas_station,debit_card,0,0,0,0,0
TXN100872,174.44,13,0,2392,3,300.78,34.66,0,grocery,credit_card,0,0,0,1,0
TXN100873,84.46,7,1,1179,0,195.5,2.19,0,other,debit_card,0,0,1,0,0
TXN100874,7.06,8,0,1506,3,20.23,21.26,0,restaurant,credit_card,1,0,0,0,0
TXN100875,24.09,16,0,1171,4,86.79,13.56,0,gas_station,credit_card,0,0,0,0,0
TXN100876,193.51,7,0,2980,3,202.34,40.39,0,grocery,debit_card,0,0,0,1,0
TXN100877,162.0,3,1,3848,2,21.01,25.48,0,jewelry,credit_card,1,0,0,0,1
TXN100878,9.01,6,1,2195,1,63.23,28.81,0,grocery,credit_card,0,0,0,0,0
TXN100879,42.51,22,0,655,3,218.05,16.24,0,travel,credit_card,0,0,0,1,0
TXN100880,45.63,6,0,28,0,36.27,30.23,1,online_retail,debit_card,0,0,0,1,0
TXN100881,192.89,8,1,3397,4,44.13,1.77,0,grocery,digital_wallet,0,0,0,0,0
TXN100882,6.99,15,1,1855,0,83.53,13.28,0,jewelry,debit_card,0,0,0,0,0
TXN100883,18.67,2,0,4093,3,74.04,124.82,0,online_retail,credit_card,0,0,0,1,0
TXN100884,216.06,6,0,3643,4,145.03,63.76,0,travel,credit_card,0,0,0,0,0
TXN100885,35.72,4,1,2587,2,335.75,2.38,0,electronics,credit_card,2,0,0,1,0
TXN100886,190.02,22,1,3130,4,159.23,18.02,0,grocery,credit_card,0,1,1,0,0
TXN100887,43.5,22,1,797,3,138.85,5.32,0,online_retail,credit_card,0,0,1,0,0
TXN100888,15.34,18,0,1634,10,173.85,26.53,0,other,credit_card,0,1,0,0,1
TXN100889,38.14,5,0,1766,5,90.41,24.02,0,gas_station,credit_card,0,0,0,1,0
TXN100890,178.4,14,0,394,2,250.87,0.0,0,online_retail,credit_card,1,0,0,1,0
TXN100891,276.26,15,0,1908,2,124.08,44.48,0,electronics,credit_card,0,0,0,0,0
TXN100892,258.03,20,1,251,3,233.72,3.8,0,gas_station,credit_card,0,0,0,0,0
TXN100893,81.3,3,0,1704,3,58.46,86.16,1,other,credit_card,0,0,0,1,0
TXN100894,164.17,17,1,3534,1,73.38,55.86,0,electronics,digital_wallet,2,0,0,1,0
TXN100895,44.7,4,0,1489,4,199.83,3.99,0,jewelry,digital_wallet,0,0,0,1,0
TXN100896,52.6,13,0,4369,10,78.12,19.95,0,grocery,debit_card,0,0,0,1,0
TXN100897,311.08,21,0,4288,1,161.89,9.03,1,gas_station,digital_wallet,0,0,0,1,0
TXN100898,7.37,1,0,2974,7,185.36,1.52,0,grocery,debit_card,0,0,1,1,0
TXN100899,15.31,3,1,142,7,52.19,44.89,0,gas_station,credit_card,0,0,0,0,0
TXN100900,41.87,19,0,532,3,104.81,4.86,0,online_retail,credit_card,0,1,0,0,1
TXN100901,9.14,0,1,3095,8,59.08,10.76,1,grocery,credit_card,0,0,0,1,0
TXN100902,34.42,16,0,1902,4,95.97,57.97,0,grocery,credit_card,1,0,1,0,0
TXN100903,164.82,12,0,1401,3,120.44,1.6,0,gas_station,credit_card,1,0,0,1,0
TXN100904,80.81,8,0,1657,3,226.87,13.89,1,electronics,credit_card,1,0,0,1,0
TXN100905,435.08,20,1,1725,2,353.65,14.68,0,online_retail,credit_card,0,0,1,1,0
TXN100906,253.16,20,1,529,4,220.57,32.74,0,online_retail,debit_card,1,0,0,1,0
TXN100907,58.12,7,1,2507,2,134.93,31.3,0,restaurant,debit_card,2,0,1,0,0
TXN100908,50.47,0,0,240,2,416.81,8.39,0,grocery,credit_card,0,0,0,1,0
TXN100909,67.35,3,0,1808,2,69.61,27.84,0,grocery,debit_card,0,0,0,1,0
TXN100910,126.87,2,0,3412,3,260.15,44.0,0,restaurant,credit_card,0,0,1,0,0
TXN100911,54.34,23,0,563,6,36.83,35.04,0,grocery,credit_card,0,0,0,1,0
TXN100912,162.24,14,0,1854,5,126.34,14.12,0,online_retail,debit_card,1,0,1,1,0
TXN100913,77.96,16,1,975,3,125.0,21.45,0,gas_station,digital_wallet,0,0,0,1,0
TXN100914,141.24,5,0,1184,4,82.37,22.42,0,online_retail,debit_card,0,0,0,0,0
TXN100915,104.49,20,0,1062,5,106.28,28.23,0,restaurant,credit_card,1,1,0,0,0
TXN100916,68.1,17,1,1167,1,137.56,15.45,0,online_retail,credit_card,0,0,0,0,0
TXN100917,479.29,18,1,3629,5,53.18,2.86,0,grocery,credit_card,0,0,0,1,0
TXN100918,260.68,11,0,1882,2,163.72,14.49,1,jewelry,debit_card,0,0,0,0,0
TXN100919,22.06,16,0,3276,1,38.5,33.02,0,grocery,credit_card,0,0,0,0,0
TXN100920,297.7,13,0,1649,3,88.27,16.31,1,online_retail,debit_card,0,1,0,1,1
TXN100921,94.85,9,0,2784,2,59.66,32.69,0,online_retail,debit_card,1,0,0,0,0
TXN100922,347.36,14,1,1368,2,85.85,14.51,0,online_retail,digital_wallet,1,0,0,1,0
TXN100923,229.99,7,1,3672,4,44.19,3.11,0,grocery,debit_card,2,0,0,1,0
TXN100924,86.32,22,1,1569,3,147.32,2.58,0,grocery,debit_card,0,0,1,1,0
TXN100925,10.54,17,0,3241,3,465.88,18.55,0,restaurant,credit_card,2,0,0,1,0
TXN100926,50.89,17,1,1704,1,102.46,5.72,0,grocery,credit_card,0,0,1,1,0
TXN100927,128.22,17,0,2145,2,140.18,67.2,0,gas_station,credit_card,1,0,1,1,1
TXN100928,151.27,10,1,708,1,130.13,4.44,1,gas_station,credit_card,0,0,0,1,0
TXN100929,50.19,22,0,1669,2,48.04,18.28,1,grocery,debit_card,0,0,1,1,0
TXN100930,27.53,4,0,966,3,295.86,0.03,0,restaurant,debit_card,0,0,0,1,0
TXN100931,290.42,13,1,721,2,419.87,4.31,0,online_retail,debit_card,2,0,0,0,0
TXN100932,723.51,1,1,2666,0,189.71,6.17,0,jewelry,debit_card,1,0,0,0,0
TXN100933,142.43,7,0,818,3,173.02,27.61,0,other,debit_card,0,0,0,0,0
TXN100934,34.51,13,0,675,2,289.25,9.83,0,grocery,debit_card,1,0,0,1,0
TXN100935,56.54,11,1,1119,3,332.87,0.26,0,restaurant,credit_card,0,0,0,1,0
TXN100936,6.78,22,0,1461,5,70.78,11.59,0,gas_station,digital_wallet,1,0,0,0,0
TXN100937,369.61,14,0,565,1,229.64,19.9,0,gas_station,debit_card,0,0,0,1,0
TXN100938,26.63,9,0,2291,1,384.88,20.47,0,restaurant,digital_wallet,0,0,0,1,0
TXN100939,148.55,10,0,517,2,51.27,1.23,0,grocery,debit_card,1,0,0,0,0
TXN100940,54.4,14,0,2900,6,87.26,57.23,0,online_retail,credit_card,0,0,0,0,0
TXN100941,140.34,18,1,702,2,301.87,4.2,0,travel,credit_card,1,1,1,1,0
TXN100942,172.97,6,0,3,10,72.19,37.74,0,grocery,credit_card,0,0,1,0,0
TXN100943,312.49,14,0,1055,0,110.97,4.47,0,travel,credit_card,0,0,0,0,0
TXN100944,41.08,13,0,1703,6,93.3,14.37,0,grocery,digital_wallet,2,1,0,1,1
TXN100945,6.38,0,0,129,3,86.27,13.57,0,online_retail,debit_card,1,0,0,0,0
TXN100946,28.19,21,0,2875,3,66.63,19.52,1,online_retail,debit_card,0,0,0,1,1
TXN100947,246.52,13,1,2242,6,262.14,11.28,0,restaurant,credit_card,0,0,0,1,0
TXN100948,330.43,5,0,1807,4,498.51,0.04,0,travel,debit_card,0,0,1,1,0
TXN100949,91.32,15,1,500,1,159.33,10.61,0,grocery,credit_card,1,0,0,0,0
TXN100950,115.99,16,0,3520,6,293.65,0.2,0,grocery,credit_card,1,0,0,1,0
TXN100951,178.48,21,0,700,4,34.66,26.81,0,restaurant,debit_card,1,0,0,0,0
TXN100952,35.92,0,0,1331,5,254.62,49.27,0,online_retail,credit_card,2,1,0,1,0
TXN100953,325.07,9,0,1478,0,99.95,12.09,0,gas_station,credit_card,0,0,0,1,0
TXN100954,79.31,4,0,1726,2,82.29,15.37,0,online_retail,debit_card,2,0,0,0,0
TXN100955,91.32,13,0,3205,5,217.26,1.7,0,grocery,digital_wallet,0,0,0,1,0
TXN100956,108.28,12,0,530,7,218.04,8.86,0,grocery,credit_card,0,0,0,1,0
TXN100957,15.99,11,0,699,1,206.61,4.68,0,grocery,digital_wallet,0,0,0,1,0
TXN100958,32.27,23,1,1192,6,66.04,1.4,1,online_retail,digital_wallet,0,0,0,1,0
TXN100959,216.26,12,0,2400,3,355.96,4.65,0,electronics,debit_card,1,0,0,1,0
TXN100960,21.81,9,0,3181,2,85.17,38.35,0,grocery,credit_card,0,0,0,0,0
TXN100961,145.91,1,0,2198,4,181.08,88.16,0,grocery,credit_card,0,0,1,1,0
TXN100962,41.88,6,1,2791,1,91.51,46.61,0,online_retail,debit_card,1,0,1,0,0
TXN100963,77.94,21,0,884,3,135.07,59.15,1,gas_station,debit_card,0,0,0,0,0
TXN100964,55.86,10,0,361,2,53.84,22.09,0,jewelry,debit_card,0,0,0,0,0
TXN100965,60.22,21,0,2060,4,130.55,3.35,0,online_retail,digital_wallet,1,0,0,0,1
TXN100966,189.52,12,0,1847,1,77.07,20.21,0,travel,credit_card,0,1,1,1,0
TXN100967,52.96,13,0,348,1,13.32,18.92,0,restaurant,credit_card,0,0,0,1,0
TXN100968,145.64,10,0,2004,3,186.2,13.5,0,online_retail,debit_card,0,0,0,0,0
TXN100969,102.37,13,0,2901,1,94.97,20.48,0,online_retail,digital_wallet,0,0,0,0,0
TXN100970,162.83,1,0,2311,3,150.68,14.14,0,online_retail,digital_wallet,2,0,0,0,0
TXN100971,413.98,1,1,2004,3,304.4,15.77,0,other,credit_card,0,0,0,0,0
TXN100972,208.34,11,1,1748,2,223.53,5.61,1,gas_station,digital_wallet,0,0,1,1,0
TXN100973,44.47,14,0,2880,2,491.35,17.19,0,gas_station,debit_card,0,0,0,0,0
TXN100974,8.65,13,0,1961,6,388.77,1.07,0,jewelry,credit_card,0,0,0,0,0
TXN100975,44.68,10,0,407,4,149.43,5.25,0,restaurant,credit_card,1,0,0,1,0
TXN100976,160.54,7,0,795,4,116.27,46.23,0,electronics,credit_card,0,0,0,1,0
TXN100977,12.3,17,0,361,1,117.26,9.82,1,gas_station,debit_card,1,0,0,0,0
TXN100978,91.02,14,0,2435,5,90.98,26.79,0,restaurant,debit_card,1,0,1,1,0
TXN100979,148.99,1,0,1325,2,271.72,30.67,0,online_retail,credit_card,0,0,1,1,0
TXN100980,69.79,10,0,3367,2,157.02,6.06,0,restaurant,credit_card,0,1,1,1,0
TXN100981,188.12,17,0,3659,2,129.76,40.32,0,travel,digital_wallet,0,0,0,1,0
TXN100982,22.52,18,0,809,4,109.04,1.94,0,online_retail,credit_card,1,0,0,1,0
TXN100983,18.26,6,0,2623,3,110.01,41.35,0,online_retail,credit_card,1,0,0,0,0
TXN100984,209.61,22,0,2341,2,264.32,24.07,0,electronics,debit_card,0,0,1,0,0
TXN100985,116.11,15,1,3654,2,105.68,45.34,0,grocery,credit_card,0,0,1,1,0
TXN100986,152.01,10,0,403,4,163.86,46.31,0,grocery,credit_card,1,0,0,0,0
TXN100987,94.26,15,0,3630,8,151.92,7.72,0,grocery,credit_card,0,0,0,0,0
TXN100988,45.74,20,0,684,4,141.15,49.55,0,gas_station,credit_card,0,0,0,0,0
TXN100989,246.75,5,0,565,3,56.32,13.76,0,electronics,credit_card,2,0,0,1,1
TXN100990,273.07,3,0,574,0,80.87,3.7,0,online_retail,credit_card,1,0,0,0,0
TXN100991,218.51,10,0,2290,1,53.34,29.38,0,electronics,debit_card,0,0,1,1,0
TXN100992,65.3,2,1,895,1,171.31,43.33,0,online_retail,debit_card,2,0,0,1,1
TXN100993,162.55,20,0,3052,5,112.71,1.65,0,other,credit_card,0,0,1,0,0
TXN100994,71.23,23,1,793,4,21.97,91.23,0,grocery,debit_card,0,0,0,1,0
TXN100995,20.25,14,0,1234,1,152.66,18.34,0,online_retail,digital_wallet,2,1,0,1,0
TXN100996,415.42,23,1,2957,4,470.0,0.45,0,electronics,debit_card,2,0,0,0,1
TXN100997,27.47,1,0,2537,5,174.13,14.41,1,grocery,credit_card,0,1,1,1,0
TXN100998,462.27,15,1,1595,5,68.44,24.31,0,grocery,credit_card,0,0,0,0,0
TXN100999,103.31,10,0,2134,2,53.6,14.8,0,travel,debit_card,0,0,1,1,0
TXN101000,35.46,6,1,3683,1,192.74,34.29,0,restaurant,debit_card,0,0,1,1,0
TXN101001,111.87,7,0,2841,3,210.02,44.98,0,online_retail,debit_card,0,0,1,1,0
TXN101002,299.21,13,0,2637,2,288.57,47.97,0,online_retail,credit_card,2,1,0,1,0
TXN101003,218.66,15,1,1970,6,54.62,3.34,0,jewelry,credit_card,0,0,0,0,0
TXN101004,251.51,3,0,1606,0,146.27,10.74,0,grocery,debit_card,0,1,0,1,0
TXN101005,173.22,14,0,1321,0,32.05,2.45,0,gas_station,digital_wallet,0,0,0,0,0
TXN101006,197.0,22,1,2765,2,34.28,15.87,0,restaurant,credit_card,0,1,0,0,0
TXN101007,276.07,0,0,1834,4,134.61,66.52,0,restaurant,credit_card,1,0,1,0,0
TXN101008,52.66,21,0,1966,6,244.16,4.48,0,restaurant,credit_card,0,0,0,0,0
TXN101009,110.75,14,1,84,3,114.97,11.4,1,restaurant,debit_card,1,0,1,1,0
TXN101010,36.65,8,1,3902,7,95.44,59.94,0,restaurant,credit_card,0,0,0,1,0
TXN101011,789.86,17,0,1505,1,49.82,33.76,0,grocery,debit_card,1,0,0,1,1
TXN101012,412.0,14,1,697,4,160.76,1.41,0,grocery,debit_card,0,0,0,0,0
TXN101013,9.04,18,0,1916,13,70.53,10.51,0,restaurant,credit_card,0,0,1,0,1
TXN101014,166.2,1,1,676,3,222.09,114.42,0,grocery,debit_card,0,0,1,0,0
TXN101015,348.6,1,0,1110,4,63.45,9.9,0,restaurant,debit_card,0,0,0,1,0
TXN101016,35.09,15,0,268,4,128.04,14.61,0,grocery,digital_wallet,2,0,0,0,0
TXN101017,126.65,7,0,3278,6,177.18,20.65,0,electronics,debit_card,0,0,0,0,0
TXN101018,360.75,5,1,1348,2,189.47,23.38,0,grocery,credit_card,0,0,0,1,0
TXN101019,10.97,10,0,1796,3,55.88,18.43,0,online_retail,debit_card,0,0,0,1,0
TXN101020,191.98,17,1,1430,3,45.04,2.53,1,electronics,debit_card,0,0,0,1,0
TXN101021,60.17,4,0,2680,2,256.21,34.17,0,other,credit_card,1,0,0,1,0
TXN101022,412.12,23,0,2190,3,78.1,54.43,0,travel,credit_card,1,0,1,1,0
TXN101023,577.53,10,0,1036,4,159.72,55.67,0,gas_station,credit_card,1,0,0,0,1
TXN101024,340.17,3,1,2904,3,112.35,15.45,0,electronics,credit_card,0,0,1,1,1
TXN101025,97.09,1,0,99,1,49.16,19.25,0,grocery,credit_card,1,0,1,1,0
TXN101026,232.57,20,0,777,7,109.24,7.91,0,electronics,digital_wallet,1,1,0,0,0
TXN101027,285.44,2,0,1874,3,165.98,1.72,0,travel,credit_card,0,0,0,0,0
TXN101028,62.62,10,1,2708,2,15.96,66.82,1,restaurant,credit_card,0,1,0,1,0
TXN101029,305.91,16,1,1715,3,66.78,3.17,0,gas_station,digital_wallet,2,0,0,1,0
TXN101030,12.29,12,0,510,2,108.87,7.84,0,restaurant,debit_card,0,0,1,1,0
TXN101031,144.52,6,0,2614,4,207.29,36.5,0,grocery,debit_card,0,0,0,1,0
TXN101032,41.63,2,0,2948,3,276.7,27.25,0,grocery,credit_card,0,0,0,1,0
TXN101033,25.72,17,1,2064,3,57.59,27.23,0,online_retail,credit_card,0,0,0,1,0
TXN101034,15.97,11,0,3405,3,332.18,27.34,0,online_retail,debit_card,0,0,0,1,0
TXN101035,183.72,1,0,2045,1,732.8,17.83,0,online_retail,digital_wallet,1,1,0,0,0
TXN101036,75.75,4,1,2517,3,225.72,3.35,1,restaurant,credit_card,0,0,1,1,1
TXN101037,185.67,13,0,2208,0,197.07,127.77,0,other,debit_card,2,0,1,1,0
TXN101038,16.68,4,0,2720,1,38.34,45.51,0,grocery,credit_card,0,0,0,1,0
TXN101039,67.04,9,1,2116,1,75.79,10.5,0,other,debit_card,0,0,0,1,0
TXN101040,108.18,2,1,1101,3,60.85,16.55,0,electronics,debit_card,0,0,0,0,0
TXN101041,269.31,19,1,1560,2,57.19,10.95,0,travel,debit_card,2,0,0,0,0
TXN101042,68.04,15,0,1460,3,177.03,23.55,0,gas_station,credit_card,0,0,1,0,0
TXN101043,154.36,18,0,826,4,113.9,29.48,0,electronics,debit_card,0,0,1,0,0
TXN101044,301.79,1,0,764,3,70.47,7.55,0,online_retail,debit_card,1,1,1,1,1
TXN101045,133.96,9,1,3088,3,133.49,13.71,0,travel,credit_card,0,0,1,0,0
TXN101046,41.98,6,0,660,4,251.86,19.7,0,gas_station,credit_card,0,0,0,1,0
TXN101047,9.3,14,0,1703,6,279.15,96.01,0,grocery,digital_wallet,0,1,0,1,0
TXN101048,277.44,19,1,3399,2,403.74,10.14,0,other,debit_card,1,0,1,0,0
TXN101049,8.66,5,0,2709,4,170.85,23.03,1,gas_station,debit_card,0,0,1,1,0
TXN101050,272.74,18,1,2885,2,48.59,12.23,0,grocery,debit_card,1,0,1,0,0
TXN101051,115.06,13,0,1909,3,272.11,1.69,0,travel,credit_card,1,0,0,1,0
TXN101052,430.33,19,0,3102,1,73.66,34.58,0,grocery,credit_card,1,0,0,0,0
TXN101053,329.23,1,0,1054,4,197.94,20.98,1,online_retail,credit_card,0,0,1,1,0
TXN101054,790.3,23,0,2750,3,581.54,14.31,0,other,debit_card,0,0,0,0,0
TXN101055,83.26,10,0,1980,1,394.35,17.78,0,grocery,debit_card,0,0,0,0,0
TXN101056,227.69,6,1,706,1,358.79,49.79,0,electronics,debit_card,0,0,1,1,0
TXN101057,86.26,4,0,2452,1,94.51,22.4,0,jewelry,debit_card,0,0,0,0,0
TXN101058,104.52,23,1,3153,0,260.56,30.09,0,restaurant,credit_card,0,0,0,0,0
TXN101059,161.52,21,1,1276,2,170.85,8.44,0,travel,debit_card,0,0,0,0,0
TXN101060,309.58,3,0,1247,2,417.23,44.49,1,online_retail,debit_card,0,1,0,1,0
TXN101061,745.41,10,0,1329,2,97.28,7.92,0,electronics,credit_card,0,0,0,1,0
TXN101062,212.37,17,1,49,3,117.85,0.5,0,travel,credit_card,1,0,0,0,0
TXN101063,98.66,14,0,3277,3,92.01,1.02,0,gas_station,debit_card,0,0,0,1,0
TXN101064,80.58,4,0,564,7,350.65,25.78,0,travel,digital_wallet,0,0,0,1,1
TXN101065,204.19,8,0,1646,2,163.93,8.08,0,online_retail,debit_card,1,0,0,1,0
TXN101066,40.38,8,1,2649,4,172.53,7.14,1,grocery,credit_card,1,0,1,1,0
TXN101067,23.83,6,0,2118,4,125.05,21.39,0,travel,digital_wallet,0,0,0,1,0
TXN101068,84.08,23,0,401,2,196.69,21.59,0,online_retail,credit_card,1,0,1,0,0
TXN101069,55.27,4,0,1119,4,490.98,13.16,0,electronics,debit_card,1,0,0,1,0
TXN101070,56.36,16,0,1858,11,57.08,30.25,1,restaurant,debit_card,0,0,1,1,0
TXN101071,39.29,21,0,469,1,173.81,62.53,0,gas_station,credit_card,0,0,0,0,0
TXN101072,11.14,19,0,2139,3,26.04,37.53,0,electronics,debit_card,0,1,1,0,0
TXN101073,6.37,19,0,3082,2,261.5,7.77,0,restaurant,credit_card,0,0,0,0,0
TXN101074,596.0,3,0,332,1,161.51,66.78,0,electronics,credit_card,0,0,0,0,0
TXN101075,91.18,3,0,2768,1,133.88,7.64,0,restaurant,credit_card,0,0,0,1,0
TXN101076,91.1,18,1,1153,2,355.5,16.63,0,travel,debit_card,2,1,0,1,0
TXN101077,246.21,17,0,1417,5,539.05,40.71,0,electronics,digital_wallet,0,0,0,0,0
TXN101078,39.08,17,0,1131,2,264.14,16.81,0,gas_station,digital_wallet,0,0,0,1,0
TXN101079,539.62,10,0,1779,2,177.08,33.35,0,restaurant,debit_card,1,0,1,0,0
TXN101080,243.53,12,1,1803,3,189.07,44.31,1,grocery,credit_card,0,0,0,1,0
TXN101081,18.71,0,0,1967,3,41.7,54.98,0,jewelry,debit_card,0,1,0,0,0
TXN101082,90.67,6,1,3598,1,13.21,7.03,1,grocery,credit_card,2,0,1,0,1
TXN101083,324.34,12,1,3647,5,389.28,101.6,1,online_retail,debit_card,0,0,0,1,0
TXN101084,445.19,3,0,2659,4,159.39,4.19,0,restaurant,credit_card,1,0,0,0,1
TXN101085,94.74,3,0,2020,4,163.35,11.71,0,electronics,credit_card,1,1,1,0,0
TXN101086,124.77,1,1,906,8,148.04,32.41,0,other,digital_wallet,0,0,0,1,1
TXN101087,26.93,5,0,3533,4,276.6,61.67,0,online_retail,digital_wallet,1,0,0,0,0
TXN101088,772.68,23,1,2754,7,45.8,0.9,0,restaurant,debit_card,0,0,0,0,0
TXN101089,43.08,16,1,3397,3,74.31,57.53,0,restaurant,debit_card,1,0,1,0,0
TXN101090,404.04,22,0,2315,3,516.66,114.17,0,grocery,debit_card,0,0,0,0,0
TXN101091,162.49,6,0,3334,3,150.87,49.7,0,gas_station,digital_wallet,0,0,1,0,0
TXN101092,159.92,14,0,3732,3,134.23,1.9,0,grocery,credit_card,0,0,1,1,0
TXN101093,115.3,21,0,3271,3,137.82,36.06,0,electronics,digital_wallet,0,0,1,0,0
TXN101094,40.98,8,0,1258,3,409.11,19.19,0,grocery,digital_wallet,0,0,0,0,0
TXN101095,39.54,15,0,2497,4,92.08,0.19,0,grocery,debit_card,1,0,0,0,0
TXN101096,51.2,16,0,3853,1,123.71,111.65,0,gas_station,debit_card,0,0,1,1,0
TXN101097,38.15,19,0,1651,3,261.04,3.38,0,other,credit_card,0,0,0,1,0
TXN101098,260.57,23,0,3363,8,75.18,11.07,0,online_retail,digital_wallet,0,0,1,1,0
TXN101099,80.84,14,0,1206,0,89.66,0.55,0,jewelry,debit_card,0,0,0,1,1
TXN101100,15.96,13,0,565,1,94.14,7.71,0,online_retail,credit_card,1,1,0,0,0
TXN101101,566.83,20,1,666,1,77.59,15.99,0,online_retail,debit_card,0,0,1,0,1
TXN101102,352.26,16,0,549,2,288.21,53.72,0,jewelry,digital_wallet,0,1,1,0,0
TXN101103,424.83,8,1,3090,4,46.16,104.35,1,grocery,credit_card,1,1,0,1,1
TXN101104,698.68,15,0,3144,1,498.03,10.06,0,grocery,digital_wallet,0,0,0,1,0
TXN101105,36.61,13,1,3162,0,260.15,10.41,1,grocery,credit_card,0,0,1,0,0
TXN101106,68.57,5,0,2338,2,244.45,3.21,0,restaurant,credit_card,0,0,0,0,0
TXN101107,198.15,12,1,744,6,282.59,12.6,0,other,credit_card,0,0,0,1,0
TXN101108,214.71,14,0,3957,3,132.18,58.08,0,jewelry,debit_card,1,0,0,1,0
TXN101109,33.26,21,1,853,4,107.2,3.39,0,gas_station,credit_card,1,1,0,1,0
TXN101110,309.36,13,0,3195,4,172.61,8.12,0,restaurant,debit_card,0,0,1,1,0
TXN101111,41.75,3,0,3118,2,149.96,71.9,0,gas_station,credit_card,0,0,0,1,0
TXN101112,37.46,23,0,2043,2,41.18,17.78,0,electronics,digital_wallet,0,0,0,0,0
TXN101113,117.07,13,0,2320,2,140.31,8.46,0,online_retail,credit_card,0,0,0,0,0
TXN101114,141.54,6,0,4177,3,193.77,40.39,0,online_retail,credit_card,1,0,1,0,1
TXN101115,136.45,18,1,614,5,232.9,2.2,0,grocery,credit_card,0,0,1,0,0
TXN101116,22.22,9,1,2227,1,229.77,32.68,0,jewelry,debit_card,0,0,0,1,0
TXN101117,306.33,8,0,2096,4,90.12,19.96,0,grocery,credit_card,0,0,1,1,0
TXN101118,53.52,20,1,1078,0,452.65,32.01,0,restaurant,debit_card,1,0,0,1,0
TXN101119,22.92,20,0,3676,6,122.28,15.47,0,grocery,credit_card,3,0,0,0,0
TXN101120,352.96,12,0,1608,5,89.37,7.34,0,online_retail,credit_card,2,1,1,0,1
TXN101121,472.53,8,0,3444,4,587.15,23.53,0,gas_station,credit_card,2,0,0,1,0
TXN101122,276.21,20,0,2409,5,177.35,3.33,0,online_retail,debit_card,1,0,0,0,0
TXN101123,246.65,4,0,2885,1,104.35,4.38,0,grocery,credit_card,0,0,0,0,0
TXN101124,161.14,17,0,2276,2,64.76,14.59,0,online_retail,credit_card,0,1,0,0,1
TXN101125,121.07,14,0,642,3,36.87,12.29,0,restaurant,debit_card,0,1,0,1,0
TXN101126,23.07,20,0,874,4,118.01,30.92,0,restaurant,credit_card,0,0,1,0,0
TXN101127,82.77,10,0,2265,4,108.92,16.94,0,restaurant,credit_card,1,0,1,0,0
TXN101128,72.79,19,0,2932,1,50.84,13.19,0,grocery,debit_card,0,0,0,1,0
TXN101129,38.97,0,0,471,2,77.15,7.69,0,other,digital_wallet,0,0,0,1,0
TXN101130,177.67,18,0,3073,4,373.95,58.4,0,online_retail,credit_card,0,1,0,0,0
TXN101131,104.39,1,0,1532,2,84.37,0.85,0,grocery,credit_card,2,0,0,1,1
TXN101132,16.28,15,0,2548,2,134.75,33.27,0,grocery,credit_card,0,0,1,1,0
TXN101133,49.93,4,0,556,3,385.67,11.39,0,electronics,credit_card,1,0,1,1,0
TXN101134,173.97,23,0,2141,7,114.09,9.56,0,electronics,digital_wallet,0,0,0,1,0
TXN101135,19.7,18,0,1803,5,269.94,20.43,0,restaurant,debit_card,1,0,0,0,0
TXN101136,292.94,2,1,1152,0,325.6,37.89,0,restaurant,credit_card,0,0,0,1,0
TXN101137,108.0,21,0,1373,1,247.86,22.62,0,grocery,credit_card,0,0,0,1,0
TXN101138,102.17,6,1,1280,3,204.07,17.34,0,other,debit_card,1,0,0,0,0
TXN101139,139.68,13,1,1192,3,43.93,14.49,0,gas_station,digital_wallet,0,0,0,0,0
TXN101140,327.14,2,1,2316,4,43.65,11.51,0,online_retail,digital_wallet,3,0,0,1,0
TXN101141,52.32,2,1,731,3,375.08,11.21,0,electronics,digital_wallet,0,1,1,1,1
TXN101142,137.63,5,1,2256,4,440.89,3.09,0,online_retail,credit_card,0,0,0,0,0
TXN101143,121.9,12,0,256,6,44.68,16.55,0,electronics,credit_card,1,0,1,1,0
TXN101144,51.69,13,1,444,5,232.8,7.59,0,grocery,credit_card,1,0,1,0,0
TXN101145,349.08,20,0,1344,1,86.16,26.34,0,travel,credit_card,2,0,0,1,0
TXN101146,258.78,3,0,11,4,131.62,17.23,0,grocery,credit_card,0,0,0,0,0
TXN101147,158.65,17,0,2794,3,205.22,82.19,0,travel,credit_card,0,0,0,1,0
TXN101148,327.89,0,0,2609,4,61.54,10.55,0,restaurant,debit_card,1,0,0,1,0
TXN101149,348.46,6,0,1596,3,309.61,25.15,0,jewelry,debit_card,0,0,0,1,0
TXN101150,194.08,4,1,2808,2,112.39,16.77,0,other,credit_card,1,0,0,1,0
TXN101151,311.04,2,0,869,4,329.86,20.85,0,gas_station,digital_wallet,0,0,1,1,0
TXN101152,190.47,14,0,3207,4,223.21,9.14,0,restaurant,credit_card,0,0,0,1,0
TXN101153,164.51,21,0,1392,3,260.67,5.18,0,electronics,credit_card,2,0,1,0,1
TXN101154,162.66,16,0,2380,5,163.28,10.97,0,electronics,credit_card,1,0,0,1,0
TXN101155,217.45,20,0,641,3,52.14,33.29,1,restaurant,debit_card,0,0,0,1,1
TXN101156,30.9,14,0,1473,3,24.04,17.74,0,restaurant,credit_card,0,0,0,1,0
TXN101157,386.8,1,0,1545,4,102.19,11.32,0,restaurant,credit_card,1,0,1,0,1
TXN101158,233.38,8,0,1133,7,63.93,5.05,0,electronics,credit_card,0,0,0,1,0
TXN101159,7.97,19,0,2862,3,49.15,28.67,0,online_retail,credit_card,0,0,0,1,0
TXN101160,231.68,1,0,1914,3,261.89,36.05,0,online_retail,credit_card,0,0,0,1,0
TXN101161,24.59,2,0,786,1,175.51,5.94,0,jewelry,credit_card,1,0,1,0,0
TXN101162,64.23,20,0,2498,0,116.93,22.9,0,gas_station,credit_card,1,0,0,0,0
TXN101163,174.5,1,0,2936,4,117.11,3.7,0,travel,debit_card,1,0,0,0,0
TXN101164,27.8,23,0,1918,3,163.81,43.59,0,travel,debit_card,2,0,1,1,0
TXN101165,234.97,18,0,1954,1,326.83,23.84,0,electronics,credit_card,3,0,1,1,0
TXN101166,366.22,15,0,2899,5,8.04,4.25,0,electronics,credit_card,1,0,1,0,0
TXN101167,138.08,12,0,743,2,188.53,0.92,0,grocery,credit_card,0,0,1,1,0
TXN101168,5.67,2,0,3221,4,19.48,22.23,0,grocery,debit_card,0,0,1,1,0
TXN101169,53.37,9,0,446,0,124.14,17.13,0,restaurant,debit_card,0,0,1,1,0
TXN101170,129.75,19,0,2912,4,174.48,20.36,0,other,credit_card,0,0,0,1,0
TXN101171,477.98,21,1,1296,4,401.99,15.85,0,restaurant,credit_card,0,0,0,0,0
TXN101172,152.71,10,0,1315,5,199.02,22.11,0,online_retail,digital_wallet,0,1,0,1,0
TXN101173,44.47,20,1,1965,3,68.77,43.77,0,travel,credit_card,0,0,0,0,0
TXN101174,154.19,18,0,1469,2,238.28,63.33,0,travel,credit_card,0,0,0,0,0
TXN101175,100.25,1,0,573,4,234.94,8.39,0,grocery,credit_card,1,0,0,1,0
TXN101176,211.74,14,0,2005,1,216.84,14.4,0,electronics,credit_card,1,0,1,0,0
TXN101177,22.37,14,1,2299,1,79.27,9.2,0,restaurant,digital_wallet,1,0,0,1,0
TXN101178,229.58,13,0,3077,4,160.85,10.16,0,restaurant,credit_card,0,0,0,1,0
TXN101179,128.15,18,0,2794,1,99.78,29.76,0,electronics,credit_card,0,0,0,1,0
TXN101180,426.29,21,1,528,3,106.94,10.23,0,online_retail,credit_card,0,0,0,0,0
TXN101181,75.07,13,1,3048,0,133.26,10.66,0,restaurant,debit_card,0,1,1,0,1
TXN101182,140.99,7,0,1787,3,125.88,25.91,0,gas_station,digital_wallet,0,0,1,0,1
TXN101183,440.52,23,0,500,1,58.51,0.03,0,grocery,debit_card,0,0,0,0,0
TXN101184,21.19,23,0,506,2,324.22,44.81,0,restaurant,digital_wallet,0,0,1,1,0
TXN101185,356.26,16,0,3998,3,148.75,3.64,0,gas_station,debit_card,0,0,0,1,0
TXN101186,172.97,15,0,3439,2,216.43,6.64,1,jewelry,debit_card,0,0,0,1,0
TXN101187,16.24,2,1,3324,1,326.29,13.13,0,travel,credit_card,0,0,0,0,0
TXN101188,63.19,9,0,1186,2,9.9,45.12,0,online_retail,credit_card,0,0,0,0,0
TXN101189,186.56,4,0,1979,1,78.39,31.99,0,other,debit_card,2,0,0,1,1
TXN101190,18.58,12,0,1769,6,347.61,16.8,0,online_retail,digital_wallet,0,0,0,0,0
TXN101191,153.36,19,0,678,1,78.79,11.07,0,gas_station,debit_card,1,0,0,0,0
TXN101192,66.59,5,0,2858,1,140.37,12.56,0,online_retail,debit_card,1,0,0,1,0
TXN101193,164.68,23,0,1564,0,10.56,17.7,0,gas_station,credit_card,0,0,0,0,1
TXN101194,15.16,3,0,3498,2,112.01,58.4,0,other,digital_wallet,0,0,1,1,0
TXN101195,395.79,2,1,1435,1,95.26,85.83,0,online_retail,debit_card,0,0,1,1,0
TXN101196,474.24,23,0,312,4,57.19,30.89,0,grocery,debit_card,0,0,0,0,0
TXN101197,470.19,2,0,1807,1,158.97,16.89,0,grocery,credit_card,0,0,0,0,0
TXN101198,254.24,17,0,1641,4,149.51,10.31,0,jewelry,digital_wallet,0,0,0,1,0
TXN101199,22.81,18,1,2574,3,72.5,5.56,0,electronics,credit_card,0,0,0,1,0
TXN101200,186.0,7,1,1577,4,211.66,15.7,0,jewelry,debit_card,0,0,0,1,0
TXN101201,8.24,1,0,884,0,141.94,5.49,1,grocery,credit_card,0,0,0,0,1
TXN101202,8.79,7,0,2562,4,272.04,1.53,0,other,credit_card,0,1,1,1,0
TXN101203,62.87,1,0,113,1,42.55,12.58,0,gas_station,credit_card,1,0,1,1,0
TXN101204,97.67,16,1,3302,4,142.41,19.78,0,jewelry,credit_card,0,0,0,0,0
TXN101205,208.18,21,1,2681,2,91.6,21.53,0,electronics,debit_card,1,0,0,1,0
TXN101206,162.93,23,1,773,2,165.79,1.6,0,jewelry,digital_wallet,1,0,1,0,1
TXN101207,84.19,19,0,1980,3,68.57,13.97,0,online_retail,digital_wallet,1,0,0,1,0
TXN101208,69.63,18,0,2892,6,129.92,27.22,1,grocery,credit_card,0,0,0,1,0
TXN101209,914.81,21,0,3821,2,104.69,79.85,0,other,credit_card,0,0,0,1,1
TXN101210,98.24,18,0,1451,2,252.13,0.54,0,grocery,debit_card,0,0,0,1,0
TXN101211,89.63,15,0,1097,4,376.33,33.19,1,electronics,credit_card,1,0,0,0,1
TXN101212,31.1,23,0,3320,5,168.98,1.15,0,online_retail,digital_wallet,0,0,0,1,0
TXN101213,222.66,7,0,569,2,88.76,2.8,0,online_retail,debit_card,1,0,0,1,0
TXN101214,132.74,9,1,953,1,14.27,3.8,0,other,debit_card,2,0,0,0,1
TXN101215,35.95,21,1,3083,4,243.71,7.46,0,electronics,debit_card,0,0,0,1,0
TXN101216,14.4,7,0,847,3,81.97,22.84,0,grocery,debit_card,1,0,0,0,0
TXN101217,134.47,7,0,57,5,50.63,34.49,0,other,credit_card,0,0,0,1,0
TXN101218,142.45,3,0,2462,0,175.31,10.0,0,electronics,digital_wallet,1,0,0,0,0
TXN101219,61.99,6,0,1991,2,75.23,11.17,0,grocery,digital_wallet,0,0,0,0,0
TXN101220,454.54,14,0,1809,1,56.09,4.25,0,other,credit_card,0,0,1,1,1
TXN101221,34.51,21,1,1520,2,238.2,11.42,0,online_retail,digital_wallet,0,0,0,0,0
TXN101222,94.48,3,0,2681,4,188.58,6.57,0,grocery,credit_card,3,0,0,0,0
TXN101223,479.3,16,0,1371,1,62.87,4.37,0,gas_station,debit_card,1,0,0,0,0
TXN101224,77.76,18,0,120,3,114.98,3.07,0,other,credit_card,0,0,1,0,0
TXN101225,167.86,21,0,2711,6,118.6,34.98,0,jewelry,credit_card,0,0,0,1,0
TXN101226,88.42,18,0,732,2,24.86,2.05,1,grocery,credit_card,0,0,0,1,0
TXN101227,49.53,3,0,1225,3,101.21,17.48,0,grocery,digital_wallet,0,0,0,1,0
TXN101228,668.48,11,0,1007,4,70.23,4.98,0,travel,credit_card,0,0,0,0,0
TXN101229,89.88,22,1,28,1,187.92,30.26,1,travel,credit_card,1,0,1,1,0
TXN101230,319.98,21,1,1894,3,182.73,5.7,0,restaurant,debit_card,2,0,0,1,0
TXN101231,38.63,14,0,740,2,151.38,0.73,0,gas_station,digital_wallet,0,0,0,0,0
TXN101232,35.53,23,0,2716,5,232.47,10.37,0,grocery,credit_card,1,0,0,0,0
TXN101233,9.84,16,0,1729,1,122.42,174.35,0,grocery,debit_card,1,0,0,1,1
TXN101234,169.72,1,1,3401,2,65.12,38.1,0,other,digital_wallet,0,0,0,0,0
TXN101235,67.24,21,0,1677,4,358.05,16.83,0,travel,digital_wallet,1,0,0,1,0
TXN101236,305.63,4,1,3204,6,269.45,3.96,0,jewelry,debit_card,1,0,0,1,0
TXN101237,108.31,9,0,3252,4,173.47,2.0,0,online_retail,credit_card,1,0,1,1,0
TXN101238,562.42,5,1,2062,3,323.47,32.0,0,electronics,debit_card,0,0,1,1,0
TXN101239,43.1,17,1,3494,6,277.14,23.47,0,online_retail,debit_card,0,0,0,1,0
TXN101240,360.7,0,1,2249,3,254.78,14.16,0,electronics,digital_wallet,1,0,0,0,0
TXN101241,203.8,15,0,831,4,161.12,12.65,0,grocery,debit_card,1,0,0,1,0
TXN101242,276.66,20,0,641,2,84.24,27.42,0,gas_station,debit_card,1,0,1,1,0
TXN101243,266.88,18,1,794,4,35.04,16.63,0,grocery,credit_card,1,0,0,0,1
TXN101244,249.06,7,0,2499,0,173.6,12.13,0,online_retail,credit_card,1,0,0,0,0
TXN101245,153.86,21,1,530,4,34.09,5.91,0,jewelry,debit_card,0,0,1,1,0
TXN101246,24.84,8,0,1991,3,121.5,3.37,0,grocery,credit_card,0,0,0,0,0
TXN101247,8.02,16,0,2024,2,153.48,15.03,0,online_retail,credit_card,0,1,1,0,0
TXN101248,377.61,12,1,2966,1,304.27,32.85,0,online_retail,credit_card,1,0,0,1,0
TXN101249,123.42,1,0,2904,4,175.65,25.21,0,online_retail,digital_wallet,0,0,0,1,0
TXN101250,273.85,0,0,809,0,59.62,26.79,1,electronics,digital_wallet,1,0,1,1,0
TXN101251,124.2,4,0,1139,4,143.15,40.83,0,grocery,credit_card,1,0,1,1,0
TXN101252,21.56,22,0,1635,2,120.14,13.02,0,grocery,debit_card,0,0,1,1,1
TXN101253,25.98,22,0,166,7,157.8,3.26,0,electronics,credit_card,0,1,1,1,0
TXN101254,163.67,9,1,281,2,53.91,2.95,0,restaurant,digital_wallet,1,0,0,0,1
TXN101255,82.91,23,0,1807,4,223.73,61.58,0,other,debit_card,0,0,1,1,0
TXN101256,42.33,1,1,1019,3,80.27,16.1,0,online_retail,debit_card,0,0,0,1,0
TXN101257,105.98,23,0,1469,4,222.93,37.48,0,grocery,credit_card,0,0,0,1,0
TXN101258,18.42,5,0,1803,3,18.04,18.47,0,other,credit_card,0,0,0,0,0
TXN101259,128.19,0,0,516,3,172.85,8.94,0,online_retail,credit_card,1,0,0,1,1
TXN101260,58.63,18,0,2563,1,100.26,3.12,0,restaurant,debit_card,0,1,1,0,0
TXN101261,247.48,9,0,1180,3,310.04,27.94,0,restaurant,debit_card,0,0,0,1,0
TXN101262,66.83,7,0,33,2,13.08,1.37,0,other,debit_card,0,0,0,0,0
TXN101263,91.09,18,0,2607,2,232.13,60.83,0,other,debit_card,0,0,0,1,0
TXN101264,6.71,7,1,1014,3,248.54,3.63,1,restaurant,credit_card,0,0,0,1,0
TXN101265,16.06,18,0,710,2,71.32,0.18,0,gas_station,credit_card,1,1,1,0,0
TXN101266,72.15,4,1,2589,5,189.97,2.06,1,online_retail,debit_card,0,0,0,0,0
TXN101267,111.59,2,0,755,8,354.17,60.76,0,electronics,digital_wallet,0,0,0,1,0
TXN101268,154.01,7,0,638,3,22.46,2.3,0,other,debit_card,0,0,1,1,0
TXN101269,60.92,14,0,435,4,236.47,9.48,0,electronics,credit_card,0,0,0,0,0
TXN101270,220.2,5,0,3089,4,53.03,6.77,0,online_retail,digital_wallet,1,0,0,0,1
TXN101271,357.05,3,0,1620,3,161.79,0.88,0,restaurant,credit_card,0,0,0,0,0
TXN101272,221.81,17,0,2862,5,133.18,12.04,0,grocery,credit_card,0,1,0,1,0
TXN101273,11.57,11,1,77,1,137.77,145.07,0,other,credit_card,1,1,0,0,0
TXN101274,95.8,10,0,2659,6,70.06,31.92,0,travel,credit_card,0,1,0,1,1
TXN101275,21.69,5,0,1694,2,78.69,3.59,0,online_retail,credit_card,0,0,1,1,0
TXN101276,43.34,0,0,822,7,155.04,52.96,0,online_retail,credit_card,1,1,0,1,1
TXN101277,792.62,1,0,1610,5,27.47,12.2,0,travel,credit_card,0,0,0,1,0
TXN101278,29.31,16,0,3679,4,78.35,7.78,0,electronics,credit_card,0,0,0,1,0
TXN101279,105.83,1,0,994,3,154.72,25.84,0,grocery,credit_card,1,1,0,1,1
TXN101280,172.42,5,0,678,2,178.6,3.56,0,other,credit_card,1,0,0,0,0
TXN101281,143.99,21,0,1542,2,85.85,28.62,0,online_retail,debit_card,1,0,0,0,0
TXN101282,100.54,8,0,930,2,256.9,24.12,0,online_retail,credit_card,0,0,0,0,0
TXN101283,7.12,17,0,2227,7,102.08,3.63,0,restaurant,debit_card,1,0,0,1,0
TXN101284,64.75,8,1,1083,0,58.66,17.71,1,electronics,credit_card,0,1,0,1,0
TXN101285,117.87,22,0,2610,1,207.54,15.32,0,other,credit_card,1,0,1,0,0
TXN101286,16.03,19,1,885,3,195.0,14.97,0,other,debit_card,1,0,0,1,0
TXN101287,69.57,11,0,2624,8,128.62,10.63,0,jewelry,debit_card,0,0,1,1,0
TXN101288,12.81,16,0,2556,3,32.94,12.17,0,other,debit_card,0,1,0,0,0
TXN101289,19.08,9,0,2271,4,130.55,20.95,0,online_retail,credit_card,0,0,0,0,0
TXN101290,82.52,22,0,3682,1,34.19,24.85,1,travel,debit_card,0,0,1,1,0
TXN101291,25.01,8,1,555,6,47.84,52.23,0,travel,digital_wallet,0,0,1,0,0
TXN101292,124.69,20,0,661,2,115.54,0.94,1,other,credit_card,0,0,0,1,0
TXN101293,139.74,14,0,1575,6,267.03,14.43,0,jewelry,digital_wallet,0,0,0,0,0
TXN101294,254.61,15,1,1035,3,126.49,24.39,0,restaurant,credit_card,0,0,0,1,0
TXN101295,42.61,8,0,663,2,108.4,3.68,0,online_retail,debit_card,1,0,1,0,0
TXN101296,26.9,19,0,3060,4,53.37,41.3,0,gas_station,debit_card,0,0,0,1,0
TXN101297,19.92,17,1,799,1,34.71,6.01,0,online_retail,debit_card,0,0,0,0,0
TXN101298,136.44,19,0,441,4,84.99,39.78,0,jewelry,credit_card,0,0,0,1,0
TXN101299,168.21,19,0,2280,1,65.04,21.48,0,online_retail,credit_card,0,0,0,0,0
TXN101300,9.87,3,0,192,4,126.73,18.51,0,online_retail,credit_card,0,0,0,1,0
TXN101301,325.36,21,0,1622,2,168.25,43.17,0,travel,digital_wallet,1,0,0,0,0
TXN101302,14.01,20,1,2856,3,343.36,59.53,1,grocery,credit_card,0,0,1,1,0
TXN101303,133.44,5,1,2577,4,157.11,128.95,0,grocery,credit_card,2,0,0,0,0
TXN101304,184.55,23,1,1534,3,91.0,20.84,0,other,debit_card,2,1,0,0,1
TXN101305,231.79,12,0,1961,4,129.95,11.33,0,grocery,credit_card,0,0,0,1,0
TXN101306,171.08,7,0,3446,1,148.29,44.88,0,restaurant,debit_card,0,0,0,0,0
TXN101307,287.22,5,1,2328,3,153.75,18.73,1,restaurant,credit_card,0,0,1,0,0
TXN101308,48.15,8,0,2053,3,145.6,8.31,0,grocery,credit_card,0,0,0,1,0
TXN101309,247.43,0,1,3241,3,124.44,45.61,0,grocery,credit_card,1,0,0,0,0
TXN101310,15.22,16,1,1043,5,143.43,28.85,0,restaurant,credit_card,0,0,0,1,0
TXN101311,377.56,16,1,2531,5,51.32,11.58,0,restaurant,credit_card,0,0,0,0,0
TXN101312,114.33,16,0,1808,2,160.73,10.44,0,gas_station,credit_card,0,0,1,0,0
TXN101313,272.89,13,0,1275,6,551.92,94.64,0,online_retail,credit_card,0,0,0,1,0
TXN101314,102.0,8,1,2751,6,176.79,14.51,0,grocery,credit_card,0,0,0,1,0
TXN101315,199.13,17,1,1167,1,90.87,2.01,0,restaurant,debit_card,0,0,0,0,0
TXN101316,114.29,20,1,1677,2,57.07,14.31,0,grocery,credit_card,0,0,0,1,0
TXN101317,211.63,2,1,1041,1,95.06,38.77,0,grocery,credit_card,0,0,0,1,0
TXN101318,14.87,9,1,1289,3,112.21,19.13,0,electronics,debit_card,0,0,1,1,0
TXN101319,16.54,23,0,2896,5,116.88,28.09,0,restaurant,credit_card,0,0,1,1,0
TXN101320,43.42,20,1,2305,1,130.04,0.93,0,online_retail,credit_card,1,1,0,0,1
TXN101321,29.05,23,0,3317,3,198.9,22.25,1,electronics,debit_card,1,0,0,0,0
TXN101322,312.28,4,0,796,6,134.2,1.64,0,jewelry,credit_card,1,0,1,1,0
TXN101323,34.92,11,1,3260,1,142.96,15.07,0,jewelry,digital_wallet,0,0,0,0,0
TXN101324,579.31,3,0,771,2,108.2,11.73,0,electronics,digital_wallet,0,1,0,0,0
TXN101325,74.82,20,0,1158,7,194.72,54.27,1,restaurant,debit_card,2,0,0,1,0
TXN101326,36.42,12,0,3477,0,59.48,2.61,0,jewelry,credit_card,0,0,0,0,0
TXN101327,197.41,5,1,420,2,366.89,0.17,0,grocery,debit_card,0,0,0,0,0
TXN101328,163.8,2,1,909,3,267.58,3.11,0,travel,credit_card,1,0,0,1,0
TXN101329,118.53,17,0,136,7,23.23,5.58,0,travel,digital_wallet,0,0,1,0,0
TXN101330,101.03,19,1,3162,2,171.82,7.35,0,online_retail,debit_card,1,0,0,0,0
TXN101331,171.86,21,0,464,3,104.5,47.89,0,jewelry,debit_card,0,1,0,1,0
TXN101332,48.77,23,0,3469,5,258.65,8.54,0,online_retail,credit_card,0,0,0,0,0
TXN101333,874.17,19,1,718,4,196.94,49.68,0,travel,debit_card,0,1,0,0,1
TXN101334,585.33,18,0,3604,3,145.23,6.62,0,restaurant,credit_card,2,0,0,1,0
TXN101335,203.26,19,0,612,2,556.71,47.05,0,jewelry,credit_card,0,0,0,0,0
TXN101336,40.61,23,0,2391,0,121.96,0.17,0,online_retail,debit_card,1,0,1,0,0
TXN101337,190.48,11,0,2652,3,112.59,51.25,0,travel,digital_wallet,1,0,0,1,0
TXN101338,22.48,18,0,1120,7,396.61,31.2,0,online_retail,credit_card,0,0,0,1,0
TXN101339,9.43,19,0,2426,4,152.72,11.62,0,online_retail,digital_wallet,0,0,1,1,0
TXN101340,45.16,2,0,2916,6,81.87,12.53,0,restaurant,digital_wallet,1,1,0,1,0
TXN101341,103.33,16,0,2885,2,177.8,52.88,0,jewelry,digital_wallet,0,0,0,0,0
TXN101342,325.77,8,1,2146,4,558.35,20.44,0,gas_station,debit_card,0,0,0,0,0
TXN101343,187.6,3,0,642,1,223.14,5.46,0,restaurant,digital_wallet,0,1,0,0,1
TXN101344,184.32,4,0,1514,4,188.32,18.51,0,other,credit_card,2,0,1,1,1
TXN101345,116.29,2,1,1996,1,35.99,35.84,0,restaurant,credit_card,0,0,0,1,0
TXN101346,71.43,21,0,1726,3,53.21,91.69,0,other,debit_card,1,0,0,0,0
TXN101347,68.28,18,0,1752,0,227.22,17.25,0,electronics,credit_card,1,0,1,0,0
TXN101348,741.27,2,1,2386,3,69.7,3.26,0,grocery,digital_wallet,1,0,0,0,0
TXN101349,11.0,15,1,3217,0,195.33,26.15,0,electronics,debit_card,0,0,0,1,0
TXN101350,298.45,15,0,2003,4,136.95,136.29,0,online_retail,credit_card,1,0,0,0,0
TXN101351,144.05,12,1,1083,1,254.53,13.66,0,electronics,digital_wallet,1,0,1,1,0
TXN101352,78.45,14,1,1390,2,165.5,10.12,0,restaurant,credit_card,1,0,0,0,0
TXN101353,207.38,21,0,2181,3,89.01,23.26,0,online_retail,credit_card,0,0,0,1,0
TXN101354,132.13,12,0,1145,2,61.15,3.92,1,restaurant,digital_wallet,0,0,1,1,0
TXN101355,333.17,15,0,103,5,57.79,88.14,0,restaurant,credit_card,0,1,0,1,0
TXN101356,335.93,13,0,678,5,612.89,38.27,0,grocery,credit_card,2,0,0,0,1
TXN101357,82.0,9,1,2156,1,186.83,2.25,0,other,debit_card,1,0,0,0,0
TXN101358,51.04,21,0,3545,1,240.86,47.97,0,travel,credit_card,0,0,0,1,0
TXN101359,135.41,9,0,2183,3,174.21,59.77,0,restaurant,digital_wallet,0,0,0,1,0
TXN101360,353.77,19,0,1367,4,108.46,4.71,0,restaurant,debit_card,0,0,0,1,0
TXN101361,45.19,14,0,1904,4,83.55,20.28,0,electronics,credit_card,0,1,0,1,0
TXN101362,122.9,16,0,2246,6,194.56,2.49,0,travel,debit_card,0,0,1,0,0
TXN101363,171.64,18,1,2682,3,196.28,1.69,0,online_retail,credit_card,0,0,1,1,1
TXN101364,194.09,17,1,2619,1,349.03,13.7,0,online_retail,credit_card,0,0,0,0,0
TXN101365,27.37,13,1,433,3,166.5,0.81,0,grocery,debit_card,1,0,1,0,0
TXN101366,169.22,14,0,2618,1,42.69,53.35,0,restaurant,digital_wallet,0,0,0,0,0
TXN101367,427.61,12,0,3580,3,420.87,49.55,0,grocery,digital_wallet,1,0,0,1,0
TXN101368,40.31,8,0,1303,5,384.63,1.17,0,jewelry,credit_card,0,0,0,1,0
TXN101369,51.25,17,1,2944,5,26.86,1.07,1,restaurant,debit_card,0,0,0,1,0
TXN101370,448.69,21,0,1957,5,101.96,5.11,1,other,debit_card,0,0,0,1,0
TXN101371,38.61,16,1,576,3,30.05,49.85,0,travel,debit_card,0,0,0,1,0
TXN101372,308.66,18,1,2801,1,325.04,26.96,0,restaurant,credit_card,0,0,0,1,0
TXN101373,87.98,19,1,256,6,314.49,22.55,0,jewelry,credit_card,0,0,1,0,1
TXN101374,47.46,8,0,2606,7,206.33,38.16,0,restaurant,credit_card,1,1,0,1,0
TXN101375,325.85,1,0,1060,5,228.06,4.84,0,online_retail,digital_wallet,0,0,0,1,0
TXN101376,99.85,8,1,4032,3,361.69,5.89,0,electronics,credit_card,0,1,0,0,0
TXN101377,115.92,18,1,2778,4,107.2,8.91,0,electronics,credit_card,1,0,1,1,0
TXN101378,74.31,19,1,3154,2,616.48,18.67,0,restaurant,digital_wallet,0,0,0,0,0
TXN101379,166.87,12,1,3590,2,59.14,20.14,0,online_retail,debit_card,1,0,1,0,1
TXN101380,36.82,18,0,597,1,219.26,4.81,0,online_retail,digital_wallet,0,1,1,1,0
TXN101381,56.29,1,0,2348,2,158.89,12.77,0,gas_station,credit_card,0,0,0,1,0
TXN101382,508.33,15,1,1623,3,164.62,21.62,0,other,credit_card,0,0,0,1,0
TXN101383,48.82,16,1,2854,4,200.57,6.04,1,electronics,debit_card,1,0,0,0,0
TXN101384,134.03,12,0,1818,5,138.17,1.85,0,online_retail,debit_card,0,0,0,1,0
TXN101385,64.73,17,1,323,5,181.14,5.77,0,restaurant,credit_card,0,0,0,1,0
TXN101386,264.55,11,0,420,6,342.36,2.96,0,grocery,digital_wallet,0,0,0,0,0
TXN101387,22.86,12,0,2921,4,150.71,20.65,0,restaurant,debit_card,2,0,0,1,0
TXN101388,551.93,14,0,1655,3,213.93,1.31,0,gas_station,debit_card,0,0,0,1,1
TXN101389,85.75,19,0,3927,3,86.85,50.66,0,grocery,debit_card,1,1,1,0,0
TXN101390,41.87,5,1,3013,1,150.76,1.84,0,online_retail,debit_card,0,0,0,1,0
TXN101391,19.64,7,1,258,2,165.71,33.16,0,restaurant,credit_card,1,0,0,1,1
TXN101392,30.84,10,0,1885,6,137.51,50.25,1,online_retail,debit_card,1,0,0,0,1
TXN101393,121.58,4,1,2114,2,107.46,1.7,1,gas_station,credit_card,0,1,0,0,0
TXN101394,53.25,8,0,1492,4,207.81,12.96,0,restaurant,digital_wallet,1,1,0,0,0
TXN101395,337.38,8,0,1662,3,32.5,8.75,0,electronics,debit_card,0,0,0,1,0
TXN101396,96.27,7,1,158,4,152.31,8.5,0,grocery,credit_card,0,0,0,0,0
TXN101397,46.86,9,0,2679,6,64.22,18.66,0,electronics,credit_card,0,0,1,1,0
TXN101398,159.67,12,0,3736,1,83.8,6.09,0,travel,debit_card,0,0,0,0,0
TXN101399,159.6,16,1,183,6,64.31,0.67,0,online_retail,credit_card,2,0,0,1,0
TXN101400,37.36,7,1,2831,3,108.69,56.02,0,travel,credit_card,0,1,0,1,0
TXN101401,31.28,20,0,1178,5,126.4,26.84,0,restaurant,digital_wallet,0,0,0,0,0
TXN101402,10.34,11,0,1336,1,97.76,2.76,0,electronics,digital_wallet,0,0,0,0,0
TXN101403,193.26,17,1,3024,2,156.23,8.91,1,travel,digital_wallet,1,0,1,1,0
TXN101404,157.17,2,1,904,1,101.97,1.52,0,electronics,credit_card,0,0,1,0,1
TXN101405,110.38,4,0,623,3,80.37,0.69,0,online_retail,credit_card,0,0,0,1,0
TXN101406,292.7,10,1,1434,4,761.1,0.87,0,other,digital_wallet,0,0,0,0,0
TXN101407,271.13,8,1,2614,2,109.97,33.93,0,online_retail,debit_card,0,0,0,0,0
TXN101408,136.91,11,0,3347,4,228.39,8.85,0,grocery,debit_card,0,0,1,0,0
TXN101409,328.68,3,0,2409,3,356.56,37.37,0,online_retail,credit_card,0,0,0,0,0
TXN101410,37.63,11,0,149,5,216.2,7.12,1,online_retail,credit_card,0,0,0,0,0
TXN101411,29.79,16,0,1698,2,145.8,30.34,0,gas_station,credit_card,0,0,0,1,0
TXN101412,43.21,17,0,2328,5,35.96,1.64,0,gas_station,debit_card,0,0,1,1,0
TXN101413,16.08,5,0,447,2,270.7,19.88,0,restaurant,digital_wallet,0,1,1,1,1
TXN101414,139.79,8,1,2729,2,460.72,8.34,0,electronics,debit_card,0,1,0,0,0
TXN101415,378.05,12,0,3052,2,37.3,6.35,0,grocery,debit_card,1,0,0,0,0
TXN101416,14.4,12,1,1255,2,76.96,43.15,1,grocery,debit_card,0,0,0,1,0
TXN101417,27.65,19,0,2184,5,140.49,0.96,0,grocery,credit_card,1,0,0,1,0
TXN101418,107.06,9,0,92,3,123.31,89.64,0,other,credit_card,0,0,0,0,0
TXN101419,413.82,16,1,2071,2,90.64,27.46,0,online_retail,debit_card,0,0,0,0,0
TXN101420,60.4,21,0,1022,6,75.43,9.18,0,online_retail,digital_wallet,2,0,1,1,0
TXN101421,108.4,7,1,1533,0,13.63,105.24,0,travel,credit_card,0,0,0,1,0
TXN101422,11.92,19,1,1391,1,65.36,4.3,1,gas_station,credit_card,0,0,1,1,1
TXN101423,34.42,7,1,1272,7,186.61,13.21,0,electronics,credit_card,0,0,0,1,0
TXN101424,666.56,8,0,1163,8,821.63,47.7,0,online_retail,digital_wallet,1,0,0,1,0
TXN101425,455.7,15,1,1225,5,82.13,110.78,0,restaurant,debit_card,0,0,0,1,0
TXN101426,6.34,14,0,3638,6,149.78,7.0,0,online_retail,debit_card,0,0,1,0,0
TXN101427,513.65,13,1,1332,3,404.03,22.64,0,online_retail,debit_card,0,0,0,1,0
TXN101428,170.78,5,0,2793,4,48.27,6.59,1,electronics,debit_card,2,0,0,1,0
TXN101429,337.53,2,0,2761,2,270.65,32.19,0,other,credit_card,0,0,0,1,0
TXN101430,92.9,21,1,2803,2,222.56,3.1,0,restaurant,credit_card,0,0,0,1,0
TXN101431,101.73,20,0,3360,1,53.8,8.68,0,electronics,credit_card,0,1,0,0,1
TXN101432,95.21,21,1,635,1,92.79,1.52,0,online_retail,debit_card,1,0,1,0,0
TXN101433,139.61,12,0,2295,2,282.61,12.94,0,gas_station,debit_card,2,0,0,1,0
TXN101434,28.35,21,0,506,4,39.57,29.64,0,other,debit_card,0,0,0,0,0
TXN101435,9.46,11,0,1359,5,90.75,9.94,0,grocery,credit_card,2,1,0,1,0
TXN101436,57.11,1,0,1303,2,215.17,16.31,0,restaurant,debit_card,1,1,0,1,0
TXN101437,131.83,4,0,745,3,234.22,14.24,0,restaurant,debit_card,0,0,0,1,0
TXN101438,33.42,6,0,2805,3,262.87,9.17,0,electronics,credit_card,0,0,0,0,0
TXN101439,197.76,9,0,1452,4,241.43,11.72,0,gas_station,digital_wallet,0,0,0,1,0
TXN101440,489.87,22,0,2634,7,31.8,1.5,0,grocery,debit_card,1,0,0,0,0
TXN101441,20.67,7,0,1286,5,147.81,15.71,0,travel,debit_card,0,0,0,1,0
TXN101442,145.98,14,0,2793,4,61.13,13.52,0,gas_station,debit_card,0,0,1,0,0
TXN101443,110.5,6,1,735,2,64.95,0.51,0,restaurant,debit_card,1,0,1,1,0
TXN101444,303.61,15,1,770,4,29.27,12.02,0,grocery,credit_card,0,0,0,1,0
TXN101445,35.46,13,1,2898,3,502.74,37.47,0,jewelry,credit_card,1,0,0,1,0
TXN101446,240.53,3,0,1891,0,320.6,9.98,0,online_retail,debit_card,0,0,0,0,0
TXN101447,333.64,11,0,2698,3,87.94,18.8,0,online_retail,credit_card,0,0,1,1,0
TXN101448,423.15,2,0,2673,2,43.71,16.25,0,online_retail,digital_wallet,0,0,0,0,0
TXN101449,165.26,21,1,2322,3,65.54,29.57,0,online_retail,credit_card,0,0,0,0,0
TXN101450,103.99,16,0,663,1,112.08,16.02,1,restaurant,credit_card,1,1,0,1,0
TXN101451,158.71,22,0,2791,3,52.51,6.19,0,online_retail,credit_card,0,0,0,0,0
TXN101452,305.88,21,1,3242,0,291.27,33.85,0,online_retail,digital_wallet,0,0,0,1,0
TXN101453,125.7,5,0,1302,2,506.71,1.58,0,grocery,credit_card,0,0,0,0,0
TXN101454,11.48,16,0,1130,4,28.34,7.72,0,electronics,digital_wallet,0,0,0,1,0
TXN101455,400.41,2,0,1632,3,216.33,16.15,0,jewelry,debit_card,0,0,0,0,0
TXN101456,237.79,23,0,601,0,348.0,32.25,0,grocery,credit_card,0,0,1,0,0
TXN101457,176.2,18,0,231,6,407.51,1.56,1,grocery,credit_card,0,0,0,1,0
TXN101458,51.34,16,0,2432,2,140.99,1.59,0,grocery,credit_card,0,0,1,1,0
TXN101459,173.62,23,0,1952,6,323.43,8.37,0,restaurant,credit_card,0,0,0,1,0
TXN101460,89.91,20,0,1303,2,118.27,8.69,0,online_retail,digital_wallet,0,0,0,1,0
TXN101461,149.43,20,0,880,3,94.5,32.73,0,other,debit_card,1,0,1,1,0
TXN101462,19.78,2,1,1351,3,105.67,52.8,0,online_retail,credit_card,0,0,0,1,0
TXN101463,175.28,0,0,2224,2,173.51,0.31,0,grocery,debit_card,0,0,0,0,0
TXN101464,1262.48,23,1,3235,5,142.29,0.23,0,restaurant,digital_wallet,0,0,0,0,0
TXN101465,12.47,6,1,3026,3,310.39,43.75,1,online_retail,credit_card,0,0,0,1,0
TXN101466,490.16,10,1,3034,3,124.47,2.52,1,electronics,credit_card,1,1,0,1,0
TXN101467,70.81,1,0,238,2,214.57,8.91,0,travel,debit_card,0,0,0,1,0
TXN101468,262.82,14,0,218,2,194.79,7.09,0,gas_station,credit_card,0,0,0,0,0
TXN101469,189.07,19,0,3661,2,312.83,7.88,1,grocery,digital_wallet,0,0,0,1,0
TXN101470,132.29,20,0,3409,2,17.34,8.34,0,restaurant,credit_card,0,0,1,1,1
TXN101471,235.97,13,0,1905,2,59.3,10.03,0,gas_station,credit_card,1,0,0,1,0
TXN101472,320.68,15,0,710,1,121.21,24.85,0,gas_station,digital_wallet,1,1,0,1,1
TXN101473,63.02,12,1,88,4,189.93,20.76,0,grocery,debit_card,2,0,0,0,1
TXN101474,62.95,10,0,884,0,83.98,15.67,0,gas_station,credit_card,1,0,1,1,0
TXN101475,166.92,13,1,3824,1,287.37,35.38,1,grocery,credit_card,0,0,1,1,0
TXN101476,324.61,22,1,2079,7,123.74,31.28,0,other,debit_card,1,0,1,0,0
TXN101477,185.13,6,1,2798,1,114.13,6.17,0,electronics,credit_card,1,0,0,1,0
TXN101478,233.57,11,0,1423,8,194.38,17.5,0,grocery,credit_card,0,0,1,0,0
TXN101479,111.41,14,0,2350,2,191.75,34.66,0,grocery,credit_card,0,0,0,0,0
TXN101480,274.88,13,0,359,4,141.63,36.26,1,travel,credit_card,0,0,1,1,0
TXN101481,25.9,0,0,869,3,459.1,7.89,0,travel,credit_card,0,0,0,0,0
TXN101482,124.65,6,0,1591,0,21.42,13.08,0,restaurant,debit_card,1,0,0,1,0
TXN101483,6.11,15,1,1987,1,159.36,12.89,0,online_retail,credit_card,0,0,1,1,0
TXN101484,70.11,16,1,1725,3,17.44,21.7,0,restaurant,debit_card,2,0,1,1,1
TXN101485,66.67,17,0,3276,0,107.35,10.64,0,other,credit_card,0,0,0,1,0
TXN101486,89.63,23,1,2752,1,158.18,5.69,0,electronics,debit_card,0,0,0,1,0
TXN101487,155.5,16,0,1188,0,174.73,21.37,1,electronics,credit_card,0,0,0,1,1
TXN101488,81.96,13,0,2619,5,93.63,17.17,0,online_retail,credit_card,3,0,0,0,0
TXN101489,96.36,7,1,1154,1,201.15,0.09,1,electronics,credit_card,1,0,1,0,0
TXN101490,42.42,8,0,2440,0,278.0,48.69,0,grocery,credit_card,0,0,0,1,0
TXN101491,74.88,19,1,1044,2,101.08,2.67,0,gas_station,debit_card,2,0,1,1,0
TXN101492,40.53,11,1,3,4,121.44,2.38,0,electronics,credit_card,0,0,0,1,0
TXN101493,14.42,17,0,3392,4,195.69,34.72,0,online_retail,credit_card,1,0,1,0,1
TXN101494,137.77,2,1,1637,3,41.05,9.31,1,other,credit_card,0,0,1,1,1
TXN101495,149.34,3,0,996,1,172.27,10.46,0,other,digital_wallet,0,0,0,1,0
TXN101496,155.86,5,0,266,3,253.1,13.85,0,electronics,debit_card,1,0,1,1,0
TXN101497,85.72,4,0,2245,2,316.2,0.96,0,online_retail,debit_card,3,0,0,0,0
TXN101498,83.49,14,1,132,1,212.77,5.29,0,gas_station,credit_card,1,0,0,1,0
TXN101499,263.41,15,0,2272,0,227.13,1.8,0,grocery,debit_card,0,0,0,1,0
TXN101500,107.27,13,1,2848,5,126.42,8.08,0,grocery,credit_card,0,0,0,1,0
TXN101501,95.42,6,0,1902,2,231.85,43.62,1,online_retail,digital_wallet,1,0,1,0,0
TXN101502,10.43,13,0,1842,3,274.31,38.51,0,online_retail,debit_card,0,0,0,0,0
TXN101503,70.34,2,0,1647,1,190.27,5.05,0,online_retail,debit_card,0,0,0,1,0
TXN101504,74.82,11,0,776,3,127.06,4.18,0,restaurant,credit_card,0,0,1,1,0
TXN101505,86.35,3,0,887,4,289.03,2.86,0,other,credit_card,0,0,0,1,1
TXN101506,104.99,1,0,661,7,2.5,9.56,0,online_retail,credit_card,1,0,0,1,1
TXN101507,118.79,3,0,234,2,281.78,32.7,0,grocery,debit_card,0,0,0,1,0
TXN101508,184.84,2,0,1116,2,72.58,33.47,0,gas_station,credit_card,0,1,1,0,1
TXN101509,225.71,11,0,970,2,31.27,0.79,0,electronics,digital_wallet,0,0,0,0,0
TXN101510,258.59,13,1,773,2,102.65,6.02,0,online_retail,digital_wallet,1,0,0,0,0
TXN101511,208.19,14,1,1074,1,120.04,3.87,0,grocery,debit_card,0,0,1,0,0
TXN101512,525.46,10,1,2090,1,51.38,33.55,0,gas_station,credit_card,0,0,0,0,0
TXN101513,6.11,4,0,601,2,122.13,12.1,0,restaurant,credit_card,0,0,0,1,0
TXN101514,30.79,0,1,589,3,57.93,10.44,1,online_retail,credit_card,3,1,0,1,0
TXN101515,6.3,17,0,1828,7,161.2,53.83,0,restaurant,credit_card,0,0,1,1,0
TXN101516,148.12,23,0,2056,1,17.42,61.89,0,gas_station,digital_wallet,0,0,1,1,0
TXN101517,406.71,6,0,672,1,164.16,10.45,0,jewelry,debit_card,0,0,0,1,0
TXN101518,45.11,4,0,3446,2,63.04,2.67,0,online_retail,credit_card,2,0,0,1,0
TXN101519,315.29,7,0,2694,3,201.79,5.04,0,online_retail,credit_card,0,0,0,1,0
TXN101520,12.3,5,1,1773,1,60.0,2.0,0,electronics,credit_card,1,0,0,0,0
TXN101521,297.44,5,0,628,3,319.11,25.98,0,travel,credit_card,0,0,0,0,0
TXN101522,68.05,11,1,821,6,299.8,19.39,0,grocery,credit_card,0,0,0,1,0
TXN101523,20.57,18,0,513,0,21.89,17.2,0,restaurant,credit_card,0,0,1,1,0
TXN101524,99.59,17,0,2951,1,208.63,2.03,1,restaurant,debit_card,2,0,0,1,0
TXN101525,56.35,23,1,1372,5,164.86,46.23,0,electronics,credit_card,0,0,1,0,0
TXN101526,63.84,8,1,2263,3,150.82,15.3,1,grocery,credit_card,0,0,1,1,0
TXN101527,58.85,11,0,246,6,63.36,1.98,0,travel,debit_card,0,0,0,0,0
TXN101528,192.5,9,1,1149,1,63.11,25.88,0,online_retail,credit_card,0,0,0,0,1
TXN101529,130.53,1,0,2999,3,58.93,81.77,0,grocery,credit_card,1,0,0,1,0
TXN101530,65.14,9,0,3591,4,30.37,13.85,0,travel,debit_card,1,0,0,0,0
TXN101531,151.91,6,1,1798,3,80.16,2.34,0,travel,debit_card,0,0,0,1,0
TXN101532,218.14,11,1,666,3,322.5,1.46,1,gas_station,digital_wallet,1,0,1,0,0
TXN101533,45.87,3,1,607,3,156.46,0.57,1,electronics,debit_card,1,0,0,1,0
TXN101534,108.23,17,0,2143,2,66.97,24.24,0,jewelry,digital_wallet,1,0,1,0,0
TXN101535,21.84,20,0,148,2,83.25,27.06,0,electronics,digital_wallet,1,0,0,1,0
TXN101536,38.27,23,0,847,3,208.36,17.55,0,jewelry,credit_card,0,0,1,0,0
TXN101537,144.1,2,0,2832,4,104.48,34.39,0,jewelry,credit_card,2,0,0,1,0
TXN101538,31.33,2,1,3087,3,97.64,122.43,0,electronics,credit_card,0,0,0,1,0
TXN101539,140.01,23,1,642,2,28.48,9.34,0,jewelry,debit_card,1,0,0,1,0
TXN101540,184.33,20,0,758,1,93.39,23.02,0,online_retail,digital_wallet,2,0,0,0,1
TXN101541,24.28,14,1,3461,4,129.01,7.25,0,grocery,debit_card,1,0,1,0,0
TXN101542,134.43,7,1,2602,1,99.28,10.6,0,other,credit_card,0,0,0,0,0
TXN101543,48.85,12,0,303,6,105.71,28.41,0,grocery,debit_card,1,0,0,1,0
TXN101544,588.0,12,0,3254,2,101.34,20.83,0,restaurant,digital_wallet,1,0,0,1,0
TXN101545,101.2,20,0,1162,2,80.55,2.77,0,travel,credit_card,2,0,0,0,0
TXN101546,202.69,12,0,802,4,23.13,9.97,0,travel,credit_card,2,0,0,0,0
TXN101547,113.38,0,1,2247,5,108.76,33.89,0,other,credit_card,0,1,0,1,0
TXN101548,12.46,16,0,1515,2,435.39,59.58,0,electronics,debit_card,1,0,0,0,0
TXN101549,162.97,18,0,985,3,138.92,17.73,0,restaurant,digital_wallet,0,0,0,0,0
TXN101550,380.01,7,0,1534,0,129.17,10.57,0,travel,debit_card,1,0,0,0,1
TXN101551,131.14,2,0,489,4,35.46,6.63,0,jewelry,debit_card,1,0,1,1,0
TXN101552,243.91,3,0,2027,3,205.35,9.25,0,grocery,debit_card,0,0,1,0,0
TXN101553,314.3,20,0,1768,2,127.53,17.75,0,grocery,debit_card,2,0,0,0,0
TXN101554,37.16,10,1,2191,6,363.52,0.06,0,grocery,debit_card,0,0,0,0,0
TXN101555,37.79,12,0,3169,3,140.86,4.42,0,gas_station,credit_card,0,1,0,0,0
TXN101556,134.34,23,1,271,1,340.27,24.65,0,gas_station,digital_wallet,2,0,1,0,0
TXN101557,92.6,1,0,905,1,1011.13,20.75,0,restaurant,credit_card,0,0,1,0,0
TXN101558,308.29,4,0,2694,3,155.64,18.16,0,gas_station,digital_wallet,0,0,0,1,0
TXN101559,344.34,19,0,1484,3,75.98,59.32,0,gas_station,debit_card,2,0,0,0,1
TXN101560,67.17,12,0,1803,1,313.41,15.65,1,other,digital_wallet,0,0,1,1,0
TXN101561,46.32,0,0,2585,1,127.1,5.26,0,electronics,credit_card,0,0,0,0,0
TXN101562,210.78,16,0,457,1,377.4,24.86,0,gas_station,digital_wallet,0,0,0,0,0
TXN101563,46.36,3,0,1518,2,145.06,6.93,0,gas_station,credit_card,0,1,1,1,0
TXN101564,236.2,18,0,2928,3,178.91,6.25,0,travel,credit_card,0,0,0,1,0
TXN101565,81.25,19,0,2916,1,340.11,15.08,0,online_retail,debit_card,0,0,0,0,0
TXN101566,148.01,19,0,1982,2,100.1,8.12,1,online_retail,credit_card,0,0,0,0,0
TXN101567,20.45,11,0,960,3,180.95,9.33,0,restaurant,credit_card,0,0,0,1,0
TXN101568,165.55,6,1,554,4,110.95,25.19,0,other,debit_card,1,0,0,1,0
TXN101569,78.66,21,0,482,2,86.22,107.71,0,jewelry,digital_wallet,0,0,0,0,0
TXN101570,137.92,13,0,2267,3,191.06,20.87,0,electronics,debit_card,1,0,0,1,0
TXN101571,31.74,15,0,2664,3,63.91,6.58,0,gas_station,digital_wallet,1,0,0,0,0
TXN101572,213.86,3,1,2255,2,50.6,1.75,0,electronics,credit_card,1,0,1,0,0
TXN101573,302.47,14,0,1742,3,163.55,7.21,0,online_retail,debit_card,1,0,0,1,0
TXN101574,34.97,13,0,461,2,60.28,0.45,0,electronics,digital_wallet,0,0,0,0,0
TXN101575,17.27,7,0,3230,2,105.48,16.65,0,other,credit_card,0,0,0,1,0
TXN101576,8.62,18,1,743,1,127.59,29.09,0,online_retail,debit_card,0,0,1,0,0
TXN101577,179.97,3,0,2872,4,141.7,12.98,0,restaurant,credit_card,1,0,0,0,0
TXN101578,111.27,17,0,1071,9,571.88,35.13,0,gas_station,digital_wallet,1,0,0,0,0
TXN101579,128.92,23,1,764,4,102.39,12.34,0,restaurant,digital_wallet,0,0,0,1,1
TXN101580,51.42,13,0,2928,1,62.6,12.02,0,online_retail,credit_card,0,1,0,1,0
TXN101581,77.93,2,0,2716,6,280.22,7.34,1,grocery,credit_card,1,0,0,0,0
TXN101582,149.97,13,1,2074,4,11.0,30.38,0,electronics,debit_card,0,0,1,1,1
TXN101583,99.27,12,1,3126,1,157.45,35.84,1,other,credit_card,0,0,0,1,0
TXN101584,656.3,13,0,2308,5,164.54,76.95,1,restaurant,debit_card,0,0,0,1,0
TXN101585,22.23,6,0,762,1,158.89,42.1,0,restaurant,credit_card,1,0,0,1,0
TXN101586,138.27,15,0,1867,3,88.79,77.26,1,restaurant,debit_card,2,0,0,0,0
TXN101587,92.62,6,0,506,3,615.18,21.0,1,online_retail,debit_card,1,1,0,1,0
TXN101588,78.94,13,0,2518,5,183.77,19.03,0,gas_station,credit_card,1,0,0,1,0
TXN101589,184.3,14,1,3737,2,228.35,4.56,0,online_retail,credit_card,0,0,0,1,0
TXN101590,153.99,15,0,2763,1,324.01,35.34,0,grocery,debit_card,0,0,0,1,0
TXN101591,604.47,19,0,89,2,56.79,24.94,0,travel,digital_wallet,0,0,0,1,0
TXN101592,25.08,21,0,2050,0,90.71,30.12,0,other,credit_card,0,0,0,1,0
TXN101593,19.69,18,0,3379,4,290.73,10.72,0,other,digital_wallet,1,0,1,1,0
TXN101594,207.49,19,0,757,5,252.5,46.96,0,restaurant,debit_card,0,0,1,1,1
TXN101595,142.06,20,0,1972,2,107.39,18.86,0,grocery,digital_wallet,0,0,0,1,0
TXN101596,55.14,5,0,3206,3,27.23,4.82,0,restaurant,debit_card,0,0,0,0,0
TXN101597,17.92,7,0,3076,2,143.92,4.37,0,electronics,digital_wallet,2,0,0,1,1
TXN101598,22.27,12,1,1629,1,58.75,36.84,0,grocery,debit_card,0,1,0,0,0
TXN101599,300.81,11,0,145,2,188.95,8.05,0,electronics,digital_wallet,1,0,0,0,0
TXN101600,36.71,16,1,940,2,116.42,4.85,0,grocery,digital_wallet,0,0,0,1,0
TXN101601,72.85,0,0,2559,5,129.87,7.79,0,grocery,debit_card,0,0,0,1,0
TXN101602,50.69,3,0,991,4,151.44,4.23,0,restaurant,digital_wallet,0,0,0,1,0
TXN101603,59.67,17,0,3126,2,263.28,43.2,0,electronics,credit_card,1,0,0,1,0
TXN101604,15.21,19,0,630,2,67.66,1.64,0,electronics,digital_wallet,1,0,1,1,0
TXN101605,135.12,7,0,293,1,62.85,8.82,0,electronics,digital_wallet,0,0,0,1,0
TXN101606,16.47,7,0,3742,2,48.38,17.71,0,restaurant,credit_card,1,0,1,0,0
TXN101607,252.53,13,0,1583,4,99.88,38.93,0,online_retail,debit_card,0,0,0,1,0
TXN101608,43.77,11,0,838,1,118.94,29.33,0,online_retail,debit_card,0,0,0,1,0
TXN101609,116.01,4,1,2081,6,253.76,0.44,0,other,debit_card,0,0,0,0,0
TXN101610,334.51,12,0,2346,1,145.23,37.53,0,other,debit_card,0,0,0,1,0
TXN101611,157.99,19,1,2269,4,63.75,21.97,1,restaurant,credit_card,1,0,0,1,0
TXN101612,118.59,17,1,3676,2,83.03,4.74,1,gas_station,credit_card,0,1,0,1,0
TXN101613,64.41,19,0,1291,1,45.0,26.01,0,other,debit_card,0,1,1,1,1
TXN101614,60.61,15,0,3237,7,300.57,24.73,0,electronics,credit_card,0,0,0,0,0
TXN101615,182.35,21,0,2155,5,120.31,17.96,0,online_retail,debit_card,1,0,0,1,0
TXN101616,1100.76,5,1,3452,4,109.31,131.37,0,electronics,credit_card,0,1,1,0,0
TXN101617,135.45,1,0,2463,3,81.44,17.82,0,restaurant,digital_wallet,1,0,1,0,0
TXN101618,132.44,2,0,167,3,108.28,21.12,0,travel,digital_wallet,0,0,0,1,0
TXN101619,184.17,23,0,3143,5,375.91,1.59,0,electronics,credit_card,2,0,0,0,0
TXN101620,105.97,15,0,1083,2,57.81,22.03,0,grocery,digital_wallet,2,1,0,0,0
TXN101621,14.38,5,0,3167,4,40.79,14.9,0,online_retail,debit_card,0,0,0,1,0
TXN101622,141.27,20,1,3343,6,276.03,24.02,0,grocery,credit_card,0,0,0,0,0
TXN101623,551.77,7,1,2997,5,258.42,24.9,0,online_retail,credit_card,2,0,0,0,0
TXN101624,34.7,14,1,3645,3,65.1,13.74,1,jewelry,credit_card,0,0,0,0,0
TXN101625,206.97,5,1,2025,2,141.66,30.39,0,travel,digital_wallet,0,0,0,0,0
TXN101626,29.17,2,0,317,0,108.36,14.49,0,restaurant,debit_card,0,0,0,0,0
TXN101627,145.38,6,1,2638,4,112.06,13.95,0,online_retail,credit_card,0,0,0,1,0
TXN101628,21.18,5,1,123,2,473.72,2.23,0,online_retail,debit_card,0,1,1,1,0
TXN101629,107.87,13,0,2319,0,75.91,11.08,0,restaurant,credit_card,0,0,0,1,0
TXN101630,187.18,0,0,594,1,247.77,14.33,0,online_retail,debit_card,0,0,0,1,0
TXN101631,62.51,5,0,1247,1,81.95,23.97,0,gas_station,debit_card,2,0,1,0,0
TXN101632,171.99,13,0,3678,2,182.79,13.23,0,other,debit_card,0,0,0,0,0
TXN101633,242.54,9,1,2779,2,72.84,3.56,0,travel,digital_wallet,0,0,1,0,0
TXN101634,411.71,15,1,3308,1,114.26,3.24,0,online_retail,digital_wallet,0,0,1,0,0
TXN101635,51.38,15,1,3921,3,122.3,29.61,0,travel,credit_card,1,0,0,1,0
TXN101636,65.9,23,0,276,5,325.16,18.51,0,electronics,credit_card,0,0,0,1,0
TXN101637,33.49,20,1,3737,5,36.62,5.27,0,other,debit_card,1,1,1,1,0
TXN101638,739.33,5,1,2691,5,29.79,12.71,0,grocery,credit_card,1,0,1,1,0
TXN101639,388.0,16,0,1170,5,425.09,6.97,0,grocery,credit_card,0,0,1,0,0
TXN101640,101.81,15,1,1683,1,129.48,3.98,0,online_retail,digital_wallet,0,0,0,1,0
TXN101641,299.35,14,1,2773,1,131.81,7.67,0,online_retail,digital_wallet,0,0,0,0,0
TXN101642,86.38,19,1,906,5,52.56,7.63,0,online_retail,digital_wallet,0,1,1,1,0
TXN101643,163.82,3,0,2196,1,448.19,2.18,0,online_retail,debit_card,0,0,0,1,0
TXN101644,15.89,9,0,2639,2,7.45,12.54,0,gas_station,debit_card,0,0,0,1,0
TXN101645,217.53,19,1,3284,4,54.22,8.73,0,online_retail,credit_card,2,1,0,1,0
TXN101646,25.14,21,0,2110,3,190.0,22.07,0,restaurant,digital_wallet,1,0,0,1,0
TXN101647,307.64,0,0,949,4,417.96,16.48,0,restaurant,credit_card,1,0,1,0,0
TXN101648,228.56,11,0,1101,2,288.54,9.77,0,online_retail,credit_card,0,0,0,0,0
TXN101649,174.84,6,0,1107,1,101.63,16.19,0,online_retail,credit_card,1,0,1,1,0
TXN101650,9.9,4,0,748,3,157.26,12.76,0,travel,debit_card,0,1,0,1,0
TXN101651,68.93,1,1,2427,2,57.02,43.57,0,grocery,digital_wallet,0,0,1,0,1
TXN101652,54.18,12,0,1614,4,243.64,61.31,0,electronics,credit_card,0,0,0,1,0
TXN101653,68.72,16,0,274,6,160.57,34.64,0,restaurant,credit_card,0,0,0,0,0
TXN101654,18.24,12,1,2899,1,52.69,16.39,0,restaurant,credit_card,1,0,1,0,0
TXN101655,347.66,8,1,1356,9,29.53,60.69,0,travel,debit_card,0,0,1,1,0
TXN101656,132.07,18,1,1579,2,173.47,4.29,1,other,debit_card,1,0,1,0,0
TXN101657,48.33,15,0,1196,1,181.69,26.62,0,restaurant,credit_card,3,0,0,0,0
TXN101658,88.5,21,1,1628,8,183.93,9.35,0,grocery,credit_card,0,1,0,0,0
TXN101659,95.37,8,0,1522,2,70.99,2.8,1,grocery,credit_card,0,0,0,0,0
TXN101660,189.99,5,0,1847,2,187.39,1.85,0,grocery,digital_wallet,1,0,1,1,0
TXN101661,99.68,10,1,381,2,145.13,11.9,0,electronics,credit_card,0,0,0,0,0
TXN101662,378.03,12,0,2707,8,197.15,4.07,0,electronics,credit_card,0,1,0,0,0
TXN101663,134.09,10,0,15,2,42.09,6.67,0,travel,debit_card,0,0,1,1,0
TXN101664,844.78,19,1,3494,3,121.14,6.96,0,gas_station,debit_card,0,0,0,1,1
TXN101665,267.68,1,0,979,1,131.38,30.68,0,gas_station,debit_card,0,0,1,1,0
TXN101666,41.17,12,0,910,4,196.21,3.57,1,restaurant,debit_card,0,0,1,1,0
TXN101667,405.27,10,0,526,2,49.16,24.06,0,restaurant,credit_card,0,0,0,1,0
TXN101668,24.37,5,0,2215,3,342.14,39.02,0,travel,credit_card,1,0,1,1,0
TXN101669,239.19,15,0,1860,6,43.29,14.28,0,grocery,credit_card,0,0,1,1,0
TXN101670,76.04,19,1,3788,3,6.94,7.37,0,other,credit_card,1,0,1,0,0
TXN101671,264.6,13,0,3496,5,18.24,0.94,0,electronics,debit_card,0,0,0,0,0
TXN101672,313.86,2,0,2024,5,41.56,10.79,0,gas_station,debit_card,0,0,0,0,1
TXN101673,264.85,1,0,1676,0,73.71,38.78,0,online_retail,digital_wallet,0,1,1,0,0
TXN101674,232.68,10,1,3381,3,117.78,1.99,0,grocery,debit_card,0,0,0,0,0
TXN101675,49.03,16,0,2674,1,108.78,23.82,0,electronics,credit_card,1,0,0,1,0
TXN101676,19.88,7,0,2823,6,470.26,11.81,0,restaurant,credit_card,1,0,0,1,0
TXN101677,86.05,7,0,374,1,21.69,38.17,0,electronics,credit_card,0,0,1,0,0
TXN101678,30.79,20,0,3289,4,122.24,12.54,0,restaurant,debit_card,0,0,1,1,0
TXN101679,177.03,0,1,1819,4,31.47,22.38,0,electronics,credit_card,0,0,0,1,0
TXN101680,57.4,1,1,2859,1,298.18,33.2,0,online_retail,debit_card,0,1,0,0,0
TXN101681,496.97,3,0,2701,6,291.33,5.33,1,travel,debit_card,1,0,0,0,0
TXN101682,148.73,23,0,1657,4,146.93,3.67,1,travel,debit_card,1,0,0,1,0
TXN101683,306.28,11,0,36,1,249.49,1.9,1,electronics,debit_card,0,0,0,0,0
TXN101684,24.39,3,1,2267,1,234.96,25.05,0,gas_station,credit_card,0,1,0,1,1
TXN101685,326.21,7,0,3677,1,90.47,17.61,0,online_retail,credit_card,0,0,1,0,0
TXN101686,364.78,23,0,844,6,81.21,1.84,0,online_retail,digital_wallet,1,0,1,0,1
TXN101687,108.32,16,0,1961,3,144.86,5.56,0,travel,digital_wallet,0,0,0,1,0
TXN101688,142.37,5,1,2742,1,240.28,2.21,0,gas_station,credit_card,0,0,0,0,0
TXN101689,246.63,5,1,3271,4,59.31,2.56,0,restaurant,digital_wallet,0,0,0,1,0
TXN101690,31.73,1,0,3466,7,89.53,4.42,0,grocery,debit_card,0,1,0,0,0
TXN101691,90.87,18,0,2637,1,191.99,2.1,1,restaurant,digital_wallet,1,0,0,1,0
TXN101692,68.87,3,1,114,3,327.1,5.78,1,restaurant,credit_card,0,0,0,0,0
TXN101693,26.96,6,0,1882,2,222.78,16.56,0,grocery,digital_wallet,0,0,0,0,0
TXN101694,63.46,8,0,2689,1,153.66,13.41,0,online_retail,credit_card,1,0,0,0,0
TXN101695,16.38,14,0,1209,3,178.96,3.92,0,gas_station,debit_card,0,0,1,1,0
TXN101696,8.44,14,1,1179,2,159.38,4.4,0,travel,debit_card,0,1,0,0,1
TXN101697,35.61,19,1,445,4,15.04,63.48,0,gas_station,credit_card,0,0,1,1,0
TXN101698,405.88,7,0,3569,1,181.61,3.74,0,online_retail,credit_card,0,0,1,1,0
TXN101699,127.7,9,0,1344,3,208.14,1.2,0,electronics,credit_card,0,1,0,0,0
TXN101700,446.69,9,0,832,1,175.18,4.29,0,travel,digital_wallet,1,0,1,0,1
TXN101701,84.81,1,0,483,1,53.41,20.64,0,other,digital_wallet,2,0,0,0,0
TXN101702,62.09,17,0,436,3,112.8,0.16,0,online_retail,digital_wallet,0,0,0,0,0
TXN101703,83.84,12,0,1914,2,148.58,88.16,0,grocery,credit_card,0,0,0,1,1
TXN101704,94.49,11,1,2976,6,281.68,5.51,0,grocery,credit_card,2,0,1,1,0
TXN101705,27.33,23,0,343,7,171.52,7.4,0,jewelry,debit_card,0,1,0,1,0
TXN101706,150.19,4,0,1945,1,21.74,28.1,0,jewelry,credit_card,0,1,0,0,0
TXN101707,42.82,23,0,56,1,64.77,4.96,0,grocery,debit_card,1,0,0,0,0
TXN101708,169.61,16,1,315,2,251.1,9.03,0,gas_station,digital_wallet,0,0,0,1,0
TXN101709,159.39,5,0,1083,2,364.69,18.19,0,online_retail,credit_card,0,0,0,0,0
TXN101710,27.74,16,0,514,1,169.34,0.48,1,other,debit_card,0,1,0,0,0
TXN101711,11.03,18,0,891,2,245.44,27.57,0,restaurant,digital_wallet,0,0,0,1,0
TXN101712,251.24,8,1,3294,1,68.8,15.74,0,jewelry,credit_card,1,0,1,0,0
TXN101713,96.06,8,1,1453,1,25.55,6.18,0,electronics,debit_card,0,0,0,1,1
TXN101714,12.39,20,0,3312,2,125.51,11.05,0,grocery,debit_card,0,1,1,1,1
TXN101715,807.97,3,0,150,2,20.35,0.99,0,online_retail,credit_card,0,0,1,0,1
TXN101716,12.99,0,0,3044,0,348.03,24.07,0,travel,credit_card,0,0,0,1,0
TXN101717,171.88,15,1,2724,1,127.26,14.06,1,online_retail,credit_card,0,0,0,0,0
TXN101718,669.25,21,0,2746,3,131.64,64.5,0,gas_station,debit_card,1,1,0,1,0
TXN101719,39.17,12,0,2407,3,151.86,13.42,0,other,credit_card,0,0,0,1,0
TXN101720,31.77,3,1,1148,4,64.44,44.23,0,restaurant,credit_card,1,0,0,1,0
TXN101721,20.64,12,1,2781,5,164.11,7.02,0,grocery,credit_card,0,1,0,1,0
TXN101722,54.67,6,0,114,4,65.29,1.17,1,grocery,debit_card,0,0,0,1,0
TXN101723,26.43,19,0,3247,0,322.92,77.71,0,electronics,digital_wallet,0,0,1,1,0
TXN101724,208.06,14,0,321,3,349.04,5.24,0,other,credit_card,0,0,0,0,0
TXN101725,14.82,8,0,2202,2,195.25,44.96,0,online_retail,credit_card,0,0,0,1,0
TXN101726,99.89,14,0,3875,4,497.36,5.15,0,online_retail,credit_card,0,0,0,0,0
TXN101727,808.89,16,0,3790,7,325.65,3.38,0,electronics,credit_card,1,0,1,0,1
TXN101728,259.55,16,0,514,2,153.25,29.06,0,online_retail,debit_card,0,0,0,1,0
TXN101729,148.93,8,0,2729,4,9.72,34.15,0,online_retail,credit_card,1,0,0,0,0
TXN101730,59.2,13,1,1722,5,193.09,29.51,1,electronics,debit_card,2,0,0,0,0
TXN101731,151.12,1,0,531,7,182.6,34.25,0,online_retail,debit_card,0,0,1,1,0
TXN101732,114.33,9,1,1603,2,168.07,14.74,0,grocery,debit_card,1,0,0,1,0
TXN101733,74.26,9,1,3769,4,340.9,9.57,0,grocery,credit_card,0,0,0,0,0
TXN101734,24.45,12,0,2568,1,139.42,21.62,0,grocery,credit_card,4,0,0,0,0
TXN101735,369.99,22,0,1468,6,14.6,16.64,0,gas_station,credit_card,1,1,1,1,0
TXN101736,80.29,22,0,2409,7,309.24,65.79,0,electronics,debit_card,1,0,1,0,0
TXN101737,36.63,11,0,2614,3,179.97,9.74,0,online_retail,debit_card,0,0,1,0,0
TXN101738,66.86,15,0,2822,3,76.19,0.97,0,grocery,digital_wallet,0,0,0,1,0
TXN101739,86.35,2,0,1025,4,269.01,19.36,0,restaurant,digital_wallet,0,0,1,1,0
TXN101740,256.4,11,1,3329,8,102.15,7.59,0,other,debit_card,1,0,0,1,0
TXN101741,242.88,16,0,2950,2,122.47,7.79,0,jewelry,digital_wallet,0,0,1,0,1
TXN101742,239.1,16,1,781,5,71.97,19.65,0,restaurant,debit_card,1,0,0,1,0
TXN101743,5.69,23,0,227,2,66.08,46.21,0,jewelry,credit_card,0,0,0,1,0
TXN101744,92.91,11,0,1053,4,213.28,5.78,1,restaurant,debit_card,0,0,0,1,0
TXN101745,94.29,21,1,1570,3,88.38,7.28,0,electronics,debit_card,0,0,0,1,0
TXN101746,7.38,23,1,1301,2,91.64,44.14,0,restaurant,credit_card,2,0,0,1,1
TXN101747,52.05,13,0,1146,3,157.27,48.01,0,electronics,debit_card,1,0,0,1,0
TXN101748,206.69,2,0,1716,5,336.2,3.75,0,jewelry,credit_card,0,0,0,0,0
TXN101749,30.19,9,0,1819,2,241.06,20.22,0,electronics,debit_card,0,0,1,1,0
TXN101750,109.31,18,0,493,4,158.78,8.32,0,restaurant,credit_card,0,0,0,1,0
TXN101751,38.39,13,0,868,1,41.54,63.36,0,online_retail,credit_card,0,0,0,0,0
TXN101752,6.31,22,1,1580,4,241.73,18.68,0,grocery,credit_card,1,1,0,0,0
TXN101753,43.36,19,0,3079,1,33.47,13.45,0,electronics,credit_card,1,0,0,0,0
TXN101754,643.15,1,1,297,3,258.0,38.7,0,restaurant,credit_card,0,0,0,0,0
TXN101755,266.97,20,0,975,2,155.97,127.34,0,grocery,debit_card,0,0,0,1,0
TXN101756,597.0,8,0,1580,6,49.33,10.95,1,electronics,digital_wallet,0,0,0,1,0
TXN101757,138.32,19,0,1091,7,25.96,9.95,0,online_retail,debit_card,0,0,0,1,0
TXN101758,19.83,12,0,1143,1,31.29,22.51,0,electronics,digital_wallet,0,0,0,1,0
TXN101759,125.15,10,1,492,7,119.6,22.54,1,online_retail,credit_card,1,0,0,0,0
TXN101760,83.25,1,0,2935,2,134.76,16.29,0,restaurant,credit_card,0,0,0,1,0
TXN101761,258.73,2,0,1397,4,29.1,15.77,1,gas_station,credit_card,0,0,1,1,0
TXN101762,18.99,14,0,135,2,251.51,8.68,0,travel,credit_card,1,0,0,0,0
TXN101763,92.92,13,0,2870,4,329.57,34.31,0,grocery,credit_card,0,0,0,0,0
TXN101764,25.9,13,0,3039,2,171.73,44.48,0,other,credit_card,0,0,0,0,0
TXN101765,62.78,3,0,1722,2,148.34,37.81,0,gas_station,debit_card,0,0,0,1,0
TXN101766,177.62,12,0,1314,3,63.7,19.6,0,grocery,credit_card,0,0,0,1,0
TXN101767,112.78,1,0,201,3,104.17,7.17,0,online_retail,digital_wallet,1,0,0,0,0
TXN101768,67.81,3,0,2816,4,22.62,19.01,0,gas_station,credit_card,0,0,0,1,0
TXN101769,112.43,11,0,107,1,218.86,1.93,0,restaurant,debit_card,0,0,0,0,0
TXN101770,92.14,14,0,1400,1,41.71,14.03,0,online_retail,debit_card,0,0,0,1,0
TXN101771,237.62,15,0,3301,2,297.42,34.72,0,online_retail,credit_card,0,0,0,0,0
TXN101772,290.16,23,0,2112,1,208.78,6.05,0,grocery,debit_card,0,0,1,1,0
TXN101773,578.35,20,0,2422,3,116.42,12.73,0,online_retail,debit_card,0,0,0,0,0
TXN101774,270.96,9,1,177,2,172.14,1.36,0,electronics,digital_wallet,0,0,0,1,0
TXN101775,64.08,18,1,1757,2,201.08,33.59,0,grocery,digital_wallet,0,0,0,0,0
TXN101776,152.95,2,0,843,2,114.77,8.24,0,gas_station,digital_wallet,0,0,0,0,0
TXN101777,93.67,20,0,241,0,98.08,19.4,0,travel,credit_card,0,0,0,1,0
TXN101778,42.91,9,1,1656,4,145.33,7.88,0,restaurant,credit_card,0,1,1,0,0
TXN101779,334.56,18,0,2769,4,92.91,23.68,1,electronics,credit_card,0,0,0,0,0
TXN101780,11.99,23,0,1349,5,289.73,30.3,0,grocery,credit_card,0,0,1,0,0
TXN101781,357.12,16,0,2555,5,201.0,4.83,0,restaurant,credit_card,0,0,0,0,0
TXN101782,73.04,22,0,3574,3,145.67,14.88,0,gas_station,credit_card,0,0,1,0,0
TXN101783,139.6,0,1,2710,2,42.33,38.21,0,gas_station,debit_card,0,0,0,0,0
TXN101784,180.87,4,1,2353,4,271.11,24.98,0,other,credit_card,0,0,1,0,0
TXN101785,397.02,15,1,2584,2,77.64,1.1,0,jewelry,digital_wallet,0,0,1,1,0
TXN101786,179.2,12,0,2607,6,204.2,16.64,0,other,credit_card,0,0,1,1,1
TXN101787,122.06,2,0,2055,1,68.08,9.75,0,online_retail,credit_card,1,0,0,1,0
TXN101788,15.92,17,0,2272,1,91.96,28.34,0,grocery,credit_card,0,0,0,1,0
TXN101789,129.45,1,0,587,2,152.32,0.26,0,jewelry,credit_card,0,0,1,1,1
TXN101790,24.1,23,1,1075,0,203.89,7.2,0,other,debit_card,0,0,0,0,0
TXN101791,205.4,3,0,446,2,258.69,2.43,0,restaurant,digital_wallet,0,0,1,0,0
TXN101792,116.44,10,0,2008,3,218.95,50.94,0,grocery,credit_card,0,0,0,1,0
TXN101793,169.78,19,0,194,1,115.61,55.07,0,grocery,debit_card,0,0,0,1,0
TXN101794,9.11,12,1,2623,5,21.33,117.93,0,online_retail,debit_card,1,1,1,1,0
TXN101795,17.59,17,1,2317,1,53.22,18.88,0,online_retail,credit_card,0,0,0,1,0
TXN101796,186.52,16,1,1517,3,141.83,26.53,0,grocery,credit_card,0,1,1,1,0
TXN101797,15.93,22,0,746,1,15.34,18.05,0,other,credit_card,1,1,0,0,0
TXN101798,15.04,11,1,2437,5,353.48,16.51,0,restaurant,credit_card,0,0,1,1,0
TXN101799,6.48,23,0,1208,3,186.99,44.86,0,online_retail,digital_wallet,0,0,0,1,0
TXN101800,472.99,12,0,57,3,92.92,45.07,0,online_retail,digital_wallet,0,0,0,0,1
TXN101801,216.84,21,1,1307,1,56.48,26.26,0,electronics,debit_card,0,0,0,0,0
TXN101802,67.85,17,0,264,4,263.45,48.99,0,other,debit_card,0,0,0,0,0
TXN101803,54.99,3,1,142,4,74.54,46.48,0,other,credit_card,1,0,0,0,0
TXN101804,70.33,15,0,3177,4,382.94,7.51,0,gas_station,credit_card,0,1,0,1,0
TXN101805,181.47,21,0,342,0,238.95,6.6,0,travel,debit_card,1,0,0,0,0
TXN101806,177.29,3,0,1577,5,143.19,11.65,0,grocery,credit_card,1,0,1,1,0
TXN101807,35.72,20,0,1878,1,76.07,2.19,0,restaurant,credit_card,0,0,0,0,0
TXN101808,33.85,2,1,666,4,95.24,39.67,0,grocery,credit_card,0,0,1,1,0
TXN101809,23.05,20,0,3631,4,191.46,72.24,0,jewelry,credit_card,0,0,0,1,0
TXN101810,132.08,18,1,3171,1,325.92,22.19,0,gas_station,debit_card,1,0,0,1,0
TXN101811,175.05,3,0,1839,2,42.3,29.32,0,jewelry,credit_card,0,0,1,0,1
TXN101812,52.9,17,0,3177,1,447.15,7.75,0,gas_station,debit_card,0,0,0,1,0
TXN101813,8.17,2,0,1809,2,396.65,56.32,1,restaurant,debit_card,0,0,1,0,0
TXN101814,18.23,13,1,3441,2,55.1,61.16,0,online_retail,credit_card,0,0,0,1,0
TXN101815,492.56,22,1,3264,1,98.84,1.41,0,other,debit_card,0,1,0,0,1
TXN101816,62.3,4,1,2839,3,233.72,3.77,0,grocery,credit_card,1,0,0,0,0
TXN101817,251.59,4,0,744,1,352.43,8.31,0,travel,digital_wallet,1,0,0,0,0
TXN101818,161.08,10,1,937,2,89.29,23.79,0,electronics,debit_card,0,0,0,0,0
TXN101819,74.8,8,0,1537,5,35.48,4.08,0,grocery,credit_card,0,0,1,0,0
TXN101820,30.7,1,0,2489,0,241.17,4.92,0,grocery,debit_card,1,0,0,0,0
TXN101821,26.77,10,0,2792,4,169.46,8.57,0,restaurant,digital_wallet,3,0,0,1,0
TXN101822,171.58,6,0,1024,2,136.99,17.15,0,online_retail,credit_card,0,0,0,1,0
TXN101823,246.88,2,1,786,3,323.32,94.91,1,online_retail,digital_wallet,0,0,1,1,0
TXN101824,143.86,6,1,2776,3,186.87,33.15,0,online_retail,debit_card,0,0,1,0,0
TXN101825,128.32,0,0,1850,2,54.51,14.79,0,jewelry,debit_card,0,0,0,1,0
TXN101826,12.67,21,0,25,4,275.14,0.85,0,other,credit_card,0,0,1,1,0
TXN101827,631.32,23,1,3288,0,72.03,12.69,0,online_retail,debit_card,1,0,0,0,1
TXN101828,220.96,8,0,1466,1,29.61,4.44,0,grocery,debit_card,0,0,0,1,1
TXN101829,55.44,21,1,1974,9,100.68,8.42,0,online_retail,digital_wallet,0,0,0,0,0
TXN101830,647.08,11,0,2411,2,128.23,4.95,0,online_retail,credit_card,1,0,0,0,0
TXN101831,144.14,21,1,885,2,154.17,10.04,0,grocery,digital_wallet,1,0,0,0,0
TXN101832,118.93,4,1,3518,1,116.14,1.34,0,electronics,debit_card,0,0,0,1,0
TXN101833,222.59,6,0,387,1,512.35,17.65,0,electronics,digital_wallet,1,0,0,0,0
TXN101834,273.88,17,1,2916,3,147.12,1.13,0,gas_station,credit_card,1,0,0,0,0
TXN101835,167.03,5,0,1082,6,152.99,25.15,0,travel,credit_card,0,0,0,1,0
TXN101836,26.24,19,0,2901,1,34.42,20.39,0,restaurant,credit_card,0,1,0,0,0
TXN101837,64.88,10,0,2402,0,255.42,10.95,0,gas_station,digital_wallet,0,1,1,1,0
TXN101838,477.45,9,1,2038,2,134.0,29.17,0,other,credit_card,0,0,0,0,0
TXN101839,38.74,10,0,2087,10,234.69,72.99,0,restaurant,digital_wallet,0,1,1,1,0
TXN101840,69.73,19,0,107,5,269.95,10.62,0,online_retail,credit_card,1,0,0,1,0
TXN101841,89.99,0,1,3558,4,82.21,19.52,0,grocery,credit_card,0,0,0,0,0
TXN101842,102.02,18,1,153,3,141.21,10.63,0,electronics,debit_card,2,0,1,1,0
TXN101843,123.14,18,1,1765,5,214.97,10.32,0,online_retail,credit_card,2,0,1,0,0
TXN101844,371.63,19,0,1871,2,60.01,0.38,0,grocery,credit_card,0,0,0,1,0
TXN101845,36.26,23,0,1895,5,171.02,1.47,1,grocery,credit_card,0,0,0,1,1
TXN101846,24.53,18,0,1633,2,461.01,27.57,0,jewelry,credit_card,0,0,1,0,0
TXN101847,33.23,12,0,3453,3,158.31,3.71,0,grocery,credit_card,1,1,0,0,0
TXN101848,316.99,11,0,2150,3,129.42,14.59,0,other,credit_card,0,0,1,0,0
TXN101849,173.96,9,1,2302,3,252.98,22.54,0,electronics,digital_wallet,2,1,0,1,1
TXN101850,51.4,19,1,2368,6,152.9,137.21,0,travel,digital_wallet,1,0,0,0,0
TXN101851,266.17,9,1,3101,3,514.92,22.49,1,restaurant,debit_card,0,0,0,0,0
TXN101852,290.76,13,0,2701,7,285.58,3.35,1,grocery,credit_card,0,1,0,0,0
TXN101853,310.15,2,0,1224,0,102.85,29.26,0,jewelry,digital_wallet,1,0,0,0,1
TXN101854,404.26,7,0,2010,0,297.0,15.07,0,restaurant,debit_card,1,0,0,0,0
TXN101855,44.73,6,0,3064,4,60.24,61.55,0,other,credit_card,0,0,0,0,0
TXN101856,211.67,10,0,764,5,186.34,36.21,0,other,debit_card,0,0,1,1,0
TXN101857,110.6,12,1,1599,5,355.57,15.72,0,gas_station,credit_card,1,0,0,1,0
TXN101858,295.39,17,1,706,1,38.5,19.4,0,grocery,credit_card,0,0,0,0,0
TXN101859,169.61,10,0,44,2,156.4,13.79,0,electronics,debit_card,0,0,0,1,0
TXN101860,248.52,3,0,119,3,94.65,17.57,0,electronics,digital_wallet,3,0,1,1,0
TXN101861,144.99,13,0,1179,5,56.83,25.45,0,gas_station,credit_card,1,0,0,1,0
TXN101862,40.64,1,1,1858,4,62.82,1.49,0,online_retail,credit_card,1,0,0,1,0
TXN101863,139.23,20,1,2327,3,571.07,26.03,1,grocery,debit_card,0,0,0,1,0
TXN101864,654.05,18,0,3213,4,187.69,1.76,0,restaurant,credit_card,1,0,1,0,0
TXN101865,428.63,5,1,70,3,290.84,47.89,0,electronics,digital_wallet,0,0,0,1,0
TXN101866,11.33,6,0,2785,3,130.01,59.88,0,online_retail,digital_wallet,0,0,0,0,0
TXN101867,34.74,0,1,3732,1,171.35,42.1,0,other,credit_card,0,0,0,0,0
TXN101868,25.05,8,0,1351,4,235.29,21.73,0,gas_station,debit_card,1,0,0,0,0
TXN101869,204.89,0,0,63,1,204.92,49.39,0,online_retail,debit_card,2,0,0,1,0
TXN101870,289.11,22,0,1523,2,439.49,5.75,1,gas_station,debit_card,0,0,0,1,0
TXN101871,38.36,3,1,1652,5,235.63,4.24,0,online_retail,credit_card,0,0,0,0,1
TXN101872,102.85,15,0,1751,1,135.06,13.4,1,online_retail,debit_card,0,0,1,0,0
TXN101873,243.09,13,0,928,7,263.86,0.2,0,online_retail,debit_card,0,0,0,1,0
TXN101874,178.62,5,0,2883,3,85.87,48.66,0,electronics,credit_card,0,0,0,0,0
TXN101875,98.13,19,0,2246,4,131.23,0.71,0,restaurant,credit_card,0,1,0,0,0
TXN101876,151.58,2,0,1652,2,357.99,22.55,0,other,credit_card,0,0,0,0,0
TXN101877,138.53,21,1,554,3,133.19,8.7,0,gas_station,credit_card,0,0,0,1,0
TXN101878,68.8,17,0,1842,2,80.98,1.84,0,other,digital_wallet,2,1,0,1,1
TXN101879,106.85,15,1,1747,2,132.77,0.48,0,other,debit_card,1,0,0,1,0
TXN101880,196.51,21,1,710,7,118.13,5.24,0,online_retail,credit_card,0,0,0,0,1
TXN101881,373.52,9,0,2514,1,35.54,2.29,0,grocery,debit_card,0,0,0,0,0
TXN101882,148.35,6,0,2168,3,71.67,53.64,0,online_retail,digital_wallet,0,0,1,0,0
TXN101883,222.46,3,0,1319,3,108.21,5.11,0,grocery,debit_card,0,0,0,1,0
TXN101884,24.5,22,0,1894,5,145.52,2.15,0,grocery,credit_card,0,0,1,1,0
TXN101885,101.04,9,0,270,1,451.27,39.03,1,electronics,credit_card,2,0,1,1,0
TXN101886,5.64,19,1,529,2,297.2,11.35,0,grocery,credit_card,0,0,1,1,0
TXN101887,48.64,7,0,825,2,166.86,47.28,0,travel,credit_card,0,0,0,0,0
TXN101888,165.38,22,0,1810,0,107.7,48.44,1,gas_station,debit_card,0,0,1,1,0
TXN101889,774.58,20,1,4458,3,63.21,87.77,0,gas_station,digital_wallet,1,0,0,0,0
TXN101890,23.37,7,0,1315,6,508.15,34.23,0,grocery,digital_wallet,0,0,1,1,1
TXN101891,74.64,11,0,2909,3,135.57,4.47,0,other,digital_wallet,0,0,0,1,0
TXN101892,215.04,19,1,182,5,183.62,13.52,0,gas_station,debit_card,0,0,0,0,0
TXN101893,30.29,5,1,600,2,89.88,15.93,0,grocery,debit_card,1,0,0,1,0
TXN101894,122.5,0,1,2513,2,37.01,11.74,0,restaurant,debit_card,0,1,0,0,0
TXN101895,189.43,6,0,730,0,382.56,7.68,0,online_retail,credit_card,0,0,0,1,0
TXN101896,123.33,14,0,1795,5,105.56,3.57,0,restaurant,debit_card,0,0,1,0,0
TXN101897,38.26,3,1,714,3,130.98,26.03,0,jewelry,credit_card,0,0,1,1,0
TXN101898,67.14,8,0,2031,6,100.36,1.62,0,restaurant,debit_card,1,1,0,0,0
TXN101899,206.3,22,0,1011,2,104.4,1.15,0,grocery,debit_card,2,0,0,1,1
TXN101900,118.07,1,1,114,1,121.29,8.94,0,restaurant,credit_card,0,0,1,1,1
TXN101901,6.58,1,0,3531,3,24.75,24.95,0,online_retail,debit_card,1,0,1,0,0
TXN101902,236.17,10,1,2306,4,114.73,49.7,0,other,credit_card,1,0,1,1,0
TXN101903,10.23,0,0,2302,5,205.13,14.67,0,restaurant,digital_wallet,2,0,0,1,0
TXN101904,226.64,0,0,1186,3,411.31,37.38,1,jewelry,debit_card,0,0,0,0,0
TXN101905,33.88,4,0,1736,7,98.03,0.49,0,electronics,credit_card,1,1,1,1,0
TXN101906,482.65,2,1,1923,5,77.95,13.31,0,restaurant,debit_card,0,1,1,0,0
TXN101907,75.14,19,0,3310,5,191.34,3.45,0,other,credit_card,0,0,1,1,0
TXN101908,60.86,2,1,1759,2,145.48,20.32,0,jewelry,debit_card,0,0,0,0,0
TXN101909,30.75,12,0,1196,2,76.79,46.67,0,gas_station,digital_wallet,0,0,0,1,0
TXN101910,54.37,16,0,1461,5,288.0,0.17,1,grocery,credit_card,0,1,0,0,0
TXN101911,339.03,15,1,1268,0,416.37,18.71,0,grocery,debit_card,1,0,0,1,0
TXN101912,904.25,15,1,310,3,106.32,27.51,0,grocery,credit_card,1,0,0,0,0
TXN101913,52.07,8,0,1015,1,141.33,26.67,0,online_retail,credit_card,0,0,0,0,0
TXN101914,108.78,21,0,3418,3,130.74,0.48,0,restaurant,credit_card,0,0,0,0,0
TXN101915,136.7,1,0,3576,4,140.65,3.09,0,jewelry,credit_card,0,1,0,0,0
TXN101916,307.4,2,0,1742,3,82.7,2.32,0,other,debit_card,0,0,0,0,0
TXN101917,158.17,20,0,1506,1,104.25,1.77,0,jewelry,digital_wallet,1,0,0,0,0
TXN101918,76.55,1,0,1607,2,9.16,24.23,0,grocery,credit_card,1,0,0,0,0
TXN101919,71.13,4,0,1355,2,65.46,13.48,0,restaurant,debit_card,0,0,0,0,0
TXN101920,160.86,4,0,2218,2,273.99,22.34,0,grocery,credit_card,2,1,0,1,1
TXN101921,6.2,0,0,2978,1,183.8,13.51,1,restaurant,debit_card,0,0,0,1,0
TXN101922,119.09,2,0,680,2,83.88,2.41,0,electronics,digital_wallet,0,0,0,1,0
TXN101923,81.18,13,0,17,1,261.92,26.04,0,grocery,credit_card,0,0,0,1,0
TXN101924,240.53,15,0,576,3,86.09,25.97,0,grocery,credit_card,0,1,1,0,1
TXN101925,17.02,1,1,1334,1,28.89,2.48,0,travel,credit_card,2,0,0,0,1
TXN101926,128.75,22,1,768,4,137.47,63.96,0,grocery,debit_card,1,0,1,1,0
TXN101927,91.49,2,1,4309,0,165.4,5.2,0,grocery,credit_card,0,1,0,0,0
TXN101928,176.66,16,0,3167,5,212.07,19.64,0,online_retail,digital_wallet,0,1,0,0,0
TXN101929,16.44,19,1,1619,1,383.74,0.7,0,online_retail,credit_card,2,0,0,0,0
TXN101930,109.93,12,0,2156,3,89.71,14.23,0,grocery,credit_card,0,0,1,1,0
TXN101931,122.57,11,1,966,3,55.34,76.6,0,restaurant,credit_card,0,1,0,0,0
TXN101932,115.74,2,1,1792,1,102.56,49.15,0,online_retail,debit_card,0,0,1,0,0
TXN101933,167.9,5,0,3154,4,107.55,6.05,0,grocery,credit_card,1,0,0,0,0
TXN101934,148.2,20,0,2633,2,161.65,46.03,0,other,credit_card,0,0,1,1,0
TXN101935,303.31,8,1,446,1,267.15,4.72,0,gas_station,debit_card,0,0,0,1,0
TXN101936,51.96,0,0,25,3,60.69,49.57,0,electronics,credit_card,0,0,0,0,0
TXN101937,231.81,17,1,1953,1,104.19,22.47,1,restaurant,digital_wallet,0,0,0,0,0
TXN101938,99.98,16,0,322,3,97.51,9.18,0,restaurant,digital_wallet,0,0,1,1,0
TXN101939,15.47,1,1,623,3,47.27,49.94,0,travel,credit_card,0,0,1,1,0
TXN101940,12.06,1,0,754,3,206.56,13.39,0,gas_station,credit_card,1,0,1,1,0
TXN101941,66.78,2,1,2856,4,199.28,6.27,0,online_retail,credit_card,0,1,1,1,0
TXN101942,203.23,1,1,1818,2,136.42,4.63,0,jewelry,digital_wallet,2,1,0,1,1
TXN101943,145.87,14,1,1585,2,44.95,46.72,0,grocery,debit_card,1,1,1,0,0
TXN101944,227.5,3,0,2004,1,80.87,32.98,0,online_retail,debit_card,0,1,1,1,1
TXN101945,92.02,14,0,424,3,98.89,6.64,0,other,debit_card,0,0,0,1,0
TXN101946,84.09,4,0,2924,2,24.41,5.01,0,gas_station,credit_card,1,0,0,1,1
TXN101947,25.94,23,0,456,3,61.83,5.13,0,travel,debit_card,0,0,0,0,0
TXN101948,58.25,17,1,3080,2,118.82,4.66,0,grocery,digital_wallet,0,0,1,1,0
TXN101949,114.91,8,0,3828,1,389.76,2.13,0,restaurant,digital_wallet,0,0,0,0,0
TXN101950,19.05,10,0,3362,2,257.65,13.46,0,restaurant,credit_card,0,0,1,1,0
TXN101951,43.66,1,0,2818,6,126.9,0.88,0,online_retail,credit_card,0,0,0,1,0
TXN101952,114.56,1,0,906,5,534.51,0.19,0,grocery,debit_card,0,0,1,1,1
TXN101953,189.14,12,0,3781,2,236.14,19.74,0,travel,credit_card,1,1,0,0,0
TXN101954,991.1,0,0,2751,4,112.1,1.99,0,jewelry,credit_card,0,0,0,1,0
TXN101955,363.2,15,0,2343,4,79.52,29.67,1,online_retail,debit_card,0,0,1,1,0
TXN101956,177.66,9,0,2569,1,86.32,2.35,0,restaurant,debit_card,0,0,0,1,0
TXN101957,75.33,3,0,2049,4,163.52,13.76,0,electronics,credit_card,1,0,0,0,0
TXN101958,151.37,12,0,2013,4,289.64,23.02,1,electronics,credit_card,0,0,0,1,0
TXN101959,219.99,13,1,279,0,79.83,5.93,0,online_retail,debit_card,0,0,0,0,0
TXN101960,24.37,17,0,774,2,48.98,42.46,0,restaurant,credit_card,1,1,0,0,0
TXN101961,77.9,4,0,4455,5,105.09,15.48,0,electronics,digital_wallet,0,0,0,1,0
TXN101962,270.75,13,0,1793,0,43.39,8.74,0,gas_station,digital_wallet,1,0,0,0,0
TXN101963,75.47,20,1,759,3,80.62,54.5,0,electronics,credit_card,1,1,1,1,0
TXN101964,121.09,6,0,2156,1,80.66,42.03,0,grocery,debit_card,0,0,0,0,0
TXN101965,146.2,20,1,807,4,21.77,30.15,1,restaurant,credit_card,0,0,0,1,0
TXN101966,36.62,17,0,3363,2,103.52,7.35,0,electronics,debit_card,0,0,0,1,0
TXN101967,71.7,10,0,2823,0,32.41,7.33,0,grocery,credit_card,0,0,0,0,0
TXN101968,62.76,21,0,751,5,12.62,20.3,0,restaurant,credit_card,1,1,0,1,0
TXN101969,9.88,23,0,2534,2,358.06,3.95,1,jewelry,debit_card,0,0,0,1,0
TXN101970,8.43,5,0,788,4,352.16,13.46,0,online_retail,credit_card,0,0,0,1,0
TXN101971,262.46,23,0,2274,2,163.87,28.55,0,grocery,debit_card,2,0,0,1,0
TXN101972,53.51,0,0,2077,5,90.03,18.54,0,travel,credit_card,0,1,0,0,0
TXN101973,140.35,3,0,2399,3,33.85,36.54,0,electronics,debit_card,0,0,0,0,0
TXN101974,49.58,1,1,260,4,118.19,43.69,0,online_retail,debit_card,0,0,0,0,0
TXN101975,470.21,8,1,1424,1,77.51,68.92,0,gas_station,digital_wallet,1,0,0,0,0
TXN101976,39.85,22,0,167,0,416.23,10.87,0,grocery,debit_card,1,0,0,1,0
TXN101977,91.59,14,0,2077,9,122.08,1.04,1,restaurant,debit_card,1,0,0,1,0
TXN101978,379.59,14,0,2407,3,96.21,35.15,0,other,debit_card,0,0,0,1,0
TXN101979,298.72,2,1,2733,3,571.35,2.52,1,restaurant,credit_card,1,0,0,0,0
TXN101980,36.63,12,0,3255,5,123.16,4.87,1,jewelry,debit_card,0,1,0,0,0
TXN101981,232.25,9,0,1181,2,202.61,28.53,0,restaurant,debit_card,2,0,0,1,0
TXN101982,97.29,11,0,2375,2,142.85,26.77,0,gas_station,credit_card,1,0,1,1,0
TXN101983,100.85,6,0,3032,3,122.52,23.37,1,gas_station,debit_card,0,0,0,0,1
TXN101984,24.11,4,0,1248,1,204.22,13.36,0,gas_station,debit_card,0,0,0,1,1
TXN101985,17.01,22,1,3025,4,703.11,48.52,0,online_retail,credit_card,0,0,1,1,0
TXN101986,205.08,13,1,1136,6,41.27,39.34,0,other,credit_card,0,0,0,1,1
TXN101987,98.42,9,1,2018,4,89.45,17.31,0,gas_station,credit_card,1,0,1,0,0
TXN101988,82.73,1,0,1202,8,112.42,9.25,0,electronics,debit_card,0,0,0,0,0
TXN101989,170.84,18,0,1018,4,199.17,12.75,0,online_retail,digital_wallet,0,0,0,1,0
TXN101990,233.23,11,0,2423,2,528.07,3.71,1,online_retail,debit_card,0,0,0,1,0
TXN101991,33.05,9,0,235,1,92.25,26.16,0,electronics,debit_card,1,0,0,0,0
TXN101992,150.45,16,0,3129,2,229.47,41.08,0,electronics,credit_card,1,0,1,1,0
TXN101993,30.11,3,0,2972,4,192.19,36.47,0,electronics,debit_card,0,0,0,1,0
TXN101994,216.04,12,0,1259,2,45.19,13.94,0,travel,debit_card,0,0,0,0,0
TXN101995,173.45,20,0,1905,7,143.77,33.15,0,jewelry,credit_card,0,0,1,0,1
TXN101996,493.3,11,0,2807,3,167.13,32.49,0,gas_station,debit_card,1,1,0,1,0
TXN101997,15.55,0,1,701,6,72.27,29.72,0,gas_station,credit_card,2,0,0,0,0
TXN101998,12.96,5,0,2119,2,28.14,72.0,0,other,credit_card,1,0,0,0,0
TXN101999,71.39,1,0,3875,2,84.44,36.56,0,restaurant,credit_card,1,0,0,1,0
TXN102000,47.84,12,0,460,5,52.35,6.28,0,gas_station,digital_wallet,0,1,0,0,0
TXN102001,43.9,8,0,3243,6,28.05,31.56,0,online_retail,credit_card,0,0,0,0,0
TXN102002,379.33,3,1,1374,4,61.09,8.01,0,restaurant,debit_card,0,1,0,1,0
TXN102003,49.53,16,0,605,4,363.54,12.1,0,grocery,debit_card,2,0,0,1,0
TXN102004,44.45,4,0,982,0,34.24,31.08,0,restaurant,credit_card,0,0,0,1,0
TXN102005,250.23,8,0,131,3,188.39,10.97,0,electronics,credit_card,0,0,0,1,0
TXN102006,93.54,23,0,1168,5,108.29,0.59,0,electronics,credit_card,1,0,0,1,0
TXN102007,201.2,1,0,765,3,121.78,19.93,1,electronics,debit_card,0,0,0,1,0
TXN102008,17.46,5,0,1017,5,281.66,52.8,0,gas_station,credit_card,0,0,0,1,0
TXN102009,113.5,7,0,2317,4,152.83,45.88,0,restaurant,digital_wallet,0,0,0,1,0
TXN102010,8.7,12,1,549,0,148.93,32.05,1,gas_station,credit_card,0,0,0,0,0
TXN102011,18.21,5,0,28,5,23.99,49.21,0,jewelry,debit_card,2,0,0,1,0
TXN102012,390.02,23,0,2528,6,86.75,49.47,0,online_retail,credit_card,1,0,0,0,0
TXN102013,27.46,0,0,3106,1,405.9,0.5,0,restaurant,credit_card,0,0,0,1,0
TXN102014,144.06,22,0,1878,2,58.55,9.11,0,jewelry,credit_card,0,0,0,1,0
TXN102015,86.05,12,1,3557,2,408.54,7.24,0,online_retail,digital_wallet,0,0,0,0,0
TXN102016,68.78,0,0,495,1,86.5,5.65,0,jewelry,credit_card,2,0,0,0,0
TXN102017,323.47,2,0,1553,3,56.46,33.71,0,electronics,credit_card,0,0,0,1,0
TXN102018,8.91,2,0,1767,4,15.68,18.4,0,online_retail,debit_card,2,0,0,1,1
TXN102019,178.42,6,0,18,3,26.0,41.18,0,electronics,credit_card,0,0,0,1,0
TXN102020,502.01,7,0,3856,7,27.94,16.23,0,online_retail,digital_wallet,1,0,0,1,0
TXN102021,116.61,15,1,956,0,34.48,30.19,0,online_retail,digital_wallet,4,0,1,0,1
TXN102022,425.86,7,1,1707,5,238.81,10.71,0,online_retail,credit_card,0,0,0,0,0
TXN102023,12.94,17,0,1777,2,49.57,28.24,0,online_retail,credit_card,0,0,1,1,1
TXN102024,73.62,7,0,4141,4,224.6,23.85,1,travel,debit_card,0,0,0,0,0
TXN102025,42.07,6,0,2100,3,122.76,9.26,0,grocery,debit_card,1,0,0,1,0
TXN102026,216.02,6,0,3670,1,186.77,112.32,0,gas_station,debit_card,0,0,0,1,0
TXN102027,440.45,7,0,3042,1,276.5,13.59,0,travel,digital_wallet,2,0,0,1,0
TXN102028,50.69,20,1,1492,5,38.85,9.06,0,other,credit_card,0,0,0,1,0
TXN102029,155.11,5,0,2754,3,34.45,27.22,0,restaurant,credit_card,0,0,0,1,0
TXN102030,44.6,6,1,2096,4,188.44,4.33,0,restaurant,debit_card,1,0,0,0,0
TXN102031,122.51,22,0,3397,7,318.35,51.91,0,online_retail,digital_wallet,1,0,0,0,0
TXN102032,106.63,15,0,2008,8,66.0,32.51,0,online_retail,credit_card,1,0,0,1,0
TXN102033,516.18,4,1,3372,1,74.84,47.14,0,grocery,digital_wallet,1,0,1,1,0
TXN102034,147.68,20,1,923,9,89.86,8.04,1,electronics,credit_card,1,0,0,1,0
TXN102035,75.93,4,1,2469,2,37.23,38.93,0,electronics,credit_card,1,1,0,1,0
TXN102036,21.92,3,0,1228,5,225.6,13.11,0,grocery,credit_card,0,0,0,1,0
TXN102037,33.36,10,0,3430,6,212.19,1.18,0,grocery,debit_card,0,0,0,1,0
TXN102038,38.43,16,0,423,2,2.36,2.91,0,online_retail,credit_card,0,1,1,1,1
TXN102039,50.09,4,0,1121,1,353.58,6.47,0,restaurant,credit_card,3,0,1,1,0
TXN102040,324.17,18,0,2931,5,71.01,36.12,0,jewelry,debit_card,1,0,0,0,0
TXN102041,139.16,3,0,2830,3,132.72,3.36,0,electronics,digital_wallet,1,0,1,1,0
TXN102042,146.2,18,0,458,2,98.67,19.38,0,gas_station,debit_card,0,1,0,0,0
TXN102043,21.25,2,0,1669,2,59.01,21.11,0,grocery,debit_card,0,0,0,1,0
TXN102044,254.3,11,0,356,7,209.14,28.68,1,gas_station,credit_card,2,0,0,0,0
TXN102045,175.25,15,1,1792,4,123.89,33.48,0,other,credit_card,1,0,1,1,1
TXN102046,16.79,6,1,1117,4,441.42,18.48,0,online_retail,debit_card,0,0,0,0,0
TXN102047,201.24,14,1,436,3,87.62,4.79,1,online_retail,digital_wallet,2,0,0,0,1
TXN102048,124.15,16,0,3460,3,204.34,15.91,0,other,credit_card,0,0,0,1,0
TXN102049,15.55,15,0,1334,6,282.78,6.95,1,gas_station,credit_card,0,0,0,0,0
TXN102050,106.31,9,0,3730,2,366.87,23.33,0,grocery,digital_wallet,0,0,0,0,0
TXN102051,90.17,18,0,1613,3,160.33,29.88,1,gas_station,debit_card,0,0,0,0,0
TXN102052,36.99,17,0,1111,2,43.26,6.32,0,grocery,credit_card,1,1,0,0,0
TXN102053,622.76,7,0,1581,3,113.57,22.07,0,online_retail,digital_wallet,0,0,0,0,0
TXN102054,302.56,17,0,1836,4,114.34,1.15,0,online_retail,credit_card,0,0,1,0,0
TXN102055,183.24,22,0,1985,2,195.24,47.49,1,online_retail,credit_card,0,1,0,0,1
TXN102056,92.44,19,0,1318,3,52.14,25.65,0,grocery,debit_card,0,0,0,1,0
TXN102057,68.07,17,0,723,4,222.25,9.79,0,grocery,credit_card,2,0,0,0,0
TXN102058,151.52,18,0,2587,1,329.61,34.29,0,other,credit_card,0,0,0,1,0
TXN102059,108.11,19,0,1531,7,404.86,56.14,0,restaurant,credit_card,0,0,1,1,0
TXN102060,12.31,6,0,1055,4,92.48,4.52,0,travel,debit_card,1,0,0,0,0
TXN102061,138.66,17,1,1232,1,69.72,9.63,0,gas_station,debit_card,1,0,0,0,0
TXN102062,259.66,4,0,3164,3,36.96,6.63,0,other,credit_card,1,0,0,0,0
TXN102063,101.75,8,1,1475,1,299.0,7.75,0,restaurant,credit_card,0,0,0,1,0
TXN102064,12.53,22,1,1847,5,176.24,10.13,0,grocery,credit_card,0,0,1,0,0
TXN102065,231.61,6,0,2690,2,119.7,13.58,0,online_retail,credit_card,0,0,1,0,0
TXN102066,43.48,20,1,945,2,335.35,0.84,0,other,debit_card,0,0,0,1,0
TXN102067,49.7,10,0,1584,4,437.16,1.18,0,jewelry,debit_card,0,0,0,1,0
TXN102068,34.1,5,0,4231,0,292.04,20.52,0,online_retail,credit_card,1,0,0,1,0
TXN102069,63.61,2,1,3501,1,21.52,14.97,0,electronics,credit_card,1,0,0,1,0
TXN102070,208.32,13,0,886,7,264.43,1.32,0,travel,digital_wallet,1,0,1,1,0
TXN102071,97.05,10,0,1841,3,44.63,7.73,0,grocery,digital_wallet,2,0,1,1,0
TXN102072,31.07,12,1,1385,2,40.43,8.24,0,online_retail,credit_card,0,0,0,1,0
TXN102073,310.45,1,1,2658,3,338.94,25.1,1,grocery,credit_card,0,0,0,1,0
TXN102074,324.71,6,1,1473,2,191.21,2.48,0,gas_station,credit_card,0,0,1,0,0
TXN102075,267.12,0,0,1178,4,129.2,125.19,0,restaurant,debit_card,0,1,0,1,0
TXN102076,45.74,7,0,364,0,379.89,12.63,0,travel,credit_card,0,0,1,1,0
TXN102077,95.62,22,0,3581,1,151.96,27.46,0,grocery,digital_wallet,0,0,1,1,0
TXN102078,490.13,3,0,1735,4,569.5,46.69,0,electronics,debit_card,0,0,0,0,0
TXN102079,203.19,16,0,568,2,299.95,0.7,0,online_retail,credit_card,1,1,0,0,0
TXN102080,9.59,0,1,1970,7,165.77,19.28,1,online_retail,credit_card,2,0,0,1,1
TXN102081,15.83,13,0,2983,5,226.8,16.52,0,online_retail,debit_card,0,0,0,1,0
TXN102082,85.78,22,0,12,3,57.23,1.6,1,other,credit_card,0,0,0,0,0
TXN102083,371.9,8,0,3314,3,105.6,17.63,0,online_retail,debit_card,0,0,0,0,1
TXN102084,136.86,4,0,2126,1,46.49,4.93,0,electronics,debit_card,0,0,0,0,0
TXN102085,118.91,13,0,2762,9,99.82,25.09,0,restaurant,debit_card,0,0,1,1,0
TXN102086,21.47,6,0,1270,4,240.02,9.09,0,gas_station,credit_card,0,0,0,1,0
TXN102087,156.38,21,1,1616,5,75.7,27.37,0,travel,debit_card,1,0,0,0,0
TXN102088,244.78,20,0,2266,4,116.32,51.64,0,online_retail,credit_card,0,0,0,0,0
TXN102089,81.25,15,1,3426,2,104.21,51.89,0,electronics,digital_wallet,0,0,0,1,0
TXN102090,234.59,15,0,4012,6,14.54,13.01,0,other,debit_card,0,0,0,0,0
TXN102091,545.3,14,0,609,5,285.84,7.91,0,restaurant,debit_card,0,0,0,1,0
TXN102092,39.8,17,1,1889,2,430.31,107.39,0,electronics,credit_card,0,0,0,1,0
TXN102093,128.13,11,0,886,7,51.14,20.46,0,restaurant,digital_wallet,0,0,0,0,0
TXN102094,56.41,23,1,709,2,293.57,11.13,0,other,debit_card,0,0,0,1,1
TXN102095,264.96,8,0,1866,5,194.02,13.4,1,other,credit_card,1,0,1,0,1
TXN102096,149.06,0,0,2699,7,218.2,3.49,0,electronics,debit_card,0,0,1,1,1
TXN102097,141.65,16,0,2815,1,85.45,11.41,0,gas_station,digital_wallet,0,0,0,1,0
TXN102098,197.1,15,0,627,3,224.69,2.75,0,restaurant,debit_card,0,0,1,0,0
TXN102099,97.02,23,0,81,0,406.03,9.72,1,grocery,debit_card,1,0,0,1,0
TXN102100,386.65,9,1,2050,4,114.47,15.74,0,gas_station,credit_card,1,0,0,1,0
TXN102101,97.05,10,1,2231,0,130.61,62.17,0,grocery,debit_card,0,0,0,0,0
TXN102102,28.26,13,1,3751,2,39.91,22.12,0,electronics,credit_card,1,0,1,0,0
TXN102103,201.37,9,1,660,1,147.32,10.22,0,gas_station,debit_card,0,0,0,0,0
TXN102104,233.47,18,1,3229,3,135.78,1.84,0,electronics,credit_card,2,0,1,0,0
TXN102105,58.44,10,0,1230,0,325.96,28.93,1,grocery,debit_card,0,0,0,1,1
TXN102106,351.27,18,0,934,3,124.33,15.94,0,online_retail,digital_wallet,0,0,0,1,0
TXN102107,317.4,10,1,2513,1,76.4,1.45,0,online_retail,digital_wallet,0,0,0,1,1
TXN102108,48.73,5,0,1432,1,40.47,16.9,0,electronics,credit_card,0,0,0,0,0
TXN102109,636.8,23,0,1390,2,329.22,8.12,0,electronics,digital_wallet,2,0,0,0,0
TXN102110,29.08,12,0,2953,1,32.51,11.44,1,electronics,digital_wallet,0,0,0,0,0
TXN102111,41.23,16,0,1678,1,73.66,50.44,0,gas_station,credit_card,1,0,0,0,0
TXN102112,39.65,14,0,662,3,234.44,2.07,0,grocery,credit_card,1,0,0,0,0
TXN102113,349.87,8,1,1338,3,133.63,8.88,0,grocery,debit_card,0,0,0,1,0
TXN102114,174.26,23,0,534,10,66.93,7.64,0,restaurant,credit_card,0,0,0,0,0
TXN102115,28.84,8,0,3643,2,99.19,0.08,1,jewelry,debit_card,1,0,0,0,0
TXN102116,92.76,23,1,3372,5,164.08,41.5,0,electronics,credit_card,1,0,1,0,0
TXN102117,150.22,10,0,2803,3,145.78,34.59,0,grocery,credit_card,0,0,1,1,0
TXN102118,18.54,0,0,1945,1,109.65,24.29,0,restaurant,credit_card,0,0,0,0,0
TXN102119,357.77,0,1,2998,1,304.44,56.28,0,online_retail,credit_card,1,0,0,1,0
TXN102120,266.3,23,0,1860,1,360.2,6.18,0,online_retail,credit_card,2,0,0,0,0
TXN102121,111.13,12,0,803,3,175.78,3.92,0,restaurant,debit_card,1,0,0,1,0
TXN102122,469.4,9,0,1590,6,51.34,1.84,0,grocery,credit_card,2,0,0,1,0
TXN102123,86.83,19,0,3143,5,227.0,20.81,0,electronics,credit_card,0,0,0,0,0
TXN102124,624.21,14,0,428,1,12.68,15.19,1,other,debit_card,0,0,0,0,0
TXN102125,174.36,15,0,158,4,150.92,29.37,0,electronics,credit_card,0,0,0,0,0
TXN102126,203.34,16,0,2013,3,176.26,15.68,0,online_retail,credit_card,0,0,0,1,0
TXN102127,30.26,4,1,1568,2,252.12,6.56,0,other,credit_card,1,0,1,0,0
TXN102128,342.39,2,0,825,4,257.82,32.45,0,restaurant,credit_card,2,0,0,0,0
TXN102129,100.79,17,0,1405,3,80.85,12.37,0,restaurant,credit_card,1,0,1,1,1
TXN102130,31.92,0,0,2777,4,175.91,51.5,0,grocery,credit_card,0,1,1,1,0
TXN102131,9.13,17,1,2459,7,289.03,13.43,0,other,credit_card,0,1,0,1,0
TXN102132,122.38,3,0,959,2,79.31,2.04,0,grocery,digital_wallet,1,0,0,1,0
TXN102133,122.09,6,1,3544,3,141.9,38.99,0,restaurant,credit_card,1,0,0,0,0
TXN102134,177.72,16,1,1175,7,67.42,39.63,0,grocery,debit_card,0,1,1,0,1
TXN102135,322.54,14,1,541,6,84.08,12.61,1,travel,credit_card,1,0,0,0,1
TXN102136,17.94,18,1,550,1,103.42,0.45,0,jewelry,digital_wallet,1,0,0,1,0
TXN102137,223.85,14,0,3033,4,294.86,0.58,0,online_retail,credit_card,0,0,0,1,0
TXN102138,37.54,1,0,72,3,33.69,7.29,0,grocery,credit_card,0,0,0,0,0
TXN102139,346.58,20,1,3292,1,51.55,26.06,0,other,debit_card,1,0,0,0,0
TXN102140,258.48,5,1,3595,3,17.68,5.99,0,gas_station,credit_card,0,0,0,0,0
TXN102141,116.98,3,0,396,1,53.84,0.16,0,other,credit_card,0,0,0,1,0
TXN102142,263.95,21,1,685,1,168.73,35.9,0,gas_station,debit_card,0,0,0,0,0
TXN102143,64.59,4,1,317,0,109.7,71.59,0,gas_station,digital_wallet,0,0,1,0,0
TXN102144,92.24,12,0,674,2,274.55,6.31,1,online_retail,credit_card,0,0,0,0,0
TXN102145,242.52,11,1,1613,3,250.53,1.71,0,restaurant,debit_card,3,0,0,1,0
TXN102146,86.82,18,1,697,1,52.81,6.53,0,electronics,debit_card,0,0,1,0,0
TXN102147,79.93,1,0,2181,5,78.68,33.37,0,restaurant,debit_card,1,0,0,1,0
TXN102148,102.66,2,0,2023,5,31.22,11.16,0,grocery,digital_wallet,1,0,0,0,0
TXN102149,273.41,9,0,613,2,82.15,7.75,0,online_retail,credit_card,0,1,0,0,1
TXN102150,65.74,11,0,223,3,262.03,7.59,0,other,debit_card,1,0,1,1,0
TXN102151,36.72,18,0,3369,4,93.07,3.14,0,online_retail,credit_card,1,0,0,1,1
TXN102152,173.21,14,0,1181,5,69.46,9.13,0,jewelry,credit_card,2,0,1,0,0
TXN102153,234.92,3,0,1512,4,192.56,13.0,0,grocery,credit_card,0,0,0,1,0
TXN102154,21.48,23,1,3711,4,28.06,18.93,0,gas_station,debit_card,0,0,1,1,0
TXN102155,49.59,11,1,2268,3,61.77,4.98,0,other,credit_card,0,0,0,0,0
TXN102156,29.11,23,0,3068,3,100.87,47.85,0,gas_station,debit_card,1,1,1,0,0
TXN102157,62.74,23,1,1791,2,18.39,15.04,0,online_retail,digital_wallet,0,0,1,0,0
TXN102158,102.8,1,0,3316,2,258.85,10.79,0,grocery,credit_card,1,0,0,1,0
TXN102159,194.12,12,1,1676,2,143.4,24.53,0,other,debit_card,0,0,0,1,0
TXN102160,153.08,10,0,186,3,104.05,3.25,0,gas_station,credit_card,0,0,1,0,0
TXN102161,134.38,11,0,1425,3,125.61,2.32,0,restaurant,digital_wallet,0,0,0,0,0
TXN102162,82.03,7,0,3311,2,131.27,6.27,0,gas_station,debit_card,1,0,1,1,1
TXN102163,303.46,13,0,3135,4,293.04,0.85,0,travel,debit_card,1,0,0,1,0
TXN102164,108.18,11,0,2906,2,174.82,12.35,0,travel,debit_card,0,0,0,1,0
TXN102165,679.72,4,1,1105,3,253.88,18.45,0,travel,digital_wallet,1,0,0,0,1
TXN102166,218.39,6,0,2693,0,208.38,38.91,0,grocery,credit_card,1,0,0,1,0
TXN102167,20.57,3,1,918,2,147.27,22.47,0,online_retail,credit_card,1,0,1,0,0
TXN102168,159.36,20,0,537,4,40.14,20.77,0,online_retail,debit_card,0,0,0,1,0
TXN102169,59.42,16,0,1178,6,159.08,38.95,0,jewelry,credit_card,1,0,0,1,0
TXN102170,161.55,9,0,3375,3,276.68,39.43,0,online_retail,debit_card,2,0,0,0,0
TXN102171,13.91,9,0,1076,4,192.99,8.04,0,travel,digital_wallet,1,0,0,0,0
TXN102172,32.64,1,1,2784,2,101.84,19.63,0,online_retail,credit_card,0,0,1,0,0
TXN102173,255.29,6,1,1369,4,229.26,4.47,0,electronics,debit_card,1,0,0,0,0
TXN102174,45.45,22,1,2944,2,147.85,19.13,0,travel,digital_wallet,1,0,0,1,0
TXN102175,278.86,0,0,1231,2,199.77,12.18,0,other,credit_card,0,0,0,0,0
TXN102176,57.34,3,0,3353,2,236.15,7.35,0,online_retail,debit_card,1,0,0,1,0
TXN102177,169.47,20,0,559,2,157.66,3.41,0,other,debit_card,1,0,0,1,0
TXN102178,196.41,12,0,3703,3,46.59,18.4,0,gas_station,credit_card,0,0,0,1,1
TXN102179,107.88,0,0,2147,2,288.24,24.75,0,restaurant,digital_wallet,0,0,1,1,0
TXN102180,76.93,11,0,3005,3,169.72,20.69,0,grocery,debit_card,1,0,0,1,0
TXN102181,42.03,17,0,1587,0,290.86,1.51,0,electronics,digital_wallet,0,0,0,0,0
TXN102182,8.05,8,0,1144,8,200.82,52.16,0,gas_station,debit_card,1,0,1,0,0
TXN102183,52.62,9,1,116,5,93.71,0.11,0,online_retail,credit_card,0,0,0,1,0
TXN102184,132.95,15,0,3616,0,82.22,45.61,0,grocery,debit_card,2,0,0,1,0
TXN102185,423.71,14,0,3230,4,93.35,33.57,0,grocery,debit_card,0,0,0,0,0
TXN102186,307.9,21,0,321,3,16.35,2.23,0,online_retail,digital_wallet,0,1,0,0,1
TXN102187,210.73,5,1,594,4,15.02,5.0,0,other,debit_card,0,0,0,0,0
TXN102188,302.94,6,0,3443,1,170.21,10.72,0,grocery,debit_card,1,0,0,1,0
TXN102189,180.55,3,0,1529,1,99.93,54.29,0,restaurant,digital_wallet,0,0,0,0,0
TXN102190,54.79,15,0,3357,5,61.19,83.78,0,gas_station,debit_card,1,0,0,0,0
TXN102191,323.37,12,1,1681,5,225.46,1.85,0,restaurant,digital_wallet,1,1,0,0,0
TXN102192,152.24,8,0,3404,3,275.89,11.06,1,travel,debit_card,0,0,0,0,0
TXN102193,128.87,16,0,3055,2,100.57,2.32,0,gas_station,credit_card,0,0,0,1,0
TXN102194,23.13,9,0,2274,1,96.45,6.82,0,gas_station,digital_wallet,0,0,1,0,0
TXN102195,75.13,4,0,1751,5,56.99,106.59,0,gas_station,debit_card,1,1,0,0,0
TXN102196,95.44,12,1,885,3,255.34,86.6,0,other,credit_card,0,1,0,1,0
TXN102197,305.41,10,1,1524,4,344.88,12.97,0,grocery,digital_wallet,0,0,0,0,0
TXN102198,120.51,9,0,801,1,147.43,3.64,1,travel,debit_card,1,0,1,0,1
TXN102199,69.66,10,1,2592,4,192.7,17.31,0,other,credit_card,0,0,0,0,0
TXN102200,533.83,21,1,1498,3,212.91,7.46,0,online_retail,credit_card,0,0,0,1,0
TXN102201,22.13,5,0,1276,3,196.31,66.9,0,online_retail,digital_wallet,0,0,0,1,0
TXN102202,88.33,6,0,646,2,82.75,29.19,0,jewelry,digital_wallet,0,0,1,1,0
TXN102203,12.3,13,1,2921,2,133.12,6.81,0,online_retail,credit_card,0,0,0,1,0
TXN102204,235.68,1,1,3524,1,188.32,0.33,0,online_retail,credit_card,0,0,0,0,0
TXN102205,367.1,3,0,2164,1,155.38,173.6,0,grocery,credit_card,1,0,0,1,1
TXN102206,51.39,13,0,865,2,48.94,22.23,1,restaurant,debit_card,1,1,0,1,0
TXN102207,314.23,12,1,1462,2,108.97,10.05,0,online_retail,digital_wallet,2,0,0,1,0
TXN102208,61.16,15,1,3289,3,230.7,4.67,0,gas_station,credit_card,2,0,0,1,0
TXN102209,348.82,2,1,1940,4,84.39,0.08,0,restaurant,debit_card,1,0,0,0,0
TXN102210,236.76,20,1,1887,2,33.23,3.67,0,grocery,credit_card,0,0,0,1,0
TXN102211,281.34,11,0,601,4,12.36,0.13,0,electronics,debit_card,0,0,0,0,0
TXN102212,9.03,3,0,1426,4,140.7,16.2,0,restaurant,credit_card,1,0,1,1,0
TXN102213,617.4,7,0,3115,1,88.8,19.56,1,gas_station,credit_card,1,0,0,1,0
TXN102214,179.85,5,1,1781,3,131.69,40.7,1,grocery,credit_card,0,0,1,1,0
TXN102215,59.62,10,1,1629,2,20.02,6.73,0,travel,digital_wallet,0,1,1,0,1
TXN102216,270.63,11,1,2580,5,273.16,2.48,1,restaurant,credit_card,0,0,1,1,1
TXN102217,53.95,10,0,1015,2,209.63,27.83,0,online_retail,debit_card,1,0,0,0,0
TXN102218,290.69,11,1,3522,3,163.62,19.07,0,other,credit_card,1,0,0,0,0
TXN102219,19.18,21,0,1641,2,79.67,62.12,0,online_retail,credit_card,0,1,0,1,0
TXN102220,189.55,23,1,819,3,209.63,14.43,0,electronics,debit_card,0,0,1,0,0
TXN102221,110.99,11,0,2661,4,325.22,10.05,1,online_retail,debit_card,0,1,0,1,0
TXN102222,20.44,23,1,2432,1,229.97,18.63,0,travel,debit_card,1,0,0,0,0
TXN102223,42.31,19,0,3525,3,59.88,25.63,0,gas_station,debit_card,0,0,0,1,0
TXN102224,6.02,19,0,1835,6,372.81,0.31,0,grocery,debit_card,2,0,1,0,0
TXN102225,102.73,5,0,3522,1,122.76,41.78,0,grocery,debit_card,1,0,0,1,0
TXN102226,59.84,10,0,3249,0,101.53,24.46,0,grocery,digital_wallet,1,0,1,0,0
TXN102227,152.04,8,0,2805,3,17.95,30.3,0,restaurant,credit_card,1,0,0,1,0
TXN102228,75.28,2,1,768,3,187.43,49.59,0,jewelry,credit_card,0,0,0,1,0
TXN102229,60.46,1,0,162,7,156.29,4.58,0,grocery,debit_card,2,0,1,1,0
TXN102230,221.43,14,1,2323,2,39.49,13.93,0,travel,credit_card,1,1,1,1,0
TXN102231,10.9,10,0,1438,2,323.5,16.11,0,gas_station,debit_card,1,0,0,1,0
TXN102232,304.02,19,0,3931,1,160.84,15.45,0,grocery,credit_card,3,0,0,0,0
TXN102233,352.9,16,0,1704,6,78.53,1.08,0,travel,debit_card,0,0,0,1,0
TXN102234,152.44,2,1,1813,1,107.56,53.37,1,restaurant,credit_card,0,0,0,0,1
TXN102235,123.45,20,1,24,1,129.17,59.62,0,jewelry,credit_card,1,0,1,0,0
TXN102236,337.67,11,1,856,3,97.14,27.61,0,restaurant,credit_card,0,1,0,1,1
TXN102237,35.37,13,0,1092,3,30.95,6.49,0,restaurant,debit_card,0,1,0,1,1
TXN102238,15.56,23,0,3792,1,84.88,29.23,1,electronics,digital_wallet,1,0,0,0,0
TXN102239,44.41,15,0,463,3,46.71,19.39,0,online_retail,credit_card,2,0,0,1,0
TXN102240,280.93,0,1,3429,2,123.42,18.77,0,grocery,credit_card,0,0,0,1,0
TXN102241,9.34,4,0,1182,11,214.46,2.97,0,other,credit_card,1,0,0,1,0
TXN102242,115.17,10,0,80,2,64.52,4.81,0,restaurant,credit_card,0,0,1,1,0
TXN102243,910.9,0,1,2290,2,250.51,18.05,0,grocery,credit_card,0,0,0,1,0
TXN102244,313.36,4,1,780,2,252.68,2.16,1,online_retail,credit_card,0,0,0,1,0
TXN102245,107.26,19,0,3279,2,161.46,26.97,0,restaurant,credit_card,1,0,0,0,0
TXN102246,12.29,3,0,1379,2,126.22,4.95,0,electronics,credit_card,0,0,0,1,0
TXN102247,248.76,4,0,2841,1,113.82,49.99,0,electronics,credit_card,1,0,0,0,0
TXN102248,141.13,12,0,952,5,292.53,47.23,0,electronics,credit_card,0,1,0,1,0
TXN102249,26.81,2,1,807,2,115.57,6.18,0,grocery,credit_card,0,0,0,0,0
TXN102250,17.47,6,1,200,5,84.01,1.94,0,restaurant,digital_wallet,0,0,1,0,0
TXN102251,361.88,22,0,2866,1,104.87,16.7,1,jewelry,credit_card,0,1,0,0,1
TXN102252,185.37,15,0,2803,4,199.78,9.81,1,other,digital_wallet,1,0,1,1,1
TXN102253,203.02,23,0,3258,9,378.14,3.5,0,other,credit_card,0,0,0,0,0
TXN102254,364.27,8,0,2732,4,255.29,17.94,0,online_retail,credit_card,0,1,1,0,0
TXN102255,114.73,14,0,2871,2,221.6,109.81,0,online_retail,credit_card,0,0,1,0,0
TXN102256,118.95,5,0,3194,1,107.62,1.38,0,electronics,digital_wallet,0,0,1,1,1
TXN102257,92.12,9,0,964,5,15.36,4.32,0,jewelry,digital_wallet,0,0,0,0,0
TXN102258,70.82,4,0,3085,10,163.24,20.2,0,restaurant,credit_card,0,0,0,1,0
TXN102259,96.72,19,0,584,3,182.1,22.18,0,electronics,credit_card,0,0,1,0,0
TXN102260,171.41,4,0,2811,9,238.2,0.42,0,other,debit_card,0,0,0,1,0
TXN102261,130.3,4,0,3013,3,43.2,38.58,0,online_retail,digital_wallet,1,0,0,1,0
TXN102262,345.25,11,1,1137,5,46.94,3.09,0,restaurant,debit_card,0,0,0,1,0
TXN102263,90.73,10,0,2230,0,182.78,37.43,0,grocery,digital_wallet,0,0,0,0,0
TXN102264,153.69,7,0,3390,7,282.19,25.22,0,grocery,digital_wallet,1,0,0,0,0
TXN102265,170.04,8,0,2789,3,194.22,12.63,0,grocery,debit_card,0,0,1,1,0
TXN102266,149.92,7,1,1513,3,30.55,52.63,0,other,credit_card,0,0,1,0,0
TXN102267,182.17,21,0,3324,2,232.28,22.69,0,other,credit_card,0,0,1,0,0
TXN102268,36.59,13,0,2975,2,73.76,23.91,1,electronics,credit_card,1,1,1,0,0
TXN102269,106.73,22,1,3654,3,114.95,6.46,0,restaurant,credit_card,0,0,0,0,0
TXN102270,22.61,23,1,869,3,66.79,26.43,1,gas_station,credit_card,0,0,0,0,1
TXN102271,68.26,15,0,2970,3,110.62,2.74,0,travel,credit_card,1,0,0,1,0
TXN102272,113.61,19,0,1885,1,26.75,37.16,0,restaurant,credit_card,0,0,0,0,0
TXN102273,182.25,2,1,3389,2,16.25,18.14,0,jewelry,debit_card,0,0,0,1,0
TXN102274,462.95,22,0,2526,6,77.02,40.1,0,electronics,credit_card,0,0,0,1,0
TXN102275,98.79,11,0,536,5,268.35,5.69,0,other,digital_wallet,0,0,1,0,0
TXN102276,179.41,17,1,2967,2,124.79,3.6,0,restaurant,credit_card,2,0,1,0,0
TXN102277,139.02,5,0,900,3,134.81,24.69,0,gas_station,digital_wallet,0,1,1,0,0
TXN102278,145.92,2,1,8,1,129.51,1.11,0,jewelry,debit_card,0,0,0,1,0
TXN102279,12.64,21,0,1486,3,52.89,5.74,1,grocery,credit_card,3,0,0,1,0
TXN102280,56.86,10,0,1163,3,191.82,45.05,0,online_retail,debit_card,0,0,0,0,0
TXN102281,72.5,3,1,2003,2,30.07,4.49,0,grocery,credit_card,1,0,0,0,0
TXN102282,115.25,15,1,1765,3,69.55,8.56,0,other,credit_card,0,0,0,1,0
TXN102283,12.42,1,0,2978,6,346.52,63.51,0,online_retail,credit_card,3,0,0,0,1
TXN102284,29.19,10,0,3465,1,93.85,0.31,0,travel,debit_card,1,1,1,1,0
TXN102285,56.0,16,0,1879,2,236.11,12.08,0,restaurant,digital_wallet,0,0,0,0,0
TXN102286,585.89,17,0,2855,2,106.17,29.32,0,grocery,digital_wallet,1,0,0,0,0
TXN102287,85.91,10,0,992,0,186.67,54.13,0,travel,debit_card,0,0,0,0,0
TXN102288,116.49,8,0,921,3,116.41,30.18,0,other,debit_card,0,0,0,1,0
TXN102289,31.22,20,0,1309,5,110.94,56.6,0,travel,debit_card,1,0,0,1,0
TXN102290,154.61,4,0,52,6,172.64,0.89,0,online_retail,credit_card,1,0,0,1,0
TXN102291,62.41,1,0,1069,1,361.3,2.08,0,other,credit_card,1,0,0,1,0
TXN102292,45.97,3,0,2793,4,241.92,22.59,0,online_retail,debit_card,0,0,0,1,0
TXN102293,108.34,19,0,1602,3,153.85,24.12,0,grocery,digital_wallet,1,0,0,0,0
TXN102294,6.7,11,0,800,5,210.78,19.63,0,travel,debit_card,0,1,1,1,0
TXN102295,6.87,0,0,728,4,116.27,26.97,0,online_retail,digital_wallet,0,0,0,1,0
TXN102296,57.31,4,0,2622,3,214.64,40.91,0,restaurant,credit_card,1,1,0,1,0
TXN102297,9.7,0,1,3056,5,9.72,14.32,0,grocery,credit_card,0,0,1,1,0
TXN102298,20.84,19,0,1306,4,160.14,76.25,0,online_retail,digital_wallet,0,0,0,1,0
TXN102299,64.65,11,0,2619,0,334.21,18.18,0,restaurant,debit_card,0,0,0,0,0
TXN102300,234.18,1,0,1254,7,136.27,11.48,1,online_retail,credit_card,1,0,0,1,0
TXN102301,118.91,5,0,1511,4,125.18,9.02,0,electronics,debit_card,0,0,0,1,0
TXN102302,80.99,14,0,1629,1,117.37,26.72,0,grocery,credit_card,0,0,0,1,0
TXN102303,54.21,14,1,3039,4,43.04,24.92,0,travel,debit_card,1,0,1,0,0
TXN102304,426.17,19,0,578,3,493.06,32.29,0,jewelry,digital_wallet,1,0,0,0,0
TXN102305,76.23,0,0,2423,3,168.51,30.93,0,grocery,digital_wallet,2,1,0,0,0
TXN102306,23.55,1,0,1006,4,225.42,16.75,0,other,debit_card,0,0,0,1,0
TXN102307,149.22,0,1,3093,4,359.18,54.86,0,electronics,credit_card,2,0,1,0,0
TXN102308,27.01,9,1,2259,3,249.71,26.11,0,other,credit_card,1,0,0,0,0
TXN102309,70.7,17,0,652,3,91.46,4.69,0,grocery,credit_card,1,0,0,1,0
TXN102310,122.8,15,0,3237,0,38.16,15.72,0,electronics,debit_card,0,1,0,1,0
TXN102311,326.76,5,0,2573,5,4.88,4.15,0,restaurant,credit_card,0,1,1,0,0
TXN102312,126.16,15,1,1256,2,211.54,17.45,0,electronics,credit_card,0,0,0,1,0
TXN102313,187.99,15,0,2426,3,53.56,39.31,0,online_retail,credit_card,0,0,1,0,0
TXN102314,791.12,4,0,3551,2,199.75,42.16,0,travel,credit_card,0,0,0,0,1
TXN102315,27.33,17,0,169,4,136.08,30.68,0,gas_station,debit_card,0,0,0,0,1
TXN102316,51.37,10,0,1164,3,77.79,33.38,0,online_retail,credit_card,0,0,0,1,0
TXN102317,84.27,1,0,1947,4,412.98,11.86,0,other,digital_wallet,1,1,1,1,0
TXN102318,113.99,9,1,68,3,125.16,15.82,0,travel,credit_card,1,0,0,0,0
TXN102319,81.71,18,0,2806,1,730.8,41.48,0,electronics,digital_wallet,0,0,0,0,0
TXN102320,380.96,16,0,1595,1,313.45,12.63,0,electronics,debit_card,0,0,0,0,0
TXN102321,224.19,6,0,900,5,257.86,9.26,0,grocery,debit_card,1,0,0,1,1
TXN102322,166.77,18,0,79,1,75.26,34.45,0,grocery,credit_card,0,0,1,0,0
TXN102323,60.61,9,0,2285,4,198.1,0.84,0,restaurant,debit_card,1,0,0,1,0
TXN102324,199.39,11,1,3820,5,118.28,77.32,0,other,credit_card,0,0,1,1,0
TXN102325,500.46,2,0,1799,2,67.0,5.97,0,travel,credit_card,0,0,0,0,0
TXN102326,201.67,23,0,336,3,202.93,19.08,0,restaurant,credit_card,1,0,0,0,0
TXN102327,6.24,20,1,1572,3,12.07,28.45,0,jewelry,credit_card,1,0,0,1,0
TXN102328,159.98,4,0,2792,3,178.17,3.29,0,jewelry,debit_card,1,0,0,1,0
TXN102329,14.51,13,1,3654,4,24.52,32.47,0,online_retail,debit_card,1,0,0,0,1
TXN102330,44.58,18,0,1733,4,59.03,24.2,0,restaurant,credit_card,0,0,0,0,0
TXN102331,11.79,12,0,1691,4,280.89,7.34,0,electronics,credit_card,0,0,1,0,0
TXN102332,148.44,5,0,1125,3,291.6,26.52,0,online_retail,debit_card,1,0,0,1,0
TXN102333,178.32,23,0,3155,2,54.55,21.29,0,jewelry,credit_card,1,0,0,1,0
TXN102334,21.91,6,0,1624,3,61.99,22.37,0,electronics,digital_wallet,0,0,0,0,0
TXN102335,78.43,8,1,2492,3,301.64,83.83,0,restaurant,digital_wallet,0,0,0,0,0
TXN102336,134.36,8,0,2200,1,228.49,3.12,0,grocery,debit_card,0,0,1,1,0
TXN102337,81.88,21,0,267,5,53.76,25.49,0,jewelry,credit_card,1,0,0,1,0
TXN102338,27.62,12,0,2520,5,84.43,31.47,0,grocery,debit_card,0,0,1,0,0
TXN102339,95.65,17,0,1019,1,300.14,33.72,0,online_retail,credit_card,1,0,0,1,1
TXN102340,255.16,21,0,2401,2,174.55,12.24,0,grocery,credit_card,1,0,1,1,0
TXN102341,15.69,22,0,2006,7,300.62,30.06,0,online_retail,credit_card,1,0,0,0,0
TXN102342,13.71,20,0,1024,5,108.54,25.9,0,online_retail,debit_card,0,0,0,0,0
TXN102343,69.14,21,1,2318,2,75.39,1.31,0,online_retail,debit_card,0,0,0,1,0
TXN102344,475.53,22,0,1618,5,137.59,0.84,0,online_retail,digital_wallet,1,0,1,0,0
TXN102345,151.9,23,0,1203,3,117.41,11.3,0,travel,debit_card,0,0,0,1,0
TXN102346,171.62,15,0,3154,3,92.91,43.58,1,online_retail,credit_card,0,0,1,0,1
TXN102347,66.62,3,1,385,2,102.99,8.16,0,electronics,digital_wallet,1,0,0,1,0
TXN102348,167.76,2,1,1792,3,333.01,27.65,0,electronics,debit_card,0,0,1,1,0
TXN102349,7.14,19,1,42,5,69.46,13.66,0,grocery,digital_wallet,1,0,0,1,0
TXN102350,169.37,7,1,1416,6,160.07,0.66,0,online_retail,credit_card,1,0,1,0,0
TXN102351,400.56,19,1,2126,6,192.49,83.87,0,gas_station,digital_wallet,0,1,0,1,0
TXN102352,146.57,22,0,790,3,241.05,16.58,0,travel,credit_card,0,0,0,1,0
TXN102353,322.93,15,0,244,4,131.39,24.3,0,electronics,credit_card,0,0,0,1,0
TXN102354,171.83,18,0,2226,1,766.87,3.84,0,gas_station,debit_card,2,0,0,0,1
TXN102355,18.67,6,0,2967,5,116.17,8.1,0,online_retail,credit_card,0,1,0,0,1
TXN102356,360.55,10,1,3687,1,119.0,13.46,0,restaurant,debit_card,0,0,0,0,0
TXN102357,15.92,23,0,2886,3,125.9,34.14,0,grocery,digital_wallet,0,1,0,0,0
TXN102358,138.19,19,0,1776,0,162.79,2.22,0,restaurant,debit_card,0,0,0,1,0
TXN102359,33.81,4,0,490,5,36.93,30.0,0,other,credit_card,0,0,0,1,0
TXN102360,8.17,22,0,1678,1,108.93,22.35,0,online_retail,credit_card,0,0,0,0,0
TXN102361,77.39,11,0,3809,3,17.95,12.62,0,restaurant,credit_card,0,0,1,1,0
TXN102362,55.06,20,0,2169,4,344.79,37.82,0,restaurant,debit_card,0,0,1,0,1
TXN102363,111.05,12,1,297,2,77.69,2.21,0,jewelry,digital_wallet,0,0,0,1,0
TXN102364,181.75,14,0,2867,1,319.99,131.79,0,gas_station,debit_card,1,0,0,0,0
TXN102365,13.99,3,0,745,3,71.31,34.36,0,grocery,credit_card,1,0,0,1,0
TXN102366,28.24,8,0,2621,3,138.61,9.95,1,online_retail,credit_card,0,0,0,1,0
TXN102367,121.87,17,1,2923,5,106.26,9.98,0,restaurant,digital_wallet,0,0,0,1,0
TXN102368,61.21,20,1,1942,2,194.39,0.56,0,grocery,credit_card,1,0,0,1,0
TXN102369,220.89,2,0,3175,3,44.11,15.73,0,grocery,credit_card,0,0,0,1,0
TXN102370,143.24,1,0,1273,5,60.4,19.81,0,gas_station,debit_card,1,0,0,1,0
TXN102371,277.19,16,1,1788,4,45.65,63.53,0,travel,debit_card,0,0,1,1,1
TXN102372,179.4,10,0,1686,1,142.94,9.97,0,restaurant,credit_card,1,0,0,0,0
TXN102373,108.11,20,0,3164,2,142.94,15.35,0,grocery,debit_card,1,0,1,1,0
TXN102374,165.46,1,0,931,5,134.09,36.16,0,online_retail,debit_card,0,0,0,0,0
TXN102375,39.79,8,0,2702,3,95.75,16.73,0,online_retail,digital_wallet,0,0,0,0,0
TXN102376,63.6,0,1,912,1,316.15,2.26,0,online_retail,digital_wallet,0,0,0,0,0
TXN102377,219.19,17,0,3021,2,157.16,2.7,0,online_retail,credit_card,0,0,1,1,0
TXN102378,94.18,20,0,1946,5,291.09,2.23,0,jewelry,debit_card,0,0,0,1,0
TXN102379,242.67,3,1,3495,3,115.86,5.47,0,online_retail,debit_card,1,0,1,0,0
TXN102380,255.71,7,0,2096,2,101.88,11.86,1,travel,debit_card,2,0,0,0,1
TXN102381,326.91,20,0,528,2,366.27,18.65,0,jewelry,digital_wallet,0,0,0,0,0
TXN102382,314.22,0,1,2251,3,138.41,1.09,0,online_retail,debit_card,0,0,0,0,0
TXN102383,84.19,22,0,2407,2,181.27,34.9,0,travel,credit_card,0,1,0,0,0
TXN102384,67.96,21,0,40,4,98.28,8.04,0,travel,credit_card,2,0,0,1,0
TXN102385,126.25,3,0,3027,2,234.12,16.5,0,travel,digital_wallet,0,0,0,1,0
TXN102386,61.49,3,0,1623,3,222.12,17.9,0,grocery,credit_card,0,1,0,1,0
TXN102387,154.78,16,1,3255,1,52.8,3.2,0,grocery,debit_card,0,0,0,1,0
TXN102388,215.6,0,0,2677,5,255.38,10.82,0,grocery,debit_card,0,0,0,0,0
TXN102389,178.94,12,1,3498,1,53.25,7.21,0,electronics,digital_wallet,0,1,0,1,0
TXN102390,59.58,1,0,617,4,80.01,20.84,0,restaurant,debit_card,0,0,1,1,0
TXN102391,35.24,12,0,520,1,113.11,31.54,0,grocery,credit_card,0,0,0,0,0
TXN102392,73.3,8,0,1340,2,109.69,103.88,0,gas_station,credit_card,0,0,0,0,1
TXN102393,29.14,16,1,440,7,188.99,2.4,0,grocery,digital_wallet,0,0,0,1,0
TXN102394,302.25,21,0,764,2,85.62,45.32,0,other,credit_card,0,0,0,0,0
TXN102395,59.75,11,1,3421,5,131.56,11.5,0,grocery,credit_card,1,0,0,1,0
TXN102396,28.61,15,0,23,3,111.32,8.58,0,jewelry,debit_card,1,0,0,0,0
TXN102397,8.68,14,0,3155,3,353.06,7.76,1,electronics,credit_card,3,0,0,0,0
TXN102398,148.74,23,0,1373,2,261.46,4.22,0,other,credit_card,0,0,1,0,0
TXN102399,168.45,5,0,3067,3,78.28,16.85,1,other,credit_card,0,0,0,1,0
TXN102400,63.94,5,0,2319,4,62.12,46.86,0,grocery,credit_card,1,0,0,1,0
TXN102401,18.18,9,0,2307,3,105.49,4.87,0,restaurant,debit_card,0,0,1,1,0
TXN102402,86.93,17,0,1054,1,216.73,12.89,0,other,credit_card,1,0,1,0,0
TXN102403,56.03,20,0,1439,3,257.78,4.58,0,electronics,credit_card,0,0,0,1,0
TXN102404,157.34,6,1,1677,3,103.68,3.98,0,travel,debit_card,0,0,0,0,0
TXN102405,118.69,2,0,1773,4,57.2,31.37,0,grocery,credit_card,0,0,1,1,0
TXN102406,75.61,14,0,1386,3,22.67,4.77,0,electronics,debit_card,0,1,0,1,1
TXN102407,40.12,14,0,284,1,179.61,5.58,0,electronics,credit_card,1,0,0,0,0
TXN102408,503.18,8,0,1761,11,239.24,52.77,0,online_retail,digital_wallet,0,0,0,0,0
TXN102409,89.81,4,0,3337,2,15.42,10.8,0,restaurant,debit_card,0,1,0,1,1
TXN102410,161.41,20,0,981,3,181.62,0.17,0,grocery,digital_wallet,0,0,1,1,0
TXN102411,33.49,20,0,315,2,100.49,29.21,0,gas_station,credit_card,0,0,0,1,0
TXN102412,85.36,17,1,875,3,67.79,18.8,0,online_retail,credit_card,0,0,0,0,0
TXN102413,7.73,13,0,12,2,181.83,29.29,0,electronics,credit_card,0,0,0,0,0
TXN102414,126.38,6,0,1025,5,45.72,17.86,1,electronics,digital_wallet,0,0,0,1,1
TXN102415,592.77,9,0,3133,1,55.63,8.33,0,other,debit_card,1,0,1,1,0
TXN102416,71.08,1,0,3194,3,110.76,1.35,0,online_retail,credit_card,0,0,0,1,0
TXN102417,10.17,5,1,921,2,19.66,41.44,0,gas_station,credit_card,1,0,0,0,0
TXN102418,10.47,10,1,185,3,40.31,6.3,0,electronics,credit_card,2,0,0,1,0
TXN102419,59.49,10,0,1481,1,72.48,83.77,1,online_retail,digital_wallet,0,0,1,1,0
TXN102420,24.92,1,0,1571,2,61.56,6.54,0,grocery,debit_card,0,0,1,1,0
TXN102421,8.26,22,0,1648,2,89.88,32.34,0,online_retail,digital_wallet,0,1,0,1,1
TXN102422,261.02,6,0,2396,4,99.42,26.45,1,electronics,credit_card,1,0,0,1,0
TXN102423,92.08,12,1,507,3,155.93,13.33,0,online_retail,credit_card,0,0,0,1,0
TXN102424,56.89,11,1,2107,2,265.94,12.85,0,other,debit_card,1,1,0,0,0
TXN102425,401.59,11,1,1238,3,95.46,33.14,0,restaurant,credit_card,3,0,1,1,0
TXN102426,30.29,20,0,1176,2,236.69,9.67,0,electronics,credit_card,1,0,0,0,0
TXN102427,441.61,17,0,1467,1,111.38,31.05,0,grocery,credit_card,1,0,0,0,0
TXN102428,61.4,20,0,3556,4,207.03,13.7,0,online_retail,debit_card,0,0,0,0,0
TXN102429,415.54,9,1,3630,3,81.69,19.19,0,travel,debit_card,1,1,0,0,0
TXN102430,119.58,6,0,2806,1,236.81,3.06,0,restaurant,digital_wallet,2,0,0,1,0
TXN102431,303.08,10,0,1177,7,32.51,1.09,0,travel,credit_card,1,0,0,1,0
TXN102432,553.46,13,0,3,0,165.9,10.2,0,other,credit_card,0,1,0,0,0
TXN102433,56.73,8,0,2854,3,317.71,10.15,0,online_retail,credit_card,1,0,1,0,0
TXN102434,478.03,11,0,3213,3,19.94,28.12,0,grocery,debit_card,0,0,0,0,0
TXN102435,70.44,3,1,3257,3,477.68,11.36,0,other,debit_card,0,0,0,0,0
TXN102436,69.36,14,0,1886,3,204.9,11.28,0,travel,credit_card,1,0,0,1,0
TXN102437,69.69,17,0,800,4,165.12,29.13,0,grocery,digital_wallet,2,1,1,0,0
TXN102438,137.41,12,0,2683,5,170.11,4.5,0,electronics,debit_card,0,1,0,0,1
TXN102439,29.64,20,0,947,3,113.27,40.42,0,gas_station,credit_card,0,1,0,1,0
TXN102440,127.08,23,0,414,4,265.17,12.65,0,electronics,debit_card,0,0,1,0,0
TXN102441,130.7,21,0,2221,2,199.04,64.33,1,travel,credit_card,0,0,0,1,0
TXN102442,196.02,2,0,1151,5,209.59,5.57,0,electronics,digital_wallet,1,0,1,0,1
TXN102443,299.49,21,0,3149,3,73.27,14.85,0,grocery,debit_card,1,0,0,0,0
TXN102444,101.6,8,1,730,2,54.82,27.42,0,online_retail,credit_card,0,0,0,0,0
TXN102445,80.64,10,0,1322,3,450.31,16.29,0,online_retail,debit_card,0,0,0,1,0
TXN102446,47.82,9,0,3530,1,147.54,24.43,0,gas_station,credit_card,0,0,0,1,0
TXN102447,35.47,6,0,3253,0,62.2,7.67,0,gas_station,credit_card,0,0,0,1,0
TXN102448,15.25,21,0,3002,1,26.88,8.43,0,gas_station,credit_card,1,0,0,1,0
TXN102449,74.89,15,1,149,4,19.82,11.67,0,online_retail,debit_card,0,0,0,0,0
TXN102450,49.01,23,0,2701,1,88.83,3.23,0,jewelry,credit_card,0,0,0,0,0
TXN102451,489.78,22,0,1405,4,189.85,2.61,0,grocery,digital_wallet,0,0,1,1,0
TXN102452,135.92,10,0,53,2,164.87,44.22,0,grocery,debit_card,0,0,0,0,0
TXN102453,62.47,17,0,2605,0,97.51,32.33,1,travel,debit_card,0,0,1,1,0
TXN102454,128.79,12,1,2836,5,170.87,56.17,0,online_retail,credit_card,1,0,0,1,0
TXN102455,27.78,11,0,3314,2,68.88,17.64,0,restaurant,debit_card,0,0,0,0,0
TXN102456,104.87,17,1,2117,1,223.26,11.52,0,online_retail,credit_card,1,0,1,0,0
TXN102457,141.94,16,1,624,3,142.07,1.81,0,grocery,debit_card,0,0,0,1,0
TXN102458,84.72,21,0,577,8,103.88,43.73,0,gas_station,debit_card,1,0,1,0,0
TXN102459,65.21,18,0,2157,0,20.63,14.2,0,other,debit_card,0,0,0,1,0
TXN102460,660.84,14,0,1891,9,99.18,15.45,0,grocery,digital_wallet,0,0,0,1,1
TXN102461,276.28,22,0,1602,5,92.07,8.14,0,restaurant,credit_card,0,1,0,1,1
TXN102462,148.71,2,0,2686,2,61.39,10.9,1,online_retail,credit_card,0,0,1,0,0
TXN102463,113.91,18,0,1064,2,83.32,31.44,0,restaurant,debit_card,0,0,1,0,0
TXN102464,138.24,9,0,606,1,276.87,24.32,1,online_retail,digital_wallet,1,0,1,1,0
TXN102465,35.29,10,0,2334,2,151.91,112.97,0,other,credit_card,1,0,1,0,0
TXN102466,76.27,18,0,2816,4,32.63,13.21,0,restaurant,debit_card,0,0,0,1,0
TXN102467,12.94,6,1,1012,2,57.31,17.64,0,restaurant,credit_card,0,0,0,0,0
TXN102468,110.23,21,0,2308,3,275.95,1.01,1,online_retail,credit_card,0,0,0,1,0
TXN102469,122.71,11,1,861,3,189.48,6.54,0,travel,debit_card,0,0,0,0,0
TXN102470,41.41,8,1,891,2,133.73,49.02,0,gas_station,credit_card,0,0,0,1,0
TXN102471,478.24,7,0,848,0,570.66,8.94,0,electronics,digital_wallet,1,0,0,0,0
TXN102472,379.94,10,1,347,2,66.31,29.86,0,grocery,credit_card,0,0,0,1,0
TXN102473,211.41,22,0,2295,4,121.52,78.27,0,other,digital_wallet,0,0,1,1,0
TXN102474,107.03,2,0,2318,1,101.57,2.47,0,online_retail,debit_card,0,1,1,0,1
TXN102475,312.36,12,0,3298,4,61.25,7.67,0,other,digital_wallet,1,0,0,0,0
TXN102476,20.37,20,0,1695,3,268.23,10.5,0,jewelry,debit_card,1,0,0,1,0
TXN102477,245.62,11,0,405,2,113.9,3.78,0,grocery,debit_card,0,0,1,0,0
TXN102478,27.39,13,1,2454,6,34.03,0.25,0,electronics,credit_card,0,0,0,1,0
TXN102479,234.14,8,1,3757,5,19.62,11.05,0,electronics,credit_card,1,0,1,1,1
TXN102480,66.41,3,0,679,1,189.15,18.68,0,restaurant,credit_card,0,0,0,1,0
TXN102481,287.39,15,0,1979,0,86.37,13.26,0,online_retail,credit_card,0,0,0,1,0
TXN102482,449.04,22,0,339,3,440.53,37.0,0,online_retail,digital_wallet,0,0,0,0,0
TXN102483,29.04,12,0,1994,2,179.24,8.54,0,other,debit_card,0,0,1,1,0
TXN102484,97.0,10,0,2442,8,22.45,1.22,0,other,digital_wallet,0,0,0,1,0
TXN102485,591.23,3,1,933,5,166.35,1.88,0,grocery,debit_card,0,0,0,0,0
TXN102486,105.43,22,0,2009,3,312.16,14.86,1,jewelry,credit_card,0,0,0,0,0
TXN102487,336.31,20,0,1578,2,151.98,55.94,0,gas_station,credit_card,1,0,1,1,0
TXN102488,163.14,21,0,400,2,61.12,74.87,0,online_retail,digital_wallet,1,0,1,1,0
TXN102489,75.56,8,1,1951,9,192.62,3.83,0,travel,credit_card,1,0,0,0,0
TXN102490,61.19,15,0,1752,1,52.94,3.71,0,electronics,debit_card,1,0,0,0,0
TXN102491,35.92,10,0,965,1,161.21,6.19,0,electronics,debit_card,0,0,0,1,0
TXN102492,241.4,5,0,2101,5,36.32,14.49,0,travel,debit_card,0,0,1,0,0
TXN102493,71.46,4,1,1562,0,218.75,30.76,0,restaurant,debit_card,0,0,0,1,0
TXN102494,128.11,9,0,784,4,157.43,29.82,0,online_retail,credit_card,0,0,0,0,1
TXN102495,139.1,13,0,2758,3,223.55,46.57,0,online_retail,digital_wallet,0,0,0,1,0
TXN102496,132.21,2,0,1156,8,176.76,50.52,0,travel,credit_card,0,0,1,0,1
TXN102497,235.22,16,1,2841,0,76.44,12.08,0,grocery,debit_card,0,0,0,0,1
TXN102498,559.42,10,1,1890,2,114.37,0.36,1,grocery,debit_card,0,0,0,0,0
TXN102499,96.84,21,0,1125,2,26.25,5.07,0,other,digital_wallet,0,0,0,0,0
TXN102500,287.05,6,0,2088,3,172.62,18.33,0,grocery,credit_card,0,0,0,1,0
TXN102501,228.65,1,0,1592,3,131.57,21.43,0,grocery,credit_card,2,0,0,1,0
TXN102502,149.92,7,0,809,7,152.56,4.33,0,electronics,credit_card,1,0,0,1,0
TXN102503,502.05,23,1,1443,3,149.05,3.43,0,online_retail,digital_wallet,0,0,0,1,0
TXN102504,44.63,7,0,1526,0,140.48,5.39,0,online_retail,credit_card,0,0,0,0,0
TXN102505,24.97,16,1,2459,2,292.66,7.94,0,online_retail,credit_card,0,0,0,1,0
TXN102506,352.4,20,0,1433,2,519.36,45.23,0,online_retail,debit_card,0,0,0,0,0
TXN102507,95.79,6,0,1416,3,254.81,24.8,0,electronics,debit_card,0,0,1,1,0
TXN102508,319.45,15,0,2043,3,110.92,19.31,0,online_retail,credit_card,1,0,0,0,0
TXN102509,328.05,4,0,1552,2,222.94,0.44,0,restaurant,credit_card,1,1,0,0,0
TXN102510,13.65,8,1,326,2,203.23,39.44,0,online_retail,credit_card,1,0,0,0,0
TXN102511,401.85,7,0,1861,2,28.75,20.79,0,grocery,credit_card,1,0,1,1,0
TXN102512,96.7,16,0,1358,2,239.3,20.07,0,online_retail,debit_card,0,0,0,1,0
TXN102513,123.5,21,0,142,1,46.49,1.26,0,electronics,credit_card,0,1,0,0,1
TXN102514,155.05,6,1,733,3,271.57,30.04,0,online_retail,credit_card,0,0,0,0,0
TXN102515,369.39,6,0,1548,3,136.27,38.69,1,restaurant,credit_card,0,0,0,1,1
TXN102516,7.91,19,0,3769,0,117.76,36.69,0,online_retail,credit_card,2,0,0,0,0
TXN102517,121.4,11,0,1330,3,90.53,14.1,0,restaurant,credit_card,0,0,0,1,0
TXN102518,191.95,12,1,1325,1,304.14,8.42,0,restaurant,debit_card,0,0,0,0,0
TXN102519,160.75,16,0,1333,3,109.07,1.67,0,jewelry,debit_card,3,0,0,1,0
TXN102520,177.27,3,0,258,2,230.19,3.76,0,restaurant,credit_card,0,0,1,0,0
TXN102521,33.02,20,0,3535,5,158.2,4.05,0,gas_station,debit_card,0,0,0,0,0
TXN102522,56.89,8,0,1740,2,169.2,1.06,1,travel,credit_card,2,0,1,0,0
TXN102523,57.72,15,0,1223,7,185.55,3.02,0,online_retail,credit_card,1,1,1,1,1
TXN102524,313.48,10,0,697,5,312.03,39.96,1,electronics,credit_card,1,0,0,0,0
TXN102525,58.63,18,0,182,5,68.36,16.5,0,other,debit_card,0,0,0,0,0
TXN102526,40.15,14,1,325,2,287.66,28.09,0,other,debit_card,0,0,0,0,0
TXN102527,457.69,4,0,546,3,159.29,6.87,0,grocery,credit_card,1,0,0,1,1
TXN102528,7.22,4,0,426,2,110.38,3.13,0,travel,credit_card,1,0,0,1,0
TXN102529,866.12,21,1,1881,0,115.32,10.67,0,electronics,debit_card,0,1,0,0,0
TXN102530,200.2,12,0,3193,2,55.36,22.34,0,grocery,debit_card,0,0,0,1,0
TXN102531,287.56,6,1,350,2,117.22,5.76,0,jewelry,debit_card,1,0,1,0,1
TXN102532,59.06,3,1,1159,2,46.57,5.06,1,grocery,credit_card,1,0,1,0,0
TXN102533,7.29,3,0,1224,4,89.74,0.47,0,online_retail,credit_card,1,0,1,1,0
TXN102534,201.56,22,0,998,1,167.26,23.32,0,travel,debit_card,0,0,1,1,0
TXN102535,311.2,23,1,728,3,144.85,8.67,0,grocery,credit_card,0,0,0,1,0
TXN102536,186.89,9,1,1394,2,28.02,5.5,0,grocery,debit_card,0,0,0,1,0
TXN102537,23.15,4,0,623,4,107.11,13.91,0,jewelry,debit_card,0,0,0,0,0
TXN102538,231.47,10,1,2929,4,197.64,24.85,0,jewelry,credit_card,0,0,1,0,0
TXN102539,242.44,3,1,2462,3,41.23,5.73,0,electronics,digital_wallet,1,0,1,1,0
TXN102540,176.04,13,0,182,3,129.96,20.42,0,grocery,credit_card,0,0,0,1,0
TXN102541,234.12,15,1,1870,2,497.69,5.91,0,jewelry,debit_card,0,0,0,0,0
TXN102542,274.77,23,0,3063,3,29.83,110.53,0,grocery,debit_card,0,0,0,0,0
TXN102543,162.26,7,0,457,5,138.08,35.74,0,grocery,debit_card,2,1,1,1,0
TXN102544,18.82,4,1,748,2,155.98,15.1,0,gas_station,credit_card,1,0,0,1,0
TXN102545,99.33,3,0,2028,2,83.99,3.81,0,gas_station,digital_wallet,1,1,0,1,0
TXN102546,16.49,9,0,4069,1,60.08,20.39,0,electronics,credit_card,0,1,0,0,0
TXN102547,106.44,14,0,3035,2,132.68,35.81,0,grocery,debit_card,0,0,0,1,0
TXN102548,67.73,1,1,2057,2,244.14,24.83,0,grocery,debit_card,0,0,1,0,0
TXN102549,16.18,18,0,3090,0,510.25,31.51,1,restaurant,credit_card,0,0,0,1,0
TXN102550,56.69,11,0,3284,5,36.32,5.75,0,restaurant,debit_card,1,0,0,1,0
TXN102551,22.36,19,1,1326,3,237.72,7.93,0,grocery,digital_wallet,0,0,0,1,0
TXN102552,239.91,11,0,3227,4,188.42,11.9,0,other,credit_card,0,0,0,0,0
TXN102553,348.5,3,0,954,3,23.03,7.16,0,online_retail,credit_card,0,0,0,1,0
TXN102554,17.04,0,1,451,1,87.82,1.96,0,gas_station,credit_card,0,0,0,1,0
TXN102555,449.57,13,1,1749,1,358.97,12.74,0,grocery,digital_wallet,1,1,0,1,0
TXN102556,90.09,12,0,2655,1,72.13,0.04,0,other,credit_card,0,0,0,0,0
TXN102557,64.6,19,1,3438,1,243.53,29.0,1,gas_station,credit_card,0,0,1,1,0
TXN102558,20.19,21,0,2623,1,212.27,24.72,0,electronics,debit_card,1,1,1,0,0
TXN102559,130.53,3,0,2234,6,337.13,15.46,0,grocery,credit_card,0,0,0,0,0
TXN102560,253.03,7,1,3926,5,44.55,34.06,0,grocery,digital_wallet,1,0,0,0,0
TXN102561,190.23,4,0,3569,3,128.77,18.15,0,restaurant,debit_card,1,0,0,1,0
TXN102562,14.93,2,0,2550,3,127.98,24.0,0,grocery,digital_wallet,1,1,0,0,0
TXN102563,20.01,0,0,2442,1,28.09,1.21,0,grocery,digital_wallet,0,0,1,1,0
TXN102564,94.34,1,1,899,2,180.13,51.21,0,grocery,credit_card,0,1,0,0,0
TXN102565,51.36,12,0,952,4,126.73,20.94,0,gas_station,credit_card,1,1,0,0,0
TXN102566,45.76,3,0,388,5,83.38,16.44,1,restaurant,credit_card,0,1,1,0,0
TXN102567,57.44,4,0,2272,0,78.92,9.81,0,grocery,credit_card,0,0,1,0,0
TXN102568,200.44,2,1,1479,3,44.16,0.55,0,other,digital_wallet,0,1,1,1,0
TXN102569,425.55,17,1,2904,3,406.64,59.55,1,online_retail,credit_card,0,0,0,0,0
TXN102570,108.9,15,0,3200,1,71.63,84.22,0,electronics,debit_card,1,0,0,1,0
TXN102571,388.57,23,0,2708,2,85.1,25.71,0,online_retail,debit_card,0,0,0,0,0
TXN102572,75.4,2,1,2454,7,138.28,53.94,0,gas_station,credit_card,1,0,0,0,0
TXN102573,104.32,5,1,531,1,188.74,3.56,0,electronics,credit_card,1,0,0,0,0
TXN102574,43.05,10,0,3312,3,113.46,3.41,0,travel,credit_card,0,0,0,1,0
TXN102575,165.87,15,0,2922,3,31.44,34.72,0,jewelry,debit_card,0,0,0,0,0
TXN102576,529.85,3,1,1149,4,112.37,1.12,0,gas_station,digital_wallet,0,0,0,1,0
TXN102577,128.06,5,0,340,5,511.97,1.95,0,online_retail,debit_card,0,0,1,0,0
TXN102578,83.15,10,0,1550,1,198.52,33.84,0,jewelry,credit_card,1,0,0,0,0
TXN102579,190.46,0,0,2082,1,81.71,17.44,0,grocery,credit_card,0,0,0,0,0
TXN102580,21.9,9,1,3138,3,136.86,9.34,0,other,debit_card,0,1,0,0,0
TXN102581,375.44,18,0,1449,6,160.98,13.67,0,online_retail,debit_card,1,0,0,1,0
TXN102582,108.76,12,0,1234,7,69.8,50.09,0,grocery,credit_card,0,0,0,1,0
TXN102583,98.43,10,0,2389,3,264.28,23.12,0,restaurant,debit_card,0,0,0,1,0
TXN102584,145.02,11,0,1746,4,299.17,20.37,0,online_retail,credit_card,0,0,0,1,0
TXN102585,171.31,22,0,1495,2,242.25,61.48,0,grocery,digital_wallet,1,0,0,1,0
TXN102586,16.33,12,0,1997,2,117.2,16.45,0,gas_station,digital_wallet,0,0,0,0,0
TXN102587,209.81,12,0,2913,1,167.34,0.13,0,online_retail,debit_card,0,0,1,1,0
TXN102588,48.31,22,0,1167,3,12.09,13.14,0,grocery,debit_card,0,0,0,0,1
TXN102589,207.73,3,0,2217,9,43.65,1.76,1,jewelry,credit_card,0,0,1,1,0
TXN102590,239.2,2,0,2346,6,108.81,1.98,0,restaurant,debit_card,1,0,0,1,0
TXN102591,323.16,10,1,382,2,166.93,5.43,0,restaurant,debit_card,0,1,0,0,0
TXN102592,132.9,7,1,704,2,62.9,9.29,0,gas_station,credit_card,0,0,0,1,0
TXN102593,125.44,4,0,2760,1,73.42,13.64,0,online_retail,credit_card,0,0,0,1,0
TXN102594,23.19,2,1,3349,2,36.85,2.75,0,travel,debit_card,1,1,0,0,0
TXN102595,207.45,21,1,1975,1,201.07,8.14,0,online_retail,debit_card,0,1,0,1,0
TXN102596,60.91,14,1,2544,4,214.39,5.51,0,grocery,credit_card,0,0,0,1,0
TXN102597,111.76,16,0,53,1,51.15,8.09,1,online_retail,credit_card,1,0,0,0,0
TXN102598,43.85,2,0,3652,5,239.42,2.83,0,travel,digital_wallet,2,0,0,1,0
TXN102599,30.07,8,0,2948,2,89.14,6.84,0,travel,credit_card,0,0,0,1,0
TXN102600,144.23,14,0,2970,2,120.52,17.13,0,other,credit_card,1,0,0,0,0
TXN102601,15.85,12,0,1258,6,188.49,2.16,0,online_retail,credit_card,0,0,0,1,0
TXN102602,209.91,16,0,980,10,31.68,12.69,0,grocery,credit_card,0,0,1,0,0
TXN102603,63.87,16,0,2736,3,49.09,26.02,0,other,debit_card,1,0,0,1,0
TXN102604,5.78,9,0,808,2,169.4,0.21,0,online_retail,credit_card,1,1,0,1,0
TXN102605,100.88,18,1,2032,4,118.49,1.38,0,online_retail,credit_card,0,0,0,1,1
TXN102606,10.83,6,0,3902,2,98.77,15.21,0,electronics,debit_card,0,0,0,1,0
TXN102607,52.23,1,0,3224,2,58.04,57.91,0,restaurant,digital_wallet,0,0,0,1,0
TXN102608,208.87,21,0,3341,1,46.35,107.97,0,other,digital_wallet,1,0,0,0,1
TXN102609,12.54,0,0,1316,2,190.79,1.47,0,electronics,debit_card,1,0,0,0,0
TXN102610,228.61,6,1,1995,5,189.37,0.37,0,jewelry,credit_card,0,0,0,1,0
TXN102611,6.15,2,0,3946,1,125.42,6.01,0,electronics,credit_card,0,0,1,1,0
TXN102612,44.2,5,0,3009,3,244.33,9.02,0,electronics,digital_wallet,0,0,0,1,0
TXN102613,198.04,9,0,3365,6,49.06,14.35,0,grocery,digital_wallet,1,0,0,0,0
TXN102614,49.64,3,0,3515,5,81.46,62.69,0,grocery,debit_card,0,1,1,0,0
TXN102615,19.47,11,0,1550,7,117.37,46.78,0,other,digital_wallet,0,0,0,0,0
TXN102616,71.93,22,1,2172,5,122.32,17.21,1,restaurant,debit_card,0,0,0,0,0
TXN102617,58.47,3,0,2101,3,177.7,7.81,0,grocery,credit_card,2,0,1,0,0
TXN102618,257.48,22,1,1,4,349.97,8.0,0,other,credit_card,0,1,1,0,1
TXN102619,74.9,9,1,1128,1,90.05,13.83,0,online_retail,credit_card,0,0,1,1,0
TXN102620,219.54,14,0,1288,2,115.4,23.67,0,online_retail,credit_card,2,0,0,0,0
TXN102621,312.02,10,1,58,2,163.78,10.46,0,other,credit_card,0,0,0,0,0
TXN102622,108.63,7,1,2234,8,40.0,7.07,0,restaurant,credit_card,1,0,1,1,0
TXN102623,375.51,2,1,3129,6,42.31,16.45,0,restaurant,credit_card,0,0,0,1,0
TXN102624,71.18,14,1,1945,2,139.43,18.49,0,travel,debit_card,0,0,1,1,0
TXN102625,494.67,21,1,3387,4,139.7,11.1,0,grocery,credit_card,0,0,0,0,0
TXN102626,22.38,12,0,2095,4,185.97,26.49,0,travel,credit_card,1,1,1,0,0
TXN102627,213.72,14,0,122,4,103.43,9.11,0,online_retail,credit_card,0,0,0,1,0
TXN102628,97.13,15,0,672,3,139.83,14.22,0,restaurant,credit_card,0,1,0,1,0
TXN102629,78.17,9,1,572,2,176.65,52.76,0,online_retail,credit_card,0,0,0,1,0
TXN102630,156.93,2,0,3786,0,466.13,23.1,0,online_retail,digital_wallet,1,0,0,1,0
TXN102631,166.61,12,0,201,4,56.55,7.94,0,electronics,digital_wallet,0,0,1,1,1
TXN102632,5.62,20,0,178,3,160.5,15.61,0,grocery,credit_card,0,0,0,1,1
TXN102633,32.42,7,0,3325,3,241.07,10.99,1,restaurant,credit_card,0,0,1,0,0
TXN102634,220.46,20,0,3852,7,77.02,1.69,0,jewelry,debit_card,1,0,0,0,0
TXN102635,196.12,20,0,1094,4,226.0,6.38,0,other,credit_card,0,0,0,0,0
TXN102636,492.57,5,0,2732,2,373.55,35.9,0,gas_station,digital_wallet,0,0,1,1,0
TXN102637,214.15,13,0,3427,4,171.21,10.15,0,electronics,credit_card,0,0,0,1,0
TXN102638,494.6,17,0,2697,4,97.77,17.71,1,online_retail,digital_wallet,1,0,0,1,0
TXN102639,174.2,11,0,2463,5,200.4,4.13,0,electronics,digital_wallet,1,0,1,0,0
TXN102640,62.33,16,0,1184,2,133.56,8.62,0,online_retail,credit_card,0,0,0,1,0
TXN102641,21.47,21,0,1877,3,309.11,58.47,0,restaurant,credit_card,0,0,0,0,0
TXN102642,207.74,15,0,1259,8,79.11,6.79,0,travel,credit_card,0,0,0,0,1
TXN102643,142.64,20,0,1589,2,56.18,5.72,0,online_retail,credit_card,0,0,0,1,0
TXN102644,14.76,19,0,3258,1,181.75,0.96,0,electronics,debit_card,0,0,1,0,0
TXN102645,70.61,19,1,618,3,57.56,2.16,0,travel,debit_card,1,0,0,0,0
TXN102646,579.91,20,1,1573,2,226.11,17.82,0,restaurant,credit_card,0,0,0,1,0
TXN102647,102.57,5,0,2106,2,195.1,17.39,1,restaurant,credit_card,1,1,0,1,0
TXN102648,93.24,0,0,1584,4,175.93,19.96,1,electronics,credit_card,0,1,1,1,0
TXN102649,128.98,3,1,605,4,158.87,15.41,0,restaurant,credit_card,0,0,1,1,1
TXN102650,35.37,5,0,1807,1,162.95,14.21,0,grocery,debit_card,0,0,1,0,1
TXN102651,58.93,16,0,189,1,201.22,1.59,0,restaurant,debit_card,0,0,1,1,0
TXN102652,86.66,12,0,213,2,515.4,32.27,0,online_retail,credit_card,0,0,0,1,0
TXN102653,11.84,11,0,919,3,341.36,16.51,0,travel,digital_wallet,1,0,1,1,0
TXN102654,223.31,0,0,82,2,369.9,3.11,1,online_retail,credit_card,0,0,0,0,0
TXN102655,79.98,16,0,1581,5,117.93,2.56,1,gas_station,digital_wallet,0,0,0,0,0
TXN102656,272.69,8,0,2884,2,397.48,11.71,0,other,debit_card,1,0,0,1,0
TXN102657,258.67,18,0,1278,4,134.25,4.99,0,restaurant,digital_wallet,1,1,0,0,0
TXN102658,39.87,2,0,1049,4,113.6,39.14,0,restaurant,debit_card,0,0,1,0,0
TXN102659,174.85,7,0,657,1,181.56,14.35,0,online_retail,credit_card,1,0,0,1,0
TXN102660,89.38,1,0,352,4,391.12,94.94,0,online_retail,credit_card,0,0,1,0,0
TXN102661,297.19,6,0,3272,1,123.59,34.23,0,other,debit_card,2,1,0,0,0
TXN102662,39.76,22,0,237,4,124.65,27.36,0,online_retail,debit_card,0,0,0,0,0
TXN102663,147.33,11,0,369,5,350.05,11.35,0,grocery,debit_card,0,0,0,1,0
TXN102664,138.19,10,0,1920,2,120.67,2.92,0,grocery,credit_card,0,0,0,1,0
TXN102665,58.33,6,1,368,2,127.12,15.2,0,gas_station,credit_card,2,0,0,1,1
TXN102666,25.76,6,0,2877,6,333.65,9.84,0,grocery,credit_card,1,0,1,0,0
TXN102667,157.95,16,1,3434,5,198.57,54.91,0,online_retail,credit_card,0,0,0,0,0
TXN102668,205.76,23,0,3033,5,68.47,5.35,0,grocery,debit_card,0,0,0,1,0
TXN102669,57.21,17,0,1510,1,134.13,16.84,0,online_retail,credit_card,0,0,0,1,0
TXN102670,174.13,17,0,989,3,114.08,44.5,0,gas_station,debit_card,0,0,1,0,0
TXN102671,95.53,11,0,3138,3,105.8,10.11,0,other,debit_card,0,0,1,1,0
TXN102672,181.92,2,0,2629,5,291.31,47.36,0,other,credit_card,2,0,1,1,0
TXN102673,40.62,17,1,2836,3,73.7,1.44,0,online_retail,credit_card,1,1,0,0,0
TXN102674,326.85,19,0,1147,2,263.97,23.29,0,electronics,debit_card,0,0,0,0,0
TXN102675,58.33,12,0,2033,3,99.9,29.13,0,grocery,debit_card,1,0,0,1,0
TXN102676,89.03,2,0,1012,8,78.46,5.31,0,online_retail,credit_card,1,0,0,0,0
TXN102677,14.86,17,0,280,4,108.98,1.39,0,gas_station,digital_wallet,0,0,0,1,0
TXN102678,18.38,22,0,481,3,216.17,1.54,0,grocery,digital_wallet,0,0,0,0,0
TXN102679,120.18,5,0,2444,0,97.7,6.1,0,restaurant,credit_card,1,0,0,0,0
TXN102680,59.96,3,0,1212,0,71.77,4.1,0,online_retail,credit_card,0,0,0,1,0
TXN102681,268.48,17,1,665,5,21.03,6.58,0,online_retail,credit_card,2,0,1,0,0
TXN102682,8.14,7,0,714,6,42.32,12.61,0,online_retail,digital_wallet,1,0,0,1,0
TXN102683,70.41,17,0,1619,3,248.06,1.3,0,restaurant,credit_card,1,1,0,0,0
TXN102684,55.83,16,0,1936,3,50.73,125.59,0,jewelry,digital_wallet,1,0,0,0,0
TXN102685,8.07,6,0,362,4,103.11,17.25,0,travel,credit_card,1,0,0,0,0
TXN102686,20.18,1,0,1472,2,92.88,0.53,0,travel,digital_wallet,0,0,0,1,0
TXN102687,82.66,13,1,1869,1,109.21,23.9,0,restaurant,debit_card,1,0,1,0,0
TXN102688,124.69,9,0,2312,6,180.9,49.41,0,online_retail,debit_card,0,0,0,1,0
TXN102689,65.76,20,0,272,1,214.86,4.9,0,restaurant,credit_card,0,1,1,0,1
TXN102690,101.68,8,0,923,3,236.62,33.64,0,gas_station,digital_wallet,0,0,1,1,1
TXN102691,124.25,5,0,317,3,34.72,19.02,0,gas_station,credit_card,0,0,1,1,0
TXN102692,6.45,20,0,2247,4,223.96,40.58,0,grocery,debit_card,0,1,0,0,0
TXN102693,94.34,17,0,3565,6,171.77,32.58,0,online_retail,debit_card,0,1,0,0,0
TXN102694,593.25,14,0,200,1,360.81,23.33,1,electronics,debit_card,0,0,1,1,0
TXN102695,128.72,22,0,1731,2,133.47,3.32,0,online_retail,debit_card,0,1,1,1,0
TXN102696,185.47,18,0,497,4,160.51,6.54,0,online_retail,digital_wallet,0,0,0,0,0
TXN102697,62.15,20,0,3949,1,122.58,16.7,0,jewelry,credit_card,1,0,0,0,0
TXN102698,239.1,19,0,1894,3,199.38,2.87,0,jewelry,credit_card,2,0,0,0,0
TXN102699,205.03,9,0,1966,3,179.2,9.18,0,grocery,digital_wallet,1,1,0,1,1
TXN102700,128.01,1,0,1940,4,126.67,10.98,0,electronics,digital_wallet,0,0,0,1,0
TXN102701,494.02,14,0,3115,4,102.28,4.24,0,jewelry,digital_wallet,1,0,0,0,0
TXN102702,27.77,18,1,3132,4,130.1,4.58,0,online_retail,debit_card,0,0,0,1,0
TXN102703,8.72,23,0,1920,2,41.03,4.55,0,online_retail,debit_card,2,0,1,1,0
TXN102704,231.33,16,1,1706,3,37.62,14.65,0,jewelry,credit_card,3,0,0,0,0
TXN102705,246.61,13,1,1888,5,203.79,13.12,0,gas_station,credit_card,0,0,1,1,0
TXN102706,25.4,13,0,1933,1,74.58,10.38,0,gas_station,credit_card,2,0,0,1,0
TXN102707,36.39,2,0,711,2,55.56,3.97,0,grocery,debit_card,0,0,0,1,0
TXN102708,7.94,0,0,2926,5,84.52,33.46,0,gas_station,digital_wallet,1,1,0,1,0
TXN102709,56.3,1,1,740,3,17.34,28.7,0,electronics,credit_card,1,0,0,0,0
TXN102710,226.13,21,1,1032,2,62.08,10.4,1,grocery,credit_card,0,0,0,1,0
TXN102711,124.59,18,0,2958,2,72.25,2.86,0,restaurant,debit_card,0,0,0,0,0
TXN102712,68.56,6,0,3771,2,284.21,23.37,0,online_retail,debit_card,0,0,1,1,0
TXN102713,65.17,10,1,2764,1,179.84,55.67,0,jewelry,credit_card,0,0,0,0,0
TXN102714,5.11,11,0,682,3,361.43,3.88,0,other,credit_card,0,0,0,0,0
TXN102715,58.94,5,1,1020,3,21.12,17.52,0,electronics,digital_wallet,1,0,0,1,0
TXN102716,163.2,10,0,51,5,92.18,11.84,0,online_retail,credit_card,0,0,0,1,0
TXN102717,564.43,8,0,1156,4,199.94,2.54,0,grocery,credit_card,0,0,0,0,0
TXN102718,324.74,16,1,1561,2,63.05,26.23,0,gas_station,digital_wallet,0,0,1,1,0
TXN102719,7.53,18,0,2245,1,220.99,1.41,0,restaurant,debit_card,1,0,0,1,0
TXN102720,355.66,2,0,3280,4,20.91,34.38,0,other,digital_wallet,0,0,1,0,1
TXN102721,273.55,11,1,3636,5,146.52,8.38,0,restaurant,digital_wallet,1,0,0,0,0
TXN102722,188.71,23,0,469,6,312.95,20.65,1,gas_station,digital_wallet,0,0,0,1,0
TXN102723,98.98,20,0,1644,3,65.34,3.2,0,grocery,credit_card,1,0,0,0,0
TXN102724,75.63,19,1,3199,5,159.58,8.32,1,electronics,credit_card,0,0,0,0,1
TXN102725,56.56,17,0,882,9,233.02,1.58,0,electronics,credit_card,1,0,0,1,0
TXN102726,13.63,0,0,1881,1,130.22,14.99,1,online_retail,debit_card,0,0,0,1,0
TXN102727,42.98,23,0,864,4,110.01,4.87,0,travel,credit_card,0,0,1,1,0
TXN102728,59.21,17,0,1285,5,159.74,3.01,1,restaurant,credit_card,1,1,0,0,0
TXN102729,89.59,21,1,3234,3,44.53,2.82,0,restaurant,debit_card,1,0,1,0,0
TXN102730,183.73,21,0,2790,2,527.11,27.29,1,grocery,credit_card,1,1,0,0,0
TXN102731,86.66,6,0,955,6,285.46,19.64,0,online_retail,credit_card,0,0,0,1,0
TXN102732,17.15,0,0,758,1,88.33,2.6,0,online_retail,debit_card,0,0,0,0,0
TXN102733,453.87,15,0,2301,6,161.95,13.97,0,other,credit_card,0,0,0,1,0
TXN102734,432.65,11,0,2437,4,371.75,23.67,0,grocery,debit_card,1,0,0,0,0
TXN102735,224.58,0,0,2414,2,69.88,41.73,0,grocery,debit_card,1,0,0,1,1
TXN102736,640.31,6,0,1120,3,238.98,1.14,0,grocery,credit_card,1,0,0,1,0
TXN102737,119.53,23,1,2426,3,198.09,14.44,0,restaurant,credit_card,1,0,0,1,0
TXN102738,669.66,8,0,982,4,523.5,15.41,0,electronics,credit_card,0,0,1,1,0
TXN102739,19.84,6,0,1870,7,152.88,0.27,1,electronics,debit_card,1,0,0,1,1
TXN102740,66.15,15,0,2934,1,66.05,6.34,0,jewelry,credit_card,0,0,0,1,0
TXN102741,46.81,15,0,1513,3,27.06,22.76,0,travel,credit_card,0,0,1,1,0
TXN102742,34.11,7,1,3249,1,214.74,7.23,0,restaurant,credit_card,3,1,0,1,0
TXN102743,22.43,20,0,414,1,284.75,2.17,0,online_retail,credit_card,0,0,0,1,0
TXN102744,170.75,13,1,2027,4,147.96,21.97,0,travel,digital_wallet,1,0,0,1,0
TXN102745,267.83,3,0,102,7,255.77,6.28,0,online_retail,credit_card,1,0,1,1,0
TXN102746,152.51,7,1,2878,4,127.63,24.99,0,restaurant,digital_wallet,1,0,0,0,0
TXN102747,27.26,20,0,1062,1,97.19,40.69,1,electronics,debit_card,1,0,0,0,1
TXN102748,249.95,2,0,2665,8,26.32,14.34,1,online_retail,credit_card,1,0,0,1,0
TXN102749,171.31,0,0,1643,3,87.76,18.02,1,gas_station,debit_card,0,0,0,0,0
TXN102750,82.48,15,1,3005,4,191.59,16.83,0,gas_station,credit_card,0,0,1,0,0
TXN102751,165.2,10,1,1021,0,144.1,36.72,0,travel,credit_card,0,0,0,1,0
TXN102752,41.29,6,0,255,3,67.14,4.68,0,online_retail,credit_card,1,0,1,1,0
TXN102753,69.45,11,1,700,4,22.58,11.84,0,jewelry,credit_card,0,0,1,1,0
TXN102754,431.64,4,0,2042,2,101.58,33.32,0,grocery,debit_card,1,0,0,0,1
TXN102755,48.92,8,0,1429,2,79.42,24.28,0,grocery,digital_wallet,1,0,0,1,0
TXN102756,108.21,5,1,282,0,313.53,6.29,0,jewelry,digital_wallet,1,0,1,1,0
TXN102757,349.93,14,0,1252,3,143.82,30.64,0,online_retail,credit_card,0,0,0,0,0
TXN102758,207.36,16,0,2908,4,178.55,7.72,0,electronics,debit_card,0,0,0,1,0
TXN102759,16.24,21,1,1832,5,52.86,15.43,0,electronics,debit_card,0,0,0,0,0
TXN102760,26.59,1,0,1563,2,122.98,54.09,0,travel,credit_card,1,0,0,1,0
TXN102761,5.09,7,1,1991,0,40.9,18.75,0,jewelry,digital_wallet,1,0,0,0,0
TXN102762,144.93,6,1,324,1,64.69,29.53,0,electronics,credit_card,1,0,1,1,0
TXN102763,104.63,13,0,193,3,308.64,27.35,0,online_retail,debit_card,1,0,1,0,0
TXN102764,24.95,12,1,144,2,143.52,51.95,0,gas_station,debit_card,0,0,0,1,0
TXN102765,441.9,21,0,415,4,138.29,77.99,0,travel,digital_wallet,0,0,0,0,1
TXN102766,94.95,22,0,2387,4,189.88,0.41,0,grocery,credit_card,1,1,0,0,0
TXN102767,57.43,18,0,1970,2,9.1,0.56,1,gas_station,debit_card,1,0,1,1,1
TXN102768,120.52,4,0,2493,7,111.64,19.86,0,grocery,debit_card,1,1,0,1,0
TXN102769,192.75,0,1,3206,1,356.73,69.16,0,gas_station,credit_card,0,0,1,1,0
TXN102770,18.98,21,0,1615,2,103.98,13.35,0,travel,credit_card,1,0,1,0,0
TXN102771,56.99,22,0,2315,2,67.0,39.08,0,gas_station,credit_card,0,0,0,0,0
TXN102772,244.46,6,1,3227,2,160.19,31.17,0,restaurant,credit_card,0,0,1,0,0
TXN102773,95.44,1,0,584,2,68.71,13.56,1,travel,credit_card,0,0,0,1,0
TXN102774,117.46,16,0,2154,2,111.25,12.91,1,jewelry,credit_card,0,0,0,1,0
TXN102775,123.55,14,1,2231,5,63.2,13.1,0,gas_station,credit_card,0,0,0,0,0
TXN102776,12.54,21,0,896,4,65.52,6.12,0,grocery,debit_card,1,1,0,0,0
TXN102777,30.44,13,1,869,1,38.06,26.91,0,other,debit_card,2,0,1,1,0
TXN102778,98.83,18,0,65,3,121.84,4.05,0,restaurant,debit_card,0,1,0,1,0
TXN102779,35.61,18,0,3745,3,204.88,43.55,0,grocery,debit_card,0,0,0,0,0
TXN102780,15.2,0,0,1059,5,405.18,8.6,0,gas_station,credit_card,1,1,0,1,0
TXN102781,261.74,3,1,305,1,114.72,0.67,0,restaurant,digital_wallet,0,0,0,1,0
TXN102782,638.28,18,0,903,3,344.32,6.57,0,online_retail,debit_card,0,0,0,1,0
TXN102783,274.3,4,1,415,2,188.93,28.1,0,online_retail,digital_wallet,0,0,0,0,0
TXN102784,307.26,4,0,339,8,273.85,2.9,0,grocery,credit_card,1,1,0,1,0
TXN102785,47.09,18,0,3452,3,189.08,27.19,0,other,digital_wallet,1,0,0,1,0
TXN102786,490.84,4,0,411,3,53.65,3.91,0,grocery,credit_card,0,0,0,1,0
TXN102787,37.64,3,1,2122,1,125.62,15.24,0,online_retail,credit_card,0,0,0,1,0
TXN102788,428.04,0,1,464,4,59.7,4.72,0,grocery,credit_card,0,0,1,1,0
TXN102789,752.71,11,1,77,4,61.72,7.59,0,jewelry,credit_card,0,0,0,0,0
TXN102790,228.79,15,0,2958,6,135.77,2.68,0,grocery,debit_card,0,0,0,1,0
TXN102791,592.87,17,0,1104,4,209.92,17.95,0,restaurant,credit_card,2,0,0,1,1
TXN102792,119.61,21,1,1744,5,232.69,9.9,0,grocery,credit_card,1,0,0,1,0
TXN102793,47.06,15,0,622,3,59.87,9.41,0,restaurant,debit_card,0,0,1,0,0
TXN102794,104.04,18,1,1866,4,129.03,0.71,0,grocery,debit_card,1,0,1,1,0
TXN102795,151.88,5,1,1796,3,499.88,4.87,0,restaurant,credit_card,0,0,0,1,0
TXN102796,17.52,8,0,1396,2,138.24,26.23,1,online_retail,credit_card,0,0,1,0,0
TXN102797,146.47,7,0,2305,3,100.33,7.94,0,grocery,debit_card,0,0,1,0,1
TXN102798,643.71,1,1,2830,5,26.6,10.65,0,jewelry,digital_wallet,1,0,0,0,0
TXN102799,33.91,23,1,1220,0,48.16,29.8,0,restaurant,debit_card,0,0,0,0,0
TXN102800,233.57,5,0,2840,3,32.63,12.16,0,travel,credit_card,1,0,0,0,0
TXN102801,407.5,10,1,1223,1,88.59,3.62,1,online_retail,credit_card,1,0,1,1,1
TXN102802,484.85,8,1,2832,3,167.49,14.03,1,other,credit_card,0,0,1,0,0
TXN102803,434.06,1,0,3563,1,69.95,28.31,0,other,debit_card,0,0,0,0,0
TXN102804,104.28,21,0,1737,2,88.79,16.43,0,restaurant,digital_wallet,0,0,0,1,0
TXN102805,580.38,5,0,2189,5,49.08,8.99,0,grocery,credit_card,1,0,0,1,1
TXN102806,267.43,2,0,120,3,77.43,2.7,0,electronics,credit_card,2,0,0,1,0
TXN102807,24.99,8,1,183,3,208.15,7.36,0,other,credit_card,1,0,0,0,0
TXN102808,105.67,3,1,32,2,199.39,59.81,0,grocery,debit_card,0,0,1,1,1
TXN102809,165.36,23,0,1122,2,447.57,23.89,1,travel,debit_card,0,0,1,1,1
TXN102810,44.13,4,0,1571,3,163.95,1.52,0,online_retail,credit_card,0,0,1,0,0
TXN102811,151.72,7,1,2819,1,186.45,0.1,0,other,digital_wallet,1,0,0,0,0
TXN102812,161.41,6,1,564,5,28.11,2.99,1,electronics,credit_card,0,0,0,0,0
TXN102813,29.68,0,0,2056,3,205.26,60.86,0,gas_station,debit_card,1,0,0,1,0
TXN102814,130.0,0,0,1493,2,270.79,22.13,0,online_retail,digital_wallet,1,0,0,1,0
TXN102815,212.43,12,1,1563,3,125.33,32.89,0,online_retail,debit_card,0,0,1,0,0
TXN102816,91.15,5,0,801,2,39.19,12.69,0,online_retail,debit_card,0,1,0,0,0
TXN102817,7.5,2,0,1949,4,52.06,32.45,0,restaurant,credit_card,0,0,0,1,0
TXN102818,6.96,6,0,3363,0,111.1,0.62,0,travel,digital_wallet,0,0,0,1,0
TXN102819,78.84,6,0,1144,1,110.78,11.52,0,online_retail,debit_card,0,0,0,1,0
TXN102820,329.11,10,1,822,5,39.85,8.41,0,restaurant,credit_card,1,0,1,1,0
TXN102821,45.56,23,0,3290,3,89.09,69.04,0,online_retail,credit_card,2,0,1,1,1
TXN102822,169.09,7,1,3068,4,290.44,5.34,1,gas_station,credit_card,0,0,0,0,0
TXN102823,37.7,16,0,2954,1,151.51,10.92,0,restaurant,debit_card,0,0,1,0,0
TXN102824,63.29,18,0,3273,1,32.32,34.46,0,travel,digital_wallet,0,0,0,1,0
TXN102825,283.63,1,0,2632,4,281.68,48.29,0,other,credit_card,0,0,0,0,0
TXN102826,250.44,12,1,2877,4,46.16,55.12,0,online_retail,credit_card,1,0,0,0,0
TXN102827,25.25,10,1,3302,4,63.59,8.88,0,online_retail,debit_card,1,0,0,0,0
TXN102828,72.87,12,0,2380,1,158.9,69.16,1,grocery,digital_wallet,0,0,0,1,0
TXN102829,12.73,4,0,1038,2,251.19,17.38,0,restaurant,debit_card,0,1,0,0,1
TXN102830,92.6,11,0,76,8,136.79,43.28,1,grocery,digital_wallet,0,1,0,1,0
TXN102831,188.87,2,0,2723,2,75.26,70.11,0,online_retail,credit_card,1,1,0,1,1
TXN102832,26.87,22,1,113,4,180.52,5.82,0,electronics,credit_card,0,0,0,1,0
TXN102833,49.82,14,0,1220,6,175.67,18.65,0,online_retail,debit_card,0,1,0,1,0
TXN102834,86.02,0,0,2996,3,209.86,15.91,0,jewelry,credit_card,0,1,0,1,0
TXN102835,378.07,12,0,1963,3,323.25,31.66,0,electronics,credit_card,0,0,0,0,1
TXN102836,806.76,22,0,354,2,92.46,8.7,0,other,credit_card,1,1,0,0,0
TXN102837,12.22,17,1,3201,1,39.86,4.76,0,restaurant,credit_card,1,0,0,1,0
TXN102838,253.62,6,1,2523,2,192.89,28.54,0,electronics,debit_card,1,0,1,0,0
TXN102839,75.4,21,1,1950,1,184.9,18.03,0,gas_station,debit_card,0,1,1,0,0
TXN102840,78.16,4,0,3654,4,84.71,41.97,0,gas_station,debit_card,0,0,0,1,0
TXN102841,245.83,5,0,2037,0,250.73,19.49,1,restaurant,debit_card,0,1,1,1,0
TXN102842,408.42,3,1,2706,6,239.57,0.36,0,online_retail,debit_card,0,0,1,0,0
TXN102843,499.13,22,0,2483,3,18.48,66.09,0,grocery,digital_wallet,0,1,1,1,1
TXN102844,123.82,17,0,490,2,113.39,14.61,0,electronics,digital_wallet,0,0,1,1,0
TXN102845,62.87,12,0,3148,4,32.32,12.88,0,travel,credit_card,0,0,1,1,0
TXN102846,221.73,16,0,2666,5,114.8,43.12,0,restaurant,credit_card,0,0,0,1,0
TXN102847,44.88,6,1,214,2,108.48,17.0,0,other,credit_card,0,0,0,0,0
TXN102848,142.36,1,0,2471,2,23.83,11.23,0,online_retail,digital_wallet,1,0,0,0,0
TXN102849,80.51,20,1,2735,4,157.2,2.1,0,other,debit_card,0,1,0,0,0
TXN102850,162.29,23,0,633,3,109.19,63.81,0,grocery,debit_card,1,1,1,1,0
TXN102851,54.9,0,0,1165,2,62.79,1.45,0,restaurant,credit_card,1,0,0,1,0
TXN102852,43.49,1,0,1657,2,203.35,5.53,0,electronics,credit_card,1,1,0,1,0
TXN102853,391.87,13,0,3521,3,32.08,27.29,0,jewelry,debit_card,2,0,0,0,0
TXN102854,19.12,1,0,2861,1,324.77,16.76,0,travel,debit_card,0,0,0,1,0
TXN102855,133.82,17,0,3694,1,311.02,3.82,0,online_retail,debit_card,0,0,0,1,0
TXN102856,42.12,22,1,1785,2,179.16,5.99,1,gas_station,debit_card,1,0,0,1,0
TXN102857,11.13,6,1,1309,8,62.55,113.79,0,electronics,credit_card,1,0,1,0,1
TXN102858,10.08,7,1,157,6,113.57,16.17,0,other,credit_card,0,0,1,0,0
TXN102859,30.47,20,0,886,3,22.34,8.88,0,restaurant,credit_card,2,0,1,0,0
TXN102860,257.69,8,0,3392,8,137.0,57.66,0,online_retail,credit_card,0,0,1,1,0
TXN102861,59.11,5,1,1680,3,112.5,8.8,0,online_retail,credit_card,0,0,1,0,0
TXN102862,414.85,2,0,1049,3,288.94,7.04,0,restaurant,credit_card,0,0,0,0,0
TXN102863,195.91,20,0,410,3,184.59,3.71,0,travel,credit_card,1,0,0,0,0
TXN102864,79.94,22,0,1748,7,165.08,35.16,0,restaurant,credit_card,3,0,0,0,0
TXN102865,116.23,1,0,1597,3,206.69,16.88,0,grocery,credit_card,1,0,1,0,0
TXN102866,121.27,19,1,525,3,74.44,3.13,0,grocery,digital_wallet,0,0,1,1,0
TXN102867,262.27,3,1,2709,3,128.32,20.53,0,jewelry,debit_card,0,0,1,0,0
TXN102868,55.23,3,1,446,3,35.09,2.27,0,gas_station,digital_wallet,0,0,0,0,0
TXN102869,75.32,9,0,2513,2,89.19,61.61,0,gas_station,credit_card,0,0,0,1,0
TXN102870,273.95,10,0,87,2,189.5,6.27,0,online_retail,digital_wallet,0,0,1,1,1
TXN102871,409.41,20,1,1008,2,32.75,19.39,0,gas_station,debit_card,0,0,0,1,0
TXN102872,298.57,16,0,230,2,80.45,23.55,0,restaurant,debit_card,0,1,0,1,0
TXN102873,68.96,3,0,484,1,118.84,21.67,0,electronics,credit_card,0,0,0,0,0
TXN102874,235.65,14,1,619,5,265.41,9.06,0,online_retail,credit_card,0,0,0,0,0
TXN102875,77.96,21,0,1339,5,55.39,1.29,0,other,digital_wallet,1,0,0,1,0
TXN102876,92.36,15,0,1766,2,63.88,91.22,0,grocery,credit_card,1,0,0,0,0
TXN102877,36.89,5,0,1925,2,156.31,2.95,0,other,credit_card,1,0,1,1,0
TXN102878,125.94,3,1,1460,1,190.16,35.45,1,online_retail,debit_card,0,0,0,0,0
TXN102879,37.64,10,1,1031,3,148.02,3.59,0,online_retail,credit_card,0,0,1,1,0
TXN102880,67.86,11,1,2130,3,56.28,6.22,0,online_retail,credit_card,0,0,0,0,0
TXN102881,328.04,8,0,2199,3,54.91,12.74,1,electronics,debit_card,1,0,0,0,0
TXN102882,43.56,2,0,338,4,173.8,11.79,0,jewelry,credit_card,0,0,0,0,0
TXN102883,18.43,2,0,334,5,169.59,58.2,0,other,credit_card,0,1,0,1,0
TXN102884,15.73,12,0,1121,1,214.14,28.66,0,other,debit_card,0,0,1,1,0
TXN102885,444.9,22,0,3129,2,405.03,71.87,1,grocery,credit_card,0,1,0,1,0
TXN102886,118.09,14,0,2648,2,105.72,17.46,0,online_retail,digital_wallet,0,0,1,1,0
TXN102887,85.44,10,0,37,4,143.52,3.79,0,online_retail,credit_card,0,0,0,1,0
TXN102888,242.94,22,1,2069,1,130.21,15.39,0,gas_station,digital_wallet,0,0,0,1,0
TXN102889,265.23,16,1,430,3,97.08,28.66,0,travel,debit_card,3,0,0,0,0
TXN102890,59.43,17,0,221,5,41.01,1.75,0,other,debit_card,0,0,1,1,0
TXN102891,191.91,13,0,1293,5,321.48,37.14,0,electronics,debit_card,1,0,0,1,0
TXN102892,223.65,18,1,3055,6,127.64,18.67,0,online_retail,digital_wallet,0,0,0,1,0
TXN102893,151.9,12,1,1330,2,97.21,27.32,0,restaurant,credit_card,0,0,1,1,0
TXN102894,27.39,14,0,1183,2,88.11,24.57,0,online_retail,credit_card,0,0,1,0,0
TXN102895,274.99,14,0,3389,2,100.91,39.24,0,grocery,credit_card,0,0,0,1,0
TXN102896,136.28,18,0,838,4,174.31,1.92,0,gas_station,debit_card,0,0,0,0,0
TXN102897,55.31,21,1,831,2,347.89,9.75,0,online_retail,debit_card,0,0,0,1,0
TXN102898,79.41,7,1,3177,3,217.8,12.96,0,online_retail,debit_card,0,0,1,1,0
TXN102899,11.83,16,1,381,0,261.68,18.38,1,electronics,debit_card,0,0,0,0,0
TXN102900,23.86,0,1,684,2,110.73,53.56,0,gas_station,credit_card,0,0,1,0,0
TXN102901,188.0,12,1,1501,1,133.96,1.01,0,other,credit_card,0,0,0,0,0
TXN102902,5.65,21,0,1994,3,228.03,51.68,1,jewelry,digital_wallet,0,0,0,0,0
TXN102903,80.46,15,1,200,0,220.89,14.21,0,travel,debit_card,0,0,1,0,0
TXN102904,110.33,6,0,2173,2,273.91,24.94,1,gas_station,credit_card,0,0,1,1,1
TXN102905,13.5,14,1,2115,6,198.46,6.79,0,travel,credit_card,0,0,1,1,0
TXN102906,627.64,8,1,2235,3,58.96,18.18,0,jewelry,credit_card,0,0,0,1,0
TXN102907,43.55,10,0,1562,5,91.94,22.91,0,grocery,credit_card,0,1,1,1,0
TXN102908,51.44,5,0,428,2,93.46,4.55,0,grocery,digital_wallet,0,0,0,1,0
TXN102909,63.35,14,1,332,4,138.49,22.89,0,restaurant,credit_card,0,0,0,1,0
TXN102910,41.79,4,0,1836,5,204.48,7.18,0,grocery,debit_card,0,0,1,1,0
TXN102911,6.55,10,1,2695,1,130.84,24.44,0,online_retail,digital_wallet,0,0,0,0,0
TXN102912,201.01,22,0,1777,6,657.83,27.46,0,online_retail,debit_card,2,0,0,0,0
TXN102913,394.6,18,0,3746,3,72.15,24.93,0,restaurant,debit_card,0,0,1,0,0
TXN102914,44.99,9,0,803,8,201.44,0.34,1,online_retail,debit_card,0,0,0,0,0
TXN102915,212.37,23,0,3228,3,256.58,2.43,0,other,debit_card,0,0,1,0,0
TXN102916,251.49,0,1,3008,3,216.32,39.93,0,travel,credit_card,0,1,0,0,0
TXN102917,358.77,23,0,1277,2,161.06,10.46,1,restaurant,digital_wallet,0,0,0,1,0
TXN102918,77.32,8,0,1917,3,104.42,37.62,0,electronics,credit_card,0,0,0,0,0
TXN102919,65.97,19,0,2825,3,120.32,1.11,0,grocery,digital_wallet,0,0,0,1,0
TXN102920,58.71,22,0,2313,1,51.32,35.82,0,electronics,credit_card,1,0,1,1,0
TXN102921,197.28,14,0,751,8,112.49,2.48,1,electronics,debit_card,1,0,1,1,0
TXN102922,222.79,14,0,2650,1,31.04,12.7,0,restaurant,debit_card,1,0,0,0,1
TXN102923,32.45,17,0,2353,1,155.45,76.86,0,electronics,credit_card,0,0,0,0,1
TXN102924,68.72,5,1,3513,4,218.97,1.89,0,restaurant,credit_card,0,0,0,1,0
TXN102925,393.56,4,0,49,2,423.06,12.88,0,electronics,digital_wallet,0,0,0,1,0
TXN102926,276.89,8,0,2247,5,191.48,15.91,0,travel,digital_wallet,0,0,0,1,1
TXN102927,654.95,11,1,1894,2,362.95,47.08,0,grocery,credit_card,0,0,0,0,0
TXN102928,183.28,17,1,1273,2,250.61,9.41,0,grocery,debit_card,1,0,0,0,0
TXN102929,77.0,6,0,1989,2,46.5,30.44,0,online_retail,debit_card,1,0,1,0,0
TXN102930,127.07,13,1,1630,2,135.46,27.26,0,online_retail,credit_card,0,0,0,1,0
TXN102931,185.67,0,0,35,2,56.21,9.33,0,grocery,credit_card,0,0,1,1,1
TXN102932,19.88,0,0,160,2,459.62,9.65,1,electronics,digital_wallet,0,0,0,0,0
TXN102933,139.57,23,0,3553,2,106.63,4.22,0,electronics,debit_card,0,0,0,0,0
TXN102934,173.84,20,0,2842,2,22.03,24.49,0,gas_station,credit_card,0,0,1,1,1
TXN102935,23.37,20,0,932,3,29.06,18.98,0,travel,credit_card,1,0,0,1,0
TXN102936,188.12,7,0,437,2,161.25,3.84,0,restaurant,digital_wallet,1,1,0,1,0
TXN102937,161.87,12,1,2249,1,83.45,22.16,0,online_retail,digital_wallet,0,0,0,1,0
TXN102938,439.5,16,0,2672,1,166.78,14.68,1,travel,credit_card,0,0,0,1,0
TXN102939,10.51,6,0,3609,1,483.07,1.67,0,travel,credit_card,0,0,0,1,0
TXN102940,62.42,17,1,1542,7,98.94,54.52,0,gas_station,credit_card,0,0,0,1,0
TXN102941,166.48,16,0,358,3,46.99,39.13,0,gas_station,credit_card,0,1,0,0,0
TXN102942,57.94,9,0,629,1,479.79,1.71,0,online_retail,debit_card,1,0,0,0,0
TXN102943,186.31,10,1,1024,5,512.59,60.76,0,grocery,credit_card,1,0,1,0,0
TXN102944,215.01,7,0,797,4,123.51,44.01,0,grocery,debit_card,1,0,0,1,0
TXN102945,21.81,19,0,126,2,126.57,0.84,0,restaurant,digital_wallet,1,0,1,1,0
TXN102946,137.15,23,1,3259,6,248.79,3.64,0,electronics,debit_card,1,0,1,0,0
TXN102947,117.47,23,0,2082,4,66.29,18.87,0,online_retail,debit_card,1,0,0,0,0
TXN102948,80.88,18,0,816,1,414.05,55.35,0,gas_station,debit_card,0,0,0,0,0
TXN102949,472.09,8,0,1376,7,373.89,44.25,0,travel,credit_card,0,0,1,1,0
TXN102950,233.43,18,1,2557,4,292.4,6.74,0,restaurant,credit_card,1,0,0,1,0
TXN102951,201.68,5,0,1288,2,212.56,0.96,0,restaurant,digital_wallet,1,0,0,0,0
TXN102952,186.24,21,0,3659,3,95.53,12.44,0,grocery,debit_card,0,0,0,0,0
TXN102953,72.39,6,0,1301,2,90.8,1.94,1,gas_station,credit_card,0,0,0,1,0
TXN102954,298.8,9,0,3255,5,151.24,4.71,0,jewelry,credit_card,0,0,0,0,0
TXN102955,161.88,2,1,751,5,112.03,19.2,0,other,credit_card,0,1,0,1,0
TXN102956,214.05,1,0,1105,4,367.87,11.03,0,gas_station,credit_card,1,0,0,1,0
TXN102957,305.89,9,1,128,6,154.38,7.16,0,gas_station,credit_card,0,0,1,0,0
TXN102958,54.24,13,0,2300,2,227.95,43.05,0,grocery,debit_card,0,0,1,0,0
TXN102959,318.23,0,0,2530,3,26.91,4.36,0,gas_station,digital_wallet,1,0,0,1,0
TXN102960,32.27,20,0,40,4,396.45,11.71,1,electronics,credit_card,1,1,0,1,0
TXN102961,68.32,2,0,3601,3,40.99,15.57,0,grocery,credit_card,0,0,0,0,0
TXN102962,68.8,23,0,30,3,201.72,8.36,1,restaurant,credit_card,0,0,0,0,0
TXN102963,531.99,6,1,973,3,108.41,18.49,0,online_retail,credit_card,1,0,0,1,0
TXN102964,297.26,9,1,2074,2,257.75,40.98,0,restaurant,debit_card,0,0,1,0,0
TXN102965,153.66,3,0,2421,4,206.95,18.16,0,jewelry,credit_card,0,0,0,0,0
TXN102966,236.6,19,0,1799,2,60.68,35.97,0,restaurant,credit_card,0,0,0,1,0
TXN102967,118.74,17,1,2007,3,214.51,1.38,0,restaurant,credit_card,0,0,0,0,0
TXN102968,568.96,1,1,796,2,64.01,3.31,0,online_retail,digital_wallet,0,0,0,1,0
TXN102969,107.43,2,0,785,2,81.37,11.08,0,grocery,credit_card,0,0,0,1,0
TXN102970,86.92,14,1,2767,2,33.29,50.02,0,restaurant,credit_card,0,0,0,1,1
TXN102971,31.5,20,1,1720,2,118.72,20.43,1,grocery,credit_card,0,0,0,1,0
TXN102972,235.54,2,0,1230,3,85.07,11.89,0,restaurant,credit_card,2,0,0,0,0
TXN102973,190.09,5,1,967,4,335.17,17.98,0,grocery,debit_card,3,1,0,1,0
TXN102974,78.88,13,0,304,3,460.7,2.94,0,online_retail,credit_card,0,0,0,0,0
TXN102975,9.17,2,0,3085,2,118.77,21.4,0,jewelry,credit_card,1,0,0,1,0
TXN102976,253.9,7,0,876,6,328.35,2.05,1,grocery,digital_wallet,1,0,0,0,0
TXN102977,6.62,0,1,2792,1,79.59,16.45,0,online_retail,debit_card,0,0,0,0,0
TXN102978,174.23,11,0,3503,2,161.67,23.26,0,grocery,credit_card,2,0,1,0,1
TXN102979,701.42,17,0,3016,5,184.83,12.68,0,restaurant,credit_card,1,1,0,0,0
TXN102980,90.37,9,0,880,3,196.64,34.04,0,online_retail,digital_wallet,1,0,0,0,0
TXN102981,54.38,6,0,2260,3,129.37,3.6,1,restaurant,credit_card,1,0,0,0,0
TXN102982,183.69,10,0,576,2,402.11,3.44,0,grocery,debit_card,1,1,0,0,1
TXN102983,268.06,12,1,936,2,111.69,10.33,0,travel,credit_card,0,0,1,1,0
TXN102984,105.47,3,0,1816,2,13.43,45.03,0,restaurant,credit_card,0,0,0,0,1
TXN102985,489.85,2,0,1436,4,156.28,9.85,0,travel,digital_wallet,0,0,0,1,0
TXN102986,13.29,4,0,576,2,174.37,53.14,0,online_retail,digital_wallet,0,0,1,0,0
TXN102987,133.57,23,0,1676,5,40.2,27.02,0,jewelry,credit_card,0,0,0,1,0
TXN102988,200.39,17,0,3497,2,154.81,35.3,0,online_retail,debit_card,0,0,0,0,0
TXN102989,357.46,3,0,3246,4,87.15,42.07,0,online_retail,credit_card,0,1,0,1,0
TXN102990,37.4,7,0,1449,2,38.41,18.18,0,grocery,digital_wallet,1,0,0,0,0
TXN102991,299.56,9,1,1467,5,61.5,23.41,0,travel,credit_card,2,0,0,0,0
TXN102992,124.79,4,1,1611,0,63.74,18.0,0,restaurant,digital_wallet,1,0,0,0,0
TXN102993,107.59,20,0,3292,2,187.92,33.64,0,other,credit_card,0,0,1,0,0
TXN102994,24.71,22,0,1302,3,83.11,4.51,0,electronics,credit_card,0,0,1,1,1
TXN102995,278.84,5,1,516,2,104.99,25.96,0,travel,debit_card,0,0,1,0,0
TXN102996,26.52,0,0,1480,2,83.71,31.97,0,online_retail,debit_card,1,0,0,0,0
TXN102997,80.17,6,0,3737,3,225.48,17.53,1,jewelry,credit_card,0,0,0,0,0
TXN102998,62.21,13,0,2808,2,203.56,1.18,0,restaurant,credit_card,1,0,0,1,0
TXN102999,300.38,19,0,2482,2,49.14,23.67,0,grocery,debit_card,2,0,0,1,0
TXN103000,200.43,8,1,1207,3,67.22,3.76,0,grocery,credit_card,1,0,0,1,0
TXN103001,264.94,6,0,2626,2,47.97,58.58,1,jewelry,debit_card,1,0,1,0,0
TXN103002,61.09,5,0,2293,3,46.26,1.99,0,online_retail,debit_card,0,0,0,1,0
TXN103003,126.29,0,1,2900,5,182.2,24.16,0,electronics,credit_card,1,0,0,1,0
TXN103004,128.07,0,1,2191,4,108.14,9.13,0,online_retail,credit_card,0,0,0,1,0
TXN103005,258.55,10,0,604,0,229.23,29.62,1,grocery,debit_card,1,0,0,0,0
TXN103006,283.93,14,1,45,2,112.84,13.11,0,gas_station,digital_wallet,1,0,1,0,1
TXN103007,7.76,0,0,206,2,132.72,22.94,0,jewelry,debit_card,1,0,0,0,0
TXN103008,167.61,4,1,18,4,71.02,1.5,0,grocery,credit_card,0,1,0,1,1
TXN103009,14.18,21,0,1048,4,152.64,70.12,0,other,debit_card,1,0,0,0,0
TXN103010,165.12,23,1,1760,2,388.31,0.05,1,other,debit_card,0,0,1,0,0
TXN103011,53.55,15,1,386,1,92.03,53.32,0,grocery,credit_card,0,0,1,1,0
TXN103012,57.01,12,1,1334,3,328.28,21.09,0,grocery,debit_card,0,0,1,1,1
TXN103013,71.31,13,1,1060,0,259.83,6.78,0,restaurant,credit_card,0,0,0,0,0
TXN103014,169.6,8,0,1840,2,259.56,23.82,0,grocery,credit_card,1,0,1,1,0
TXN103015,61.64,4,1,2052,1,54.42,22.57,0,grocery,credit_card,1,0,0,0,0
TXN103016,188.11,9,0,3240,7,14.6,35.44,0,online_retail,digital_wallet,1,0,0,0,0
TXN103017,93.95,16,0,2441,3,90.51,0.35,0,gas_station,digital_wallet,1,0,0,1,0
TXN103018,16.35,15,1,1867,2,258.5,72.14,0,other,debit_card,1,0,0,1,0
TXN103019,183.63,16,1,283,3,24.11,22.44,0,other,digital_wallet,0,0,0,0,0
TXN103020,47.89,14,0,1698,7,96.56,11.19,1,electronics,credit_card,0,0,1,1,0
TXN103021,107.83,1,1,2807,4,135.21,18.94,0,travel,credit_card,1,0,0,0,0
TXN103022,187.31,15,1,935,4,155.04,3.66,0,gas_station,credit_card,1,0,0,0,0
TXN103023,59.88,21,1,400,3,744.23,5.98,0,travel,credit_card,0,0,0,1,0
TXN103024,13.46,15,0,1855,2,325.99,2.3,0,online_retail,digital_wallet,0,0,1,1,1
TXN103025,75.36,13,1,2894,1,49.6,46.08,0,other,credit_card,1,0,0,1,0
TXN103026,479.05,5,0,208,1,66.71,4.45,1,restaurant,credit_card,1,0,0,1,0
TXN103027,135.06,19,0,2723,1,51.44,24.04,0,online_retail,credit_card,3,0,0,0,0
TXN103028,155.46,10,0,2112,0,222.6,5.68,0,gas_station,credit_card,0,0,1,1,0
TXN103029,160.23,6,1,2648,2,194.79,2.76,0,restaurant,credit_card,0,0,0,1,0
TXN103030,37.82,11,0,2109,2,159.87,1.57,0,electronics,credit_card,0,0,1,1,1
TXN103031,92.41,2,0,3003,2,313.69,55.32,0,electronics,credit_card,1,0,0,1,0
TXN103032,184.22,22,0,3059,1,137.46,2.18,0,grocery,credit_card,1,0,0,1,0
TXN103033,21.95,16,0,824,2,31.1,1.57,0,travel,credit_card,0,0,0,0,0
TXN103034,61.36,7,0,1748,2,414.3,0.13,0,online_retail,digital_wallet,1,0,0,0,0
TXN103035,56.73,19,0,1846,1,195.98,10.67,0,grocery,credit_card,0,0,0,0,0
TXN103036,91.36,1,1,2994,3,105.38,56.25,0,electronics,debit_card,0,0,0,1,0
TXN103037,587.79,9,0,1396,7,209.04,44.93,0,grocery,credit_card,0,0,0,0,0
TXN103038,14.0,15,1,614,1,213.6,2.31,0,restaurant,debit_card,0,0,0,1,0
TXN103039,113.7,0,0,2058,1,45.66,0.28,1,grocery,credit_card,2,0,0,0,1
TXN103040,40.3,17,0,562,2,75.76,25.51,1,online_retail,digital_wallet,1,0,0,1,0
TXN103041,526.83,19,1,2328,3,78.15,5.12,0,other,debit_card,1,0,0,0,1
TXN103042,20.71,14,1,2064,3,379.95,28.53,0,grocery,digital_wallet,0,0,0,1,0
TXN103043,77.8,4,0,3181,3,203.45,3.81,0,electronics,debit_card,1,0,0,0,0
TXN103044,210.87,17,0,2265,2,297.56,14.24,1,grocery,debit_card,0,0,1,0,0
TXN103045,179.65,8,0,2934,4,28.95,0.79,0,grocery,debit_card,2,0,0,0,0
TXN103046,92.66,17,0,2306,8,93.83,58.61,0,electronics,debit_card,0,1,0,1,0
TXN103047,73.28,15,0,80,4,40.99,2.92,0,travel,debit_card,0,0,0,0,0
TXN103048,90.15,2,0,1993,6,228.64,7.8,0,travel,credit_card,1,0,1,1,0
TXN103049,60.55,2,0,1221,3,73.27,11.7,0,restaurant,credit_card,0,0,0,0,0
TXN103050,44.48,0,1,1905,3,132.29,10.71,0,online_retail,debit_card,0,1,1,0,0
TXN103051,92.94,1,1,2765,1,86.1,1.05,0,jewelry,credit_card,2,0,1,0,1
TXN103052,46.58,7,0,387,3,478.84,0.8,0,restaurant,credit_card,0,0,0,0,0
TXN103053,55.33,0,0,2167,3,47.78,71.77,1,other,credit_card,0,1,1,1,1
TXN103054,156.68,22,1,2280,6,57.22,8.44,0,online_retail,debit_card,0,0,0,1,0
TXN103055,456.96,21,1,579,4,137.05,7.57,0,online_retail,credit_card,1,0,0,1,1
TXN103056,136.39,4,1,303,2,90.55,46.01,0,restaurant,debit_card,0,0,1,1,0
TXN103057,16.08,7,0,178,0,71.21,31.33,0,restaurant,credit_card,1,0,0,1,0
TXN103058,15.49,17,1,2887,3,75.35,25.96,0,restaurant,credit_card,0,0,1,0,0
TXN103059,441.63,15,0,3702,4,235.73,28.46,0,restaurant,debit_card,1,0,0,0,0
TXN103060,66.72,13,0,1011,3,119.04,30.29,0,restaurant,credit_card,1,0,1,1,0
TXN103061,19.96,23,0,297,3,40.46,3.25,0,gas_station,credit_card,1,0,0,1,0
TXN103062,191.15,15,0,3023,3,104.66,16.71,0,travel,digital_wallet,0,0,0,0,0
TXN103063,154.71,16,0,2047,4,178.62,2.16,1,electronics,digital_wallet,0,0,0,1,1
TXN103064,156.29,12,0,1558,1,120.55,3.38,0,gas_station,credit_card,1,1,1,0,0
TXN103065,51.7,12,0,3311,4,70.23,7.0,0,jewelry,credit_card,0,0,0,0,0
TXN103066,7.51,6,0,2453,1,54.33,31.71,0,jewelry,credit_card,2,0,0,0,1
TXN103067,535.16,12,0,2089,2,50.44,48.07,0,electronics,credit_card,1,0,0,1,0
TXN103068,62.01,22,0,2619,1,390.17,23.85,0,grocery,credit_card,0,0,0,1,0
TXN103069,157.27,9,1,1974,5,111.03,13.58,0,other,credit_card,0,1,0,1,0
TXN103070,209.47,3,0,1898,3,264.98,11.81,0,restaurant,credit_card,0,0,1,1,0
TXN103071,149.93,14,0,281,2,133.15,23.02,0,other,credit_card,1,0,1,1,0
TXN103072,50.76,18,0,1312,2,247.89,25.85,0,grocery,credit_card,2,0,0,0,1
TXN103073,57.51,23,0,3674,3,150.46,12.43,0,online_retail,debit_card,0,0,0,1,0
TXN103074,164.83,13,0,3648,5,182.74,5.37,0,grocery,credit_card,0,0,0,1,0
TXN103075,276.62,18,0,1327,4,157.68,21.5,1,restaurant,credit_card,0,0,0,0,0
TXN103076,444.39,6,0,2804,7,102.97,0.39,0,restaurant,debit_card,2,0,0,1,0
TXN103077,17.71,10,1,671,4,128.28,20.19,0,online_retail,digital_wallet,1,1,0,1,0
TXN103078,25.99,10,1,1637,4,153.34,45.25,0,grocery,debit_card,1,0,1,1,0
TXN103079,498.23,7,1,2891,5,404.22,4.32,0,other,debit_card,0,0,0,0,0
TXN103080,193.92,17,1,760,1,218.36,3.12,1,gas_station,credit_card,0,1,0,0,1
TXN103081,286.11,21,1,3485,5,204.82,59.47,0,restaurant,debit_card,0,0,0,1,0
TXN103082,40.06,7,1,1938,3,181.44,36.05,0,travel,credit_card,0,0,0,0,0
TXN103083,129.48,3,0,163,5,322.39,11.09,0,grocery,credit_card,1,0,0,1,1
TXN103084,175.94,19,1,2048,4,126.14,6.64,0,restaurant,debit_card,1,0,0,0,1
TXN103085,192.3,20,1,3430,3,36.9,6.46,0,grocery,debit_card,1,0,0,0,1
TXN103086,72.79,22,0,82,3,201.5,11.26,0,online_retail,debit_card,1,1,0,1,0
TXN103087,6.58,6,1,3415,2,54.93,35.27,1,grocery,digital_wallet,0,1,0,0,1
TXN103088,138.71,17,0,2487,2,159.06,5.9,0,restaurant,debit_card,0,0,0,1,0
TXN103089,54.79,17,0,3397,4,407.4,32.1,0,electronics,debit_card,1,0,0,1,0
TXN103090,109.92,18,0,1793,2,48.02,73.77,0,other,credit_card,0,0,0,1,0
TXN103091,442.28,19,0,1227,1,298.92,9.6,0,online_retail,credit_card,1,0,0,0,0
TXN103092,91.07,22,1,2401,2,125.39,0.65,0,gas_station,debit_card,0,0,0,1,0
TXN103093,254.58,11,1,3576,2,76.63,39.51,0,online_retail,digital_wallet,1,1,1,1,1
TXN103094,45.24,1,0,2096,5,45.49,24.56,0,online_retail,digital_wallet,0,0,1,0,0
TXN103095,150.49,4,0,1168,7,58.81,2.38,1,grocery,credit_card,0,1,1,1,1
TXN103096,669.54,21,0,2521,6,113.24,21.83,0,other,debit_card,0,0,0,0,0
TXN103097,19.52,20,1,3616,1,79.29,38.85,0,online_retail,credit_card,0,0,1,0,0
TXN103098,7.96,0,0,659,1,153.4,4.28,0,jewelry,debit_card,0,1,0,1,0
TXN103099,96.9,8,0,1548,4,102.07,4.22,0,restaurant,debit_card,0,0,0,1,0
TXN103100,17.33,5,0,2532,6,41.88,6.42,0,electronics,credit_card,0,0,0,1,0
TXN103101,199.1,7,1,3203,2,60.61,123.17,0,restaurant,debit_card,0,1,1,1,1
TXN103102,410.72,15,1,3186,5,147.71,4.24,0,travel,debit_card,0,0,0,0,0
TXN103103,102.55,12,0,2822,5,56.49,4.91,0,grocery,debit_card,2,0,0,0,0
TXN103104,49.48,11,0,290,9,10.58,1.11,1,online_retail,credit_card,1,1,0,0,0
TXN103105,90.97,10,0,2630,1,39.13,92.93,0,online_retail,credit_card,0,1,0,0,1
TXN103106,216.64,15,0,1811,3,71.15,5.22,0,grocery,digital_wallet,0,0,0,1,0
TXN103107,6.46,16,1,131,6,58.19,28.08,1,electronics,digital_wallet,1,0,1,0,0
TXN103108,118.62,1,0,1977,2,151.82,0.6,0,online_retail,debit_card,1,1,1,1,0
TXN103109,133.8,3,0,2743,1,142.23,31.37,0,electronics,credit_card,0,0,0,1,0
TXN103110,161.79,8,0,2250,1,247.99,24.48,1,other,credit_card,0,0,0,1,0
TXN103111,53.88,10,0,3094,3,71.51,2.09,0,grocery,credit_card,0,1,1,1,1
TXN103112,234.05,23,0,796,2,427.41,3.05,1,other,credit_card,0,0,1,0,0
TXN103113,21.28,21,1,716,4,108.78,7.74,0,electronics,credit_card,0,0,0,0,0
TXN103114,39.67,15,0,2030,2,69.02,7.54,0,other,debit_card,1,0,0,1,0
TXN103115,349.99,0,0,2447,4,182.46,24.08,0,grocery,debit_card,0,0,1,1,0
TXN103116,190.46,2,1,3482,4,63.03,1.28,0,electronics,debit_card,1,1,1,1,1
TXN103117,6.95,10,0,265,3,239.67,24.84,0,restaurant,credit_card,0,0,0,1,0
TXN103118,43.33,14,1,1361,3,27.13,6.26,0,jewelry,debit_card,0,0,0,0,0
TXN103119,35.47,15,1,3299,5,232.34,10.71,0,gas_station,digital_wallet,1,0,1,1,0
TXN103120,54.51,3,0,2240,3,228.2,0.04,0,grocery,credit_card,1,0,0,1,0
TXN103121,48.74,21,0,2030,2,100.32,5.95,0,grocery,credit_card,2,0,1,1,0
TXN103122,15.94,11,0,923,3,106.93,3.75,1,gas_station,credit_card,1,0,0,1,0
TXN103123,103.71,14,1,1068,4,484.51,14.0,0,grocery,credit_card,0,1,0,0,0
TXN103124,208.93,0,0,232,0,70.7,4.2,0,restaurant,digital_wallet,1,0,1,0,0
TXN103125,155.01,19,0,1057,1,114.57,33.15,0,gas_station,credit_card,0,0,1,0,0
TXN103126,171.73,13,0,157,0,29.81,39.94,0,restaurant,credit_card,0,0,0,1,0
TXN103127,18.59,5,1,840,3,119.46,54.02,0,online_retail,credit_card,1,1,0,0,0
TXN103128,420.61,7,0,3278,1,76.55,105.94,0,electronics,debit_card,0,0,0,0,0
TXN103129,291.11,8,1,2497,4,149.81,41.99,0,electronics,credit_card,0,0,0,1,0
TXN103130,271.18,0,1,259,3,155.8,8.55,0,online_retail,digital_wallet,0,0,1,0,1
TXN103131,244.29,22,1,2285,1,211.69,6.17,0,jewelry,debit_card,1,0,1,1,0
TXN103132,412.37,19,0,554,3,197.34,14.07,0,restaurant,digital_wallet,1,0,1,0,0
TXN103133,114.01,21,0,1096,4,121.95,9.18,0,grocery,credit_card,0,1,0,0,1
TXN103134,36.16,8,0,1412,3,124.28,69.1,0,electronics,credit_card,2,0,0,0,0
TXN103135,130.07,13,1,3458,4,134.28,9.28,0,online_retail,credit_card,1,0,1,1,0
TXN103136,242.97,10,1,268,5,119.37,27.47,0,grocery,credit_card,1,1,0,0,0
TXN103137,233.94,11,0,3079,3,215.13,19.13,0,grocery,digital_wallet,0,0,1,1,0
TXN103138,123.25,14,0,888,4,328.61,58.32,0,grocery,digital_wallet,0,0,0,1,0
TXN103139,19.82,10,0,1719,5,260.12,29.19,0,travel,credit_card,0,0,0,1,0
TXN103140,72.9,18,1,3206,4,196.86,7.34,0,travel,digital_wallet,1,0,0,0,0
TXN103141,554.37,1,0,3324,2,115.28,3.42,0,grocery,digital_wallet,0,0,1,0,1
TXN103142,133.04,4,0,2348,4,281.4,42.07,1,grocery,credit_card,1,0,0,1,1
TXN103143,124.7,21,0,1104,7,72.1,49.23,0,travel,debit_card,0,0,0,1,0
TXN103144,49.55,21,0,1229,6,67.15,31.28,0,restaurant,debit_card,0,0,1,1,0
TXN103145,77.32,19,0,3334,2,36.3,24.78,0,restaurant,credit_card,0,1,0,1,0
TXN103146,379.8,8,0,483,4,602.31,7.22,0,electronics,credit_card,0,0,0,0,0
TXN103147,167.4,10,1,2680,4,289.68,13.47,0,gas_station,credit_card,0,0,0,1,1
TXN103148,293.62,0,0,4161,1,165.24,67.9,0,travel,debit_card,0,1,0,0,0
TXN103149,98.66,6,0,2976,7,78.07,4.22,1,online_retail,debit_card,1,0,1,1,1
TXN103150,159.33,17,0,2709,2,57.87,8.36,0,gas_station,credit_card,0,1,0,1,0
TXN103151,42.89,8,0,2663,1,108.31,9.6,0,jewelry,debit_card,0,0,0,1,0
TXN103152,198.05,11,0,652,1,28.67,26.87,0,jewelry,digital_wallet,0,0,0,1,0
TXN103153,87.27,2,1,2094,1,119.7,19.34,1,restaurant,debit_card,1,0,0,1,1
TXN103154,86.14,11,0,2599,3,437.13,19.41,0,online_retail,credit_card,1,0,0,0,0
TXN103155,147.75,17,1,2656,3,172.38,8.84,0,electronics,credit_card,2,0,0,0,0
TXN103156,575.98,13,0,1421,5,214.99,2.72,0,jewelry,digital_wallet,0,1,0,1,0
TXN103157,14.46,13,0,463,4,139.24,31.43,1,electronics,credit_card,0,0,0,0,1
TXN103158,223.52,21,0,3586,4,175.43,136.46,1,gas_station,debit_card,0,0,0,1,0
TXN103159,52.31,5,0,1613,2,161.25,2.96,0,restaurant,debit_card,1,0,0,0,0
TXN103160,92.46,7,1,641,6,193.65,1.55,0,electronics,credit_card,0,0,0,0,0
TXN103161,8.88,14,0,3318,5,143.03,25.27,0,travel,credit_card,0,1,0,1,0
TXN103162,62.77,11,0,3362,2,153.85,10.19,0,online_retail,debit_card,0,0,0,1,0
TXN103163,119.04,23,0,517,1,387.83,5.94,0,restaurant,credit_card,0,0,0,1,0
TXN103164,12.65,1,1,1007,5,85.25,15.33,0,grocery,credit_card,1,0,0,1,0
TXN103165,110.75,2,1,26,8,126.61,22.62,0,other,credit_card,1,0,0,0,0
TXN103166,358.12,8,0,1008,3,173.64,3.55,0,gas_station,credit_card,0,1,0,0,0
TXN103167,20.15,11,0,1737,2,139.88,134.45,1,online_retail,credit_card,0,0,0,1,0
TXN103168,198.73,21,0,538,9,128.35,7.47,0,grocery,debit_card,0,0,0,1,0
TXN103169,72.89,11,0,1601,2,122.78,7.38,0,gas_station,digital_wallet,1,0,0,0,0
TXN103170,187.15,10,0,1026,2,429.42,13.1,0,online_retail,credit_card,3,0,0,1,0
TXN103171,54.54,4,1,1373,1,179.04,28.32,0,restaurant,debit_card,1,0,1,1,0
TXN103172,34.92,10,0,3339,4,295.78,49.49,0,jewelry,debit_card,0,0,1,0,0
TXN103173,31.39,12,0,3221,1,57.2,8.73,0,travel,debit_card,0,0,1,0,1
TXN103174,17.52,14,0,2907,0,19.28,2.62,0,electronics,debit_card,0,0,0,1,0
TXN103175,28.98,14,0,1616,2,95.78,6.26,0,grocery,credit_card,0,1,0,0,0
TXN103176,187.1,10,0,66,4,116.21,1.44,0,gas_station,credit_card,0,0,0,1,0
TXN103177,332.16,3,0,1539,2,249.89,19.37,0,electronics,digital_wallet,0,0,0,1,0
TXN103178,277.52,3,0,781,6,54.31,32.82,1,electronics,debit_card,0,0,0,0,1
TXN103179,186.66,3,0,3485,2,185.0,9.54,0,restaurant,credit_card,0,0,0,1,0
TXN103180,20.03,14,0,1115,5,74.01,53.69,0,online_retail,debit_card,0,0,0,0,0
TXN103181,46.95,20,1,678,1,32.24,22.19,0,other,debit_card,1,0,1,1,0
TXN103182,55.66,21,1,414,3,101.1,9.82,0,electronics,credit_card,0,0,0,0,1
TXN103183,51.52,7,0,4103,1,152.66,2.78,0,jewelry,credit_card,0,0,1,1,0
TXN103184,123.34,1,0,3064,2,113.67,15.02,0,online_retail,credit_card,0,1,1,0,0
TXN103185,101.87,15,1,2194,2,191.85,9.47,1,jewelry,credit_card,0,0,0,0,0
TXN103186,63.3,0,0,1430,4,112.02,17.98,1,gas_station,credit_card,0,0,1,1,1
TXN103187,64.63,15,1,1672,2,62.9,21.19,1,travel,credit_card,0,0,1,1,1
TXN103188,258.21,9,1,1154,4,233.55,6.73,0,online_retail,credit_card,0,0,0,1,0
TXN103189,202.61,20,0,2213,2,142.3,0.05,0,other,credit_card,0,0,0,1,0
TXN103190,50.74,15,0,2224,2,146.71,28.71,0,online_retail,credit_card,0,1,0,1,0
TXN103191,337.64,17,0,2767,2,116.07,34.25,0,restaurant,debit_card,0,0,0,1,0
TXN103192,467.87,9,0,2812,1,168.75,44.81,0,travel,credit_card,0,1,0,1,0
TXN103193,55.84,20,0,2549,3,127.02,73.46,0,grocery,credit_card,1,0,0,1,0
TXN103194,69.67,12,0,403,6,134.82,2.96,0,other,credit_card,0,1,0,0,0
TXN103195,125.66,15,1,3624,10,31.17,7.14,0,online_retail,debit_card,1,0,0,0,0
TXN103196,367.68,8,0,2419,2,109.49,43.49,0,electronics,credit_card,0,0,0,1,0
TXN103197,310.72,10,0,513,4,146.66,66.37,0,grocery,credit_card,0,0,0,0,0
TXN103198,24.01,20,0,4722,0,200.35,0.32,0,gas_station,digital_wallet,0,0,0,1,0
TXN103199,75.91,9,0,3261,3,415.96,8.73,0,jewelry,debit_card,1,0,0,0,0
TXN103200,117.52,0,0,1131,1,374.32,2.11,1,restaurant,debit_card,0,0,0,0,0
TXN103201,126.38,9,1,1343,1,122.32,27.48,0,other,credit_card,1,0,1,1,0
TXN103202,35.98,9,1,2512,2,67.38,32.28,0,travel,digital_wallet,0,0,0,0,0
TXN103203,340.98,10,0,1365,4,221.26,24.2,0,gas_station,debit_card,0,0,1,0,0
TXN103204,183.71,1,0,2920,5,165.19,11.6,0,electronics,credit_card,0,0,1,0,0
TXN103205,266.74,3,0,3178,2,296.08,11.7,0,travel,credit_card,1,0,0,0,0
TXN103206,316.29,7,1,2104,3,79.12,7.58,0,online_retail,credit_card,0,0,1,0,0
TXN103207,220.27,10,1,663,1,125.33,10.84,0,grocery,debit_card,0,0,1,0,0
TXN103208,103.72,0,0,2017,1,77.25,89.96,0,electronics,credit_card,0,0,0,0,0
TXN103209,137.12,9,0,1243,5,106.67,0.73,0,jewelry,credit_card,2,0,0,1,0
TXN103210,31.37,7,0,1664,0,52.83,8.74,0,travel,credit_card,0,0,1,1,0
TXN103211,171.7,0,1,1444,4,110.1,31.87,0,gas_station,debit_card,0,0,0,1,0
TXN103212,37.68,6,0,1962,6,44.51,9.01,0,other,digital_wallet,1,0,1,0,0
TXN103213,161.46,6,0,1518,5,28.85,76.56,0,grocery,credit_card,0,0,0,1,0
TXN103214,49.86,3,1,849,3,169.95,7.85,0,online_retail,credit_card,1,0,0,1,0
TXN103215,25.13,18,1,1830,3,66.47,34.46,0,grocery,credit_card,0,0,0,0,0
TXN103216,27.41,1,0,2705,2,292.91,41.33,0,jewelry,credit_card,0,0,1,1,0
TXN103217,6.13,13,0,892,5,134.18,0.18,0,grocery,digital_wallet,0,0,0,1,0
TXN103218,255.31,15,1,834,1,221.37,9.3,0,gas_station,debit_card,1,0,0,0,0
TXN103219,228.64,19,0,91,5,332.03,5.38,0,grocery,credit_card,1,0,0,1,0
TXN103220,134.72,13,1,2408,2,270.87,11.27,0,travel,credit_card,0,0,0,0,0
TXN103221,31.72,13,0,2625,4,258.28,10.89,0,travel,debit_card,0,0,1,1,1
TXN103222,14.82,18,0,1871,6,399.17,52.77,0,travel,credit_card,0,0,1,0,0
TXN103223,6.33,20,0,1037,5,97.91,3.38,0,online_retail,credit_card,1,0,0,0,0
TXN103224,33.18,5,0,1926,2,99.27,2.88,0,travel,debit_card,0,0,1,0,0
TXN103225,314.13,19,1,3595,2,274.56,2.42,0,restaurant,digital_wallet,1,0,0,1,0
TXN103226,41.64,11,0,120,2,32.23,23.95,0,grocery,credit_card,1,0,0,0,0
TXN103227,70.08,2,0,1328,4,274.0,49.84,0,restaurant,debit_card,0,0,0,1,0
TXN103228,23.36,14,0,1357,3,149.8,11.58,0,online_retail,debit_card,0,1,0,0,0
TXN103229,35.89,23,0,1128,1,116.85,1.3,0,travel,debit_card,1,0,0,1,0
TXN103230,108.83,3,1,911,1,337.94,4.45,0,jewelry,debit_card,3,0,1,0,0
TXN103231,174.26,0,1,2688,1,223.2,2.13,0,grocery,debit_card,0,0,0,0,0
TXN103232,41.51,21,0,2711,4,158.21,21.52,0,gas_station,debit_card,0,0,0,1,0
TXN103233,15.45,14,0,709,3,89.28,6.01,0,online_retail,debit_card,0,0,0,0,0
TXN103234,74.91,5,0,2180,2,199.83,46.44,0,restaurant,credit_card,0,0,0,1,0
TXN103235,48.08,19,0,893,6,48.33,2.99,0,restaurant,credit_card,1,0,1,0,0
TXN103236,48.12,9,1,2612,3,150.96,45.97,0,gas_station,debit_card,1,0,0,1,0
TXN103237,532.66,7,0,2277,2,204.91,7.77,0,restaurant,debit_card,0,1,1,1,0
TXN103238,165.82,6,0,1228,5,246.94,31.8,0,jewelry,credit_card,0,0,1,0,0
TXN103239,110.69,14,0,3270,2,56.95,61.25,0,other,debit_card,0,1,0,1,0
TXN103240,97.86,3,1,1094,2,87.6,81.34,0,other,credit_card,0,1,0,1,0
TXN103241,80.38,8,0,2784,4,369.82,33.95,0,electronics,credit_card,0,0,1,1,0
TXN103242,125.62,7,0,3499,2,47.37,1.69,1,electronics,digital_wallet,1,0,0,1,0
TXN103243,189.61,1,1,1711,5,313.72,1.29,0,online_retail,credit_card,0,1,0,1,1
TXN103244,197.86,18,0,2326,3,106.93,36.54,0,other,credit_card,1,0,0,1,0
TXN103245,34.63,0,0,1741,4,118.0,59.42,0,grocery,digital_wallet,0,0,0,1,0
TXN103246,98.51,23,0,2563,6,248.33,5.11,0,travel,debit_card,0,0,1,1,0
TXN103247,71.98,2,0,807,2,192.43,57.06,1,online_retail,digital_wallet,1,0,0,1,0
TXN103248,346.03,8,0,1565,1,56.3,17.68,0,restaurant,digital_wallet,0,0,0,1,0
TXN103249,158.2,2,0,49,3,371.55,2.89,1,gas_station,credit_card,0,0,1,0,1
TXN103250,136.66,8,0,2974,2,34.82,3.51,0,grocery,credit_card,1,0,0,0,0
TXN103251,23.26,14,0,62,4,98.49,0.99,0,gas_station,credit_card,0,0,0,0,0
TXN103252,122.14,2,1,27,0,154.53,3.58,0,gas_station,debit_card,1,0,0,1,0
TXN103253,26.61,12,1,416,3,197.44,25.25,0,online_retail,credit_card,0,0,1,0,0
TXN103254,63.79,18,0,719,4,46.02,3.79,0,electronics,credit_card,0,0,0,0,0
TXN103255,29.3,10,0,3325,2,196.54,15.05,0,online_retail,credit_card,0,0,0,1,0
TXN103256,168.1,2,0,2784,2,122.56,24.59,0,online_retail,credit_card,1,0,0,1,0
TXN103257,48.3,16,1,2788,3,15.4,45.23,0,restaurant,debit_card,1,1,0,0,1
TXN103258,71.65,4,1,1658,4,48.33,17.91,1,other,digital_wallet,0,0,1,1,1
TXN103259,330.39,0,0,2243,4,8.11,21.58,0,grocery,credit_card,0,0,0,0,0
TXN103260,39.79,10,0,906,4,175.14,38.7,0,online_retail,debit_card,1,0,0,1,0
TXN103261,97.65,6,0,1571,1,40.54,6.8,0,other,digital_wallet,0,0,0,1,0
TXN103262,90.02,0,0,1696,5,21.16,3.89,0,jewelry,credit_card,1,0,0,1,0
TXN103263,9.39,18,0,604,2,128.2,51.7,0,online_retail,debit_card,0,1,1,0,0
TXN103264,227.3,14,0,456,1,360.32,1.4,0,jewelry,credit_card,0,0,0,1,0
TXN103265,16.49,21,1,1801,3,87.48,3.96,0,grocery,credit_card,1,0,0,1,0
TXN103266,72.93,11,0,2952,3,68.98,12.8,0,restaurant,credit_card,2,0,0,0,0
TXN103267,127.78,10,0,972,0,45.27,11.37,0,other,credit_card,0,0,0,0,1
TXN103268,147.84,20,0,87,4,369.82,31.92,0,other,debit_card,1,1,0,1,0
TXN103269,163.18,1,0,1577,2,354.54,1.44,0,online_retail,debit_card,0,0,0,1,0
TXN103270,55.57,8,1,790,6,44.39,14.15,1,grocery,debit_card,1,1,0,0,0
TXN103271,6.25,19,0,2946,4,284.61,34.71,0,grocery,debit_card,0,0,0,1,1
TXN103272,193.63,7,0,965,3,138.21,22.79,0,other,credit_card,1,1,0,1,0
TXN103273,114.76,21,0,3471,14,76.39,20.21,0,jewelry,digital_wallet,0,0,0,1,0
TXN103274,219.52,6,0,2059,1,121.22,6.89,0,electronics,debit_card,1,0,1,1,1
TXN103275,229.93,9,0,458,1,223.09,12.07,0,other,digital_wallet,0,1,0,0,0
TXN103276,317.64,21,0,2672,4,131.92,4.69,0,grocery,digital_wallet,0,0,1,0,0
TXN103277,81.18,5,0,3102,3,198.64,14.76,0,electronics,credit_card,0,0,0,0,0
TXN103278,60.1,23,1,2063,8,506.53,26.41,0,online_retail,debit_card,2,1,0,1,0
TXN103279,228.96,1,1,3742,1,72.26,18.56,0,grocery,debit_card,1,0,1,1,0
TXN103280,117.15,6,0,1509,1,62.37,31.21,0,other,debit_card,1,0,0,0,0
TXN103281,38.82,14,1,2367,3,140.54,1.22,0,electronics,digital_wallet,0,0,0,0,0
TXN103282,275.58,14,0,3315,3,63.0,9.93,1,electronics,digital_wallet,2,0,0,0,0
TXN103283,381.56,21,1,1589,4,48.66,22.61,0,travel,credit_card,0,0,0,0,0
TXN103284,90.76,23,0,2046,2,64.01,15.41,0,electronics,digital_wallet,0,0,0,1,0
TXN103285,18.97,16,1,2690,2,130.5,0.48,0,grocery,credit_card,0,0,0,1,0
TXN103286,66.78,15,0,1741,3,416.33,3.22,0,online_retail,debit_card,0,1,0,1,0
TXN103287,283.33,7,0,719,4,311.97,45.41,0,grocery,credit_card,0,0,0,0,0
TXN103288,336.28,19,0,1808,3,69.28,14.67,0,grocery,digital_wallet,0,0,0,1,0
TXN103289,34.58,15,0,1293,5,91.11,10.14,0,grocery,digital_wallet,0,0,0,1,0
TXN103290,15.0,0,1,562,1,224.32,67.65,0,restaurant,credit_card,0,0,0,0,0
TXN103291,330.58,19,0,2193,3,100.61,1.89,1,restaurant,debit_card,1,0,0,0,1
TXN103292,74.45,8,0,1808,2,105.73,42.38,0,electronics,credit_card,1,0,0,1,0
TXN103293,130.44,11,1,1775,3,391.79,0.55,0,restaurant,credit_card,0,0,1,0,0
TXN103294,486.37,11,0,560,0,56.96,27.07,0,gas_station,digital_wallet,2,1,0,1,1
TXN103295,16.51,19,0,1647,1,219.99,23.13,0,restaurant,credit_card,1,1,0,0,0
TXN103296,170.57,6,0,2277,3,103.09,24.06,0,grocery,credit_card,1,1,1,1,0
TXN103297,16.43,9,0,2473,2,443.1,0.43,0,jewelry,credit_card,1,0,0,1,0
TXN103298,71.71,0,0,459,3,5.5,19.22,0,online_retail,debit_card,1,0,1,1,0
TXN103299,253.87,8,0,2613,2,134.96,2.15,0,grocery,debit_card,0,0,0,0,0
TXN103300,96.39,2,1,339,2,76.06,4.3,0,electronics,credit_card,1,0,0,1,0
TXN103301,1134.43,13,1,3354,3,49.2,4.26,1,gas_station,credit_card,1,0,1,0,1
TXN103302,143.08,21,0,1803,4,241.5,20.75,1,gas_station,credit_card,1,0,0,1,0
TXN103303,70.95,11,1,1744,7,203.32,8.81,0,online_retail,credit_card,2,1,0,0,0
TXN103304,61.26,21,0,2543,0,132.84,1.67,0,gas_station,debit_card,0,0,0,1,0
TXN103305,74.19,23,0,2048,0,282.09,7.63,0,electronics,credit_card,0,0,0,1,0
TXN103306,79.4,1,1,2046,2,99.45,1.25,0,electronics,digital_wallet,0,0,0,0,1
TXN103307,17.06,12,1,2198,5,75.24,33.44,0,travel,debit_card,1,1,0,1,0
TXN103308,65.74,12,0,3241,1,121.77,13.55,1,restaurant,credit_card,0,0,0,0,0
TXN103309,93.49,9,1,1339,3,65.69,8.62,0,electronics,credit_card,1,0,0,1,1
TXN103310,185.79,19,0,1555,0,46.52,58.79,0,jewelry,debit_card,0,0,0,1,1
TXN103311,178.76,9,0,1049,3,73.75,18.46,0,online_retail,digital_wallet,0,0,1,0,0
TXN103312,186.11,1,0,1697,4,81.92,41.23,0,other,debit_card,0,0,0,1,0
TXN103313,6.36,13,0,317,4,62.76,14.27,0,restaurant,credit_card,1,0,1,0,0
TXN103314,47.65,4,0,69,2,66.07,8.01,1,jewelry,debit_card,1,0,0,0,1
TXN103315,185.86,8,0,3190,7,128.66,12.87,0,gas_station,digital_wallet,0,0,1,0,0
TXN103316,102.24,12,0,625,1,67.65,3.48,0,gas_station,credit_card,0,0,0,0,0
TXN103317,5.35,17,0,1534,2,66.55,22.18,0,online_retail,debit_card,1,0,0,0,0
TXN103318,286.29,6,1,1797,5,160.23,86.91,0,travel,debit_card,0,0,0,1,0
TXN103319,249.42,9,1,3381,5,102.78,6.08,0,electronics,credit_card,1,0,0,1,0
TXN103320,102.47,1,0,1771,3,248.27,9.06,0,electronics,debit_card,1,0,0,1,0
TXN103321,14.75,9,0,1690,0,104.43,9.68,0,online_retail,credit_card,0,0,0,1,0
TXN103322,227.68,13,0,843,2,56.98,11.57,0,jewelry,debit_card,0,0,0,0,0
TXN103323,149.83,14,1,2026,1,618.69,26.12,0,restaurant,debit_card,0,0,1,1,0
TXN103324,260.4,7,0,1537,3,129.71,2.91,0,online_retail,credit_card,0,0,1,1,1
TXN103325,221.42,1,0,631,4,157.28,7.54,0,online_retail,digital_wallet,0,1,0,1,0
TXN103326,266.77,13,0,3265,3,160.16,13.61,0,jewelry,credit_card,0,0,0,1,0
TXN103327,115.35,15,0,2939,6,156.61,19.99,0,online_retail,credit_card,0,0,0,1,0
TXN103328,25.53,2,1,3158,6,77.93,12.44,1,online_retail,credit_card,0,0,0,1,1
TXN103329,166.53,12,0,2827,2,232.52,10.57,0,other,debit_card,0,0,0,1,0
TXN103330,150.66,2,1,3341,1,40.22,30.46,0,jewelry,debit_card,0,0,0,1,0
TXN103331,207.5,10,0,1900,1,58.34,3.74,0,online_retail,digital_wallet,1,0,1,0,0
TXN103332,26.26,15,0,3477,4,69.72,8.03,1,gas_station,credit_card,0,0,0,1,0
TXN103333,35.78,17,1,2848,1,238.3,9.13,0,other,credit_card,1,0,0,0,0
TXN103334,338.93,17,1,1446,1,313.69,17.88,0,restaurant,credit_card,0,0,0,1,0
TXN103335,205.86,18,1,1692,2,105.99,1.31,0,online_retail,digital_wallet,0,0,0,1,0
TXN103336,352.67,5,0,3679,4,115.5,2.51,0,gas_station,debit_card,1,0,0,1,0
TXN103337,231.43,20,1,130,4,24.24,34.78,0,restaurant,credit_card,0,0,0,1,0
TXN103338,124.21,8,1,451,3,167.46,7.63,0,other,credit_card,0,0,0,0,0
TXN103339,135.11,8,0,2850,4,71.81,82.35,0,travel,credit_card,0,0,1,0,0
TXN103340,321.21,18,1,3558,2,38.25,76.02,0,electronics,debit_card,0,0,1,0,1
TXN103341,147.64,7,1,2506,6,157.08,19.94,0,online_retail,digital_wallet,0,0,1,0,0
TXN103342,189.93,1,1,1914,4,96.92,21.7,0,grocery,debit_card,0,0,0,1,0
TXN103343,33.53,17,1,1967,2,172.67,24.26,0,grocery,debit_card,0,0,0,0,0
TXN103344,84.98,15,1,2233,0,26.38,5.04,0,other,credit_card,2,0,0,1,0
TXN103345,188.69,13,0,1119,9,107.65,11.53,0,electronics,debit_card,0,0,1,0,0
TXN103346,54.04,3,1,3188,8,213.03,39.76,0,other,credit_card,2,0,1,1,1
TXN103347,39.73,15,0,292,1,212.32,21.09,0,restaurant,credit_card,0,0,1,0,1
TXN103348,65.6,4,0,1703,4,107.87,49.14,0,jewelry,debit_card,0,1,0,0,0
TXN103349,41.62,13,0,1617,2,120.05,45.35,0,travel,credit_card,3,0,0,1,0
TXN103350,41.61,12,1,1508,4,95.13,5.84,0,restaurant,debit_card,1,0,1,1,0
TXN103351,92.52,18,1,2507,10,203.09,25.72,0,grocery,digital_wallet,1,0,0,0,0
TXN103352,400.4,23,0,4200,3,110.12,18.07,0,travel,digital_wallet,0,0,0,1,0
TXN103353,100.87,4,0,1284,3,58.17,47.03,0,other,credit_card,0,0,0,1,0
TXN103354,34.75,2,0,2139,4,155.38,4.09,0,jewelry,credit_card,0,0,0,1,0
TXN103355,12.3,13,0,3599,2,70.7,31.87,0,online_retail,debit_card,0,0,0,0,0
TXN103356,170.49,22,0,1565,2,310.6,14.66,0,gas_station,debit_card,1,0,1,1,0
TXN103357,72.66,3,0,2286,5,143.52,10.26,0,online_retail,credit_card,1,0,0,1,0
TXN103358,233.38,11,0,1108,5,49.25,0.63,0,grocery,digital_wallet,0,1,0,0,0
TXN103359,169.95,9,0,75,3,105.11,53.06,0,grocery,debit_card,0,0,0,0,0
TXN103360,241.99,7,1,1321,5,73.13,30.59,0,restaurant,credit_card,0,0,1,0,0
TXN103361,40.12,15,0,1137,3,34.67,23.71,1,online_retail,credit_card,0,0,0,0,0
TXN103362,186.58,7,0,735,3,40.65,6.78,0,travel,debit_card,0,0,0,1,1
TXN103363,45.61,11,0,1959,2,48.1,21.71,0,restaurant,credit_card,2,0,0,1,0
TXN103364,450.19,20,0,3122,3,286.66,67.43,0,other,credit_card,1,1,0,0,1
TXN103365,134.39,9,1,1881,3,185.01,4.51,1,electronics,debit_card,1,0,0,1,0
TXN103366,64.08,0,0,2090,2,370.04,73.79,0,gas_station,credit_card,0,0,1,0,0
TXN103367,50.37,21,0,514,2,186.21,11.21,0,travel,debit_card,1,0,1,1,0
TXN103368,38.14,6,0,592,8,280.56,62.72,0,gas_station,debit_card,0,1,0,0,0
TXN103369,185.7,18,1,1540,2,131.54,19.64,0,restaurant,debit_card,0,0,0,1,0
TXN103370,40.75,18,1,3179,1,256.88,10.34,0,grocery,digital_wallet,1,0,0,1,0
TXN103371,117.0,12,0,103,3,583.2,11.39,0,grocery,digital_wallet,0,0,1,0,0
TXN103372,42.81,2,1,1114,0,125.18,7.04,0,travel,credit_card,0,0,0,1,0
TXN103373,156.34,22,0,3179,1,345.72,5.02,0,travel,digital_wallet,0,0,1,0,0
TXN103374,257.8,16,1,1736,2,194.72,18.48,0,grocery,debit_card,0,0,1,0,0
TXN103375,214.54,10,0,2893,2,128.19,0.34,0,other,credit_card,0,0,1,0,0
TXN103376,236.71,20,0,1806,5,109.66,65.99,0,travel,digital_wallet,1,1,0,1,0
TXN103377,35.0,18,1,2021,8,220.33,29.44,0,restaurant,credit_card,1,0,0,1,0
TXN103378,16.82,18,0,2831,4,156.03,59.14,0,restaurant,debit_card,0,1,0,0,0
TXN103379,179.0,4,1,456,1,86.7,22.96,0,grocery,debit_card,0,0,1,0,0
TXN103380,75.94,15,0,1147,2,166.13,13.1,0,gas_station,credit_card,0,0,1,1,0
TXN103381,93.52,6,0,863,2,107.09,4.1,0,restaurant,credit_card,0,0,0,1,0
TXN103382,12.22,1,0,2860,5,94.45,12.8,0,other,debit_card,0,0,0,0,0
TXN103383,46.22,8,0,3721,3,79.37,34.67,0,gas_station,credit_card,1,0,0,1,0
TXN103384,10.05,2,1,2141,3,26.16,35.34,0,electronics,digital_wallet,0,0,0,0,0
TXN103385,338.93,2,0,300,6,38.94,5.23,0,electronics,debit_card,0,0,0,0,0
TXN103386,46.71,17,0,713,2,206.04,19.7,1,restaurant,debit_card,2,0,0,1,1
TXN103387,119.82,12,0,2840,3,137.45,16.62,0,grocery,credit_card,1,1,1,1,0
TXN103388,9.1,9,1,2386,4,121.96,20.88,0,electronics,debit_card,2,0,0,1,0
TXN103389,159.77,4,1,2287,5,20.35,0.96,0,gas_station,debit_card,1,0,0,0,0
TXN103390,55.84,18,0,2145,6,183.87,14.64,0,grocery,credit_card,1,0,1,1,0
TXN103391,282.31,15,0,2770,2,214.48,32.82,0,restaurant,debit_card,1,0,0,0,0
TXN103392,303.18,14,0,2274,6,148.04,38.82,0,travel,debit_card,1,0,0,0,0
TXN103393,56.46,4,0,3607,9,144.87,13.62,0,electronics,debit_card,0,0,0,1,0
TXN103394,377.37,2,0,721,4,247.16,54.11,0,other,credit_card,0,0,0,1,0
TXN103395,902.02,2,1,2555,3,149.58,36.66,0,other,debit_card,0,0,0,1,0
TXN103396,239.38,0,0,1895,1,218.89,24.96,0,electronics,credit_card,0,1,0,0,0
TXN103397,275.78,23,0,1190,1,121.46,10.25,0,gas_station,digital_wallet,1,0,1,0,0
TXN103398,38.37,8,0,1356,5,217.57,16.03,0,grocery,digital_wallet,0,0,0,1,0
TXN103399,126.24,15,0,336,3,110.68,8.46,0,electronics,credit_card,0,1,0,0,0
TXN103400,16.2,23,0,2605,3,72.48,10.95,0,online_retail,digital_wallet,2,0,0,0,0
TXN103401,22.04,22,0,2826,3,87.12,15.59,0,restaurant,debit_card,0,0,0,0,0
TXN103402,941.73,7,0,2181,1,147.76,4.34,0,online_retail,credit_card,1,1,0,0,0
TXN103403,72.97,11,1,2984,5,89.56,84.03,0,grocery,debit_card,0,0,0,0,0
TXN103404,176.63,11,0,100,4,150.09,4.59,1,electronics,credit_card,0,0,1,0,0
TXN103405,216.53,0,1,3458,2,601.19,2.24,0,travel,digital_wallet,0,1,0,0,0
TXN103406,324.28,18,0,644,3,299.34,14.25,0,online_retail,credit_card,1,0,0,1,1
TXN103407,1114.05,13,0,3868,5,215.66,22.43,0,electronics,debit_card,1,1,1,0,1
TXN103408,49.29,8,0,1090,4,33.42,3.78,0,online_retail,credit_card,1,0,0,0,0
TXN103409,11.13,13,1,2152,4,70.04,4.02,0,travel,debit_card,4,0,0,1,0
TXN103410,64.89,17,0,3162,5,372.33,5.73,0,electronics,debit_card,1,0,0,0,0
TXN103411,20.32,0,0,1057,3,171.62,6.82,0,jewelry,debit_card,0,0,1,1,1
TXN103412,8.53,15,0,160,0,130.99,6.68,0,travel,credit_card,0,0,0,1,0
TXN103413,69.01,20,0,3148,4,140.49,13.68,0,other,credit_card,0,1,1,1,0
TXN103414,205.52,17,0,3830,5,166.62,0.41,0,electronics,debit_card,0,0,0,1,0
TXN103415,131.3,14,0,994,2,131.42,1.94,0,restaurant,credit_card,0,0,0,1,0
TXN103416,62.11,2,0,1934,2,246.68,31.07,0,grocery,debit_card,0,1,0,1,1
TXN103417,184.07,17,0,1609,4,88.19,13.44,0,online_retail,debit_card,0,0,0,0,0
TXN103418,45.34,18,0,967,2,123.86,8.49,0,gas_station,credit_card,0,1,0,0,0
TXN103419,8.31,11,0,2013,3,127.08,0.24,0,jewelry,digital_wallet,0,0,0,0,0
TXN103420,222.02,13,0,1420,3,251.84,5.61,0,gas_station,credit_card,0,0,1,1,0
TXN103421,149.54,14,0,1403,7,124.72,22.95,0,electronics,digital_wallet,0,1,1,0,0
TXN103422,250.55,2,1,3657,1,54.22,11.56,0,online_retail,debit_card,0,0,0,0,0
TXN103423,9.75,6,1,3206,5,76.05,62.46,0,online_retail,credit_card,1,0,1,1,0
TXN103424,388.58,19,0,2521,2,196.13,10.34,0,grocery,credit_card,0,0,0,1,0
TXN103425,156.86,23,0,2865,2,44.7,10.01,0,travel,credit_card,0,0,0,0,0
TXN103426,135.36,6,0,3431,3,227.65,25.76,0,travel,credit_card,0,1,1,0,0
TXN103427,161.85,9,1,2299,2,17.51,71.7,0,online_retail,debit_card,0,0,1,0,1
TXN103428,381.73,21,1,1466,3,44.16,10.43,0,electronics,credit_card,0,0,0,0,0
TXN103429,151.35,3,1,3392,8,80.71,2.33,0,jewelry,credit_card,0,0,0,0,0
TXN103430,111.73,6,0,679,3,227.33,13.94,0,online_retail,debit_card,0,0,0,0,0
TXN103431,835.89,1,0,803,1,124.91,15.67,1,restaurant,debit_card,1,0,0,0,1
TXN103432,208.34,5,1,445,3,193.21,79.08,0,restaurant,credit_card,2,0,0,0,0
TXN103433,93.79,15,0,3665,2,201.03,12.5,1,travel,digital_wallet,0,0,0,0,0
TXN103434,162.4,8,1,1285,4,59.72,1.74,0,other,credit_card,0,0,1,0,0
TXN103435,84.11,23,1,2739,2,81.64,23.81,0,grocery,debit_card,0,0,0,0,0
TXN103436,40.68,21,1,14,2,166.16,0.41,0,jewelry,credit_card,1,0,0,1,0
TXN103437,142.98,21,0,972,1,111.06,10.43,0,online_retail,debit_card,0,0,1,0,0
TXN103438,386.63,17,0,1163,2,95.11,10.45,0,online_retail,debit_card,2,0,1,0,0
TXN103439,506.54,16,0,1117,0,25.23,6.6,0,gas_station,credit_card,0,0,0,0,0
TXN103440,85.96,12,1,2604,4,44.06,56.77,0,grocery,debit_card,0,0,1,1,0
TXN103441,118.17,23,0,3228,1,86.9,11.31,0,online_retail,credit_card,0,1,1,1,0
TXN103442,40.98,2,0,2572,1,91.24,70.58,0,gas_station,debit_card,1,0,1,0,1
TXN103443,784.05,17,0,2509,5,73.09,14.97,0,other,debit_card,1,0,0,1,0
TXN103444,685.65,3,0,2941,1,28.31,34.58,0,online_retail,debit_card,0,0,0,0,1
TXN103445,155.98,8,0,671,3,62.9,11.83,0,jewelry,credit_card,0,1,1,0,1
TXN103446,237.45,6,0,716,5,57.09,104.02,0,gas_station,credit_card,0,0,0,1,0
TXN103447,217.43,14,0,113,4,62.37,15.29,0,jewelry,digital_wallet,0,0,1,1,0
TXN103448,131.15,18,0,1367,3,265.44,4.6,0,other,credit_card,0,0,0,1,0
TXN103449,13.16,1,0,386,0,317.62,0.16,0,restaurant,debit_card,0,0,0,1,0
TXN103450,79.39,14,1,3436,4,225.63,47.08,0,online_retail,digital_wallet,2,0,0,1,0
TXN103451,188.79,5,0,2515,0,38.42,23.35,1,grocery,debit_card,0,0,0,1,0
TXN103452,220.59,1,0,2775,2,420.37,2.04,0,travel,debit_card,1,0,0,0,0
TXN103453,81.83,10,0,1879,1,239.81,28.72,0,jewelry,debit_card,1,0,0,1,0
TXN103454,514.0,13,1,978,5,172.14,5.21,0,other,digital_wallet,0,0,1,1,1
TXN103455,29.34,4,0,1915,4,100.69,34.52,0,electronics,credit_card,1,0,0,0,0
TXN103456,112.22,9,0,437,3,355.24,15.65,0,restaurant,debit_card,0,1,1,1,0
TXN103457,161.73,22,0,1693,4,71.22,2.42,0,online_retail,debit_card,0,0,0,0,0
TXN103458,179.2,8,1,1090,0,94.57,1.81,1,restaurant,credit_card,0,0,0,0,0
TXN103459,177.61,23,0,668,5,51.23,11.4,0,electronics,debit_card,1,0,0,1,0
TXN103460,53.96,20,1,1174,3,148.19,34.34,0,grocery,debit_card,1,1,0,1,1
TXN103461,25.73,8,0,2677,1,211.51,16.19,1,other,debit_card,1,0,0,1,0
TXN103462,133.71,13,0,2458,1,241.31,43.94,0,electronics,credit_card,0,0,0,0,0
TXN103463,120.46,17,0,629,4,305.42,14.77,0,electronics,credit_card,1,0,0,1,0
TXN103464,36.75,11,0,3125,1,36.19,8.72,0,online_retail,credit_card,0,0,0,0,0
TXN103465,241.08,9,0,1400,4,136.98,34.23,1,restaurant,debit_card,0,1,0,0,1
TXN103466,113.16,7,0,3918,3,303.37,14.07,0,restaurant,credit_card,0,0,0,1,0
TXN103467,135.63,3,1,2354,4,29.18,2.22,0,grocery,debit_card,2,0,0,0,0
TXN103468,329.03,0,1,348,2,76.73,5.5,0,other,credit_card,1,0,0,1,0
TXN103469,36.81,8,0,1357,1,249.86,17.71,0,electronics,credit_card,0,0,1,0,1
TXN103470,6.56,19,0,937,2,154.09,13.72,0,grocery,credit_card,0,0,1,1,0
TXN103471,223.24,5,0,636,7,258.16,8.44,0,online_retail,debit_card,0,0,0,0,0
TXN103472,166.65,4,0,2763,3,435.47,29.3,0,gas_station,digital_wallet,0,0,0,1,0
TXN103473,198.08,7,0,3353,4,51.24,17.66,0,grocery,credit_card,1,0,1,0,1
TXN103474,237.73,14,0,1697,4,142.09,4.1,0,electronics,credit_card,2,0,1,0,0
TXN103475,267.44,5,0,3353,4,428.96,10.19,0,grocery,debit_card,0,0,0,0,0
TXN103476,380.16,5,1,3268,3,177.21,30.74,0,gas_station,debit_card,0,0,0,0,0
TXN103477,116.99,2,1,2325,0,74.22,58.04,0,grocery,debit_card,0,0,0,1,0
TXN103478,121.01,7,0,2397,3,104.42,8.89,0,electronics,debit_card,0,0,1,1,0
TXN103479,82.28,5,0,1513,3,135.82,7.14,0,other,credit_card,0,1,0,1,0
TXN103480,28.28,19,0,2556,1,131.77,5.89,0,online_retail,digital_wallet,1,1,0,0,0
TXN103481,147.43,21,0,2786,5,161.75,2.93,0,travel,debit_card,1,0,0,1,0
TXN103482,60.31,8,0,3497,3,105.59,8.72,0,gas_station,credit_card,0,0,1,0,0
TXN103483,452.1,2,0,613,3,400.68,13.5,1,restaurant,debit_card,1,0,0,1,0
TXN103484,151.34,2,0,791,3,253.67,11.13,0,electronics,credit_card,0,0,0,0,0
TXN103485,159.15,7,0,2537,3,28.77,18.88,0,restaurant,debit_card,0,0,1,1,0
TXN103486,77.27,11,1,2721,2,309.91,1.05,0,gas_station,credit_card,1,0,1,0,0
TXN103487,13.43,12,0,258,3,22.51,11.01,0,grocery,credit_card,1,0,1,0,0
TXN103488,9.95,7,0,1304,1,157.86,4.1,0,restaurant,debit_card,2,0,1,1,0
TXN103489,85.11,8,1,3217,4,88.1,5.15,0,grocery,digital_wallet,1,0,0,1,0
TXN103490,15.78,6,1,3557,2,126.33,30.48,0,electronics,credit_card,0,0,0,1,0
TXN103491,129.32,12,1,1404,0,136.15,3.15,0,gas_station,digital_wallet,0,0,0,1,0
TXN103492,313.47,16,1,982,4,357.66,5.2,0,online_retail,credit_card,0,0,0,0,0
TXN103493,336.34,1,0,2046,1,88.89,26.84,0,other,debit_card,0,0,0,0,0
TXN103494,197.81,11,1,2539,3,59.67,15.9,0,travel,digital_wallet,0,0,1,1,0
TXN103495,40.39,15,1,588,11,90.96,0.85,0,grocery,credit_card,1,0,0,1,0
TXN103496,341.95,16,0,1368,1,172.65,1.2,0,other,credit_card,0,1,0,0,0
TXN103497,376.61,13,0,980,7,31.44,26.92,1,restaurant,credit_card,1,0,0,1,0
TXN103498,36.81,12,0,1231,5,161.27,66.04,1,restaurant,debit_card,1,0,1,1,1
TXN103499,220.79,16,0,28,1,352.82,119.47,0,grocery,digital_wallet,0,0,0,1,0
TXN103500,54.04,9,0,185,4,313.75,78.92,0,online_retail,debit_card,0,0,0,0,0
TXN103501,291.12,13,0,393,4,75.16,8.94,1,online_retail,credit_card,0,0,0,0,0
TXN103502,959.23,7,0,1557,3,42.66,4.43,1,restaurant,credit_card,0,0,0,1,1
TXN103503,8.3,10,0,1890,1,69.25,2.23,0,other,credit_card,1,0,0,0,0
TXN103504,353.27,2,0,2828,4,215.58,7.15,1,online_retail,debit_card,0,0,0,0,1
TXN103505,184.24,8,0,1449,4,118.4,7.12,0,grocery,debit_card,0,0,0,1,0
TXN103506,537.12,3,0,2103,5,151.72,18.77,0,restaurant,debit_card,0,1,0,0,0
TXN103507,104.28,5,0,774,5,13.66,8.27,0,other,debit_card,1,0,0,0,0
TXN103508,306.41,10,0,3710,4,173.66,3.64,0,electronics,credit_card,0,0,0,1,0
TXN103509,12.95,12,0,836,1,20.24,18.14,0,online_retail,credit_card,0,0,0,1,0
TXN103510,70.45,22,0,1447,2,112.08,6.01,0,electronics,credit_card,2,0,1,0,0
TXN103511,13.04,0,1,3541,3,493.85,8.85,0,travel,debit_card,1,0,1,1,0
TXN103512,519.87,21,0,829,0,358.99,17.43,0,online_retail,debit_card,0,0,0,0,0
TXN103513,295.51,7,1,261,6,90.39,2.27,0,online_retail,debit_card,0,0,1,0,0
TXN103514,304.92,17,0,1331,1,188.83,23.58,0,grocery,digital_wallet,0,0,1,0,0
TXN103515,406.87,16,0,2597,3,191.15,83.33,0,gas_station,digital_wallet,1,0,0,1,0
TXN103516,19.35,23,0,1300,8,62.62,12.44,0,other,credit_card,0,0,1,0,0
TXN103517,77.51,2,0,3936,2,282.62,25.07,0,gas_station,credit_card,0,0,1,1,1
TXN103518,16.07,23,0,393,3,92.83,9.77,0,electronics,credit_card,0,0,1,0,0
TXN103519,43.83,1,0,479,2,100.19,66.9,1,electronics,debit_card,0,0,1,0,0
TXN103520,40.4,21,1,3018,4,166.06,2.87,0,gas_station,digital_wallet,1,1,0,1,0
TXN103521,100.47,15,0,494,4,64.87,35.72,0,gas_station,credit_card,1,0,1,0,1
TXN103522,50.0,11,1,1942,2,74.58,25.59,1,grocery,debit_card,3,0,1,1,1
TXN103523,17.34,9,0,1634,3,117.84,38.26,0,grocery,debit_card,0,0,0,0,0
TXN103524,29.1,2,1,2071,3,305.99,43.73,0,restaurant,credit_card,0,1,0,0,0
TXN103525,34.88,19,1,1169,4,32.22,15.99,0,online_retail,debit_card,1,0,0,0,0
TXN103526,573.08,17,0,1555,2,223.43,7.44,0,jewelry,debit_card,1,0,0,1,0
TXN103527,186.52,22,0,2276,2,29.67,30.44,0,grocery,credit_card,0,0,1,1,0
TXN103528,432.4,17,0,2927,6,105.4,50.67,0,gas_station,debit_card,0,0,1,1,0
TXN103529,90.67,22,0,1847,2,249.35,31.78,1,online_retail,debit_card,2,0,0,0,0
TXN103530,65.05,21,1,3093,3,161.91,44.5,0,grocery,debit_card,0,0,0,1,0
TXN103531,239.71,10,0,1720,1,158.28,23.77,0,jewelry,credit_card,1,0,0,1,0
TXN103532,75.15,16,1,1801,5,154.86,50.95,0,other,debit_card,1,0,1,0,0
TXN103533,60.89,6,0,2978,2,238.85,19.37,0,jewelry,credit_card,0,0,1,0,0
TXN103534,47.29,19,0,1541,3,104.28,12.24,0,grocery,debit_card,1,0,1,1,0
TXN103535,22.0,14,0,3104,2,283.35,15.84,0,other,credit_card,1,0,0,1,0
TXN103536,55.34,10,0,1644,1,231.36,1.74,0,grocery,credit_card,0,0,1,1,0
TXN103537,68.06,15,0,1161,5,699.94,13.18,0,other,credit_card,1,0,0,0,0
TXN103538,192.02,6,0,3361,4,201.92,21.44,0,electronics,debit_card,0,0,0,1,0
TXN103539,13.32,14,0,3086,5,261.43,4.03,0,restaurant,debit_card,1,1,1,1,1
TXN103540,41.32,11,0,54,1,161.16,12.05,0,electronics,debit_card,0,0,0,1,0
TXN103541,264.27,7,0,521,3,227.45,8.09,0,grocery,credit_card,0,0,1,1,0
TXN103542,28.31,23,0,2652,0,526.79,6.75,0,travel,debit_card,0,0,1,1,0
TXN103543,71.31,1,0,273,8,381.52,28.62,0,restaurant,debit_card,0,0,1,1,0
TXN103544,295.39,18,0,1386,2,181.22,12.2,0,grocery,credit_card,1,0,1,1,1
TXN103545,27.98,5,0,1219,1,200.14,39.33,0,gas_station,credit_card,1,0,0,0,0
TXN103546,21.76,5,0,3469,2,82.18,0.91,0,gas_station,credit_card,0,0,0,1,0
TXN103547,118.4,3,0,353,1,106.12,13.04,0,gas_station,debit_card,0,0,0,0,0
TXN103548,53.87,2,0,2174,4,380.76,0.3,0,online_retail,credit_card,0,0,0,1,0
TXN103549,138.44,2,0,175,5,211.74,5.84,0,restaurant,credit_card,2,0,0,1,0
TXN103550,228.04,19,0,1731,1,206.65,39.08,0,gas_station,digital_wallet,1,0,1,0,0
TXN103551,23.53,22,0,1690,1,40.24,1.93,0,jewelry,credit_card,0,0,1,0,1
TXN103552,153.25,14,0,3534,2,205.33,2.45,0,restaurant,digital_wallet,0,0,1,0,0
TXN103553,90.17,0,0,778,1,49.72,8.02,0,restaurant,credit_card,1,0,0,1,1
TXN103554,31.67,20,0,1528,10,97.78,23.42,0,electronics,digital_wallet,2,0,1,0,1
TXN103555,147.19,14,0,3432,3,95.02,18.31,0,electronics,credit_card,1,0,1,1,0
TXN103556,51.63,12,0,3012,2,56.21,32.77,0,electronics,digital_wallet,1,0,1,0,0
TXN103557,110.68,22,0,711,2,66.95,1.38,0,gas_station,credit_card,0,1,0,1,1
TXN103558,19.17,9,1,932,2,163.69,23.18,0,electronics,debit_card,0,1,0,0,0
TXN103559,88.12,8,0,689,1,392.89,11.33,0,restaurant,credit_card,1,0,1,1,0
TXN103560,65.28,18,0,2589,3,54.98,47.83,0,online_retail,debit_card,1,0,0,0,0
TXN103561,267.84,12,1,2751,4,152.84,31.69,0,online_retail,credit_card,1,0,0,0,0
TXN103562,11.87,17,1,2356,5,410.14,12.67,0,grocery,debit_card,1,1,0,1,0
TXN103563,84.61,16,0,831,3,123.99,15.66,0,restaurant,debit_card,1,0,0,0,0
TXN103564,114.48,20,1,119,5,46.12,11.21,0,electronics,digital_wallet,1,0,0,0,0
TXN103565,242.92,7,0,625,0,261.04,11.41,0,gas_station,debit_card,0,0,0,0,1
TXN103566,145.07,1,0,744,4,170.96,19.37,0,grocery,credit_card,0,0,0,0,0
TXN103567,147.41,11,1,2156,4,78.91,4.59,0,electronics,credit_card,2,1,0,0,0
TXN103568,244.07,15,0,3300,3,159.21,7.93,0,electronics,debit_card,1,0,1,0,1
TXN103569,334.8,19,0,1183,8,329.19,6.09,0,grocery,credit_card,0,0,0,1,1
TXN103570,67.1,6,1,538,3,136.43,26.31,0,travel,debit_card,0,0,0,1,0
TXN103571,132.78,17,0,2524,2,178.52,66.49,0,online_retail,credit_card,0,0,0,1,0
TXN103572,292.47,19,0,3263,3,61.23,11.74,0,electronics,credit_card,0,0,0,0,0
TXN103573,681.81,19,0,2498,4,23.35,2.24,0,gas_station,debit_card,0,0,0,1,0
TXN103574,311.82,19,0,1352,5,5.47,2.09,0,restaurant,credit_card,0,0,1,1,0
TXN103575,59.45,23,0,2042,3,234.22,9.46,0,travel,digital_wallet,2,1,1,1,0
TXN103576,39.13,15,0,2605,6,91.02,8.98,0,travel,credit_card,0,0,0,1,0
TXN103577,108.21,8,1,2436,1,177.62,3.19,1,grocery,credit_card,1,1,0,0,0
TXN103578,222.4,10,0,280,5,101.24,36.35,0,electronics,debit_card,0,0,0,1,0
TXN103579,90.93,17,0,1904,5,711.76,13.27,0,online_retail,credit_card,0,0,1,0,0
TXN103580,112.38,5,0,560,1,140.38,1.77,0,jewelry,credit_card,1,0,0,1,0
TXN103581,356.04,14,0,1192,8,22.57,1.82,0,electronics,credit_card,0,0,0,1,0
TXN103582,72.95,13,0,818,4,206.46,11.85,0,online_retail,credit_card,0,0,0,0,0
TXN103583,297.49,15,0,3997,2,69.23,2.83,0,grocery,credit_card,1,1,0,1,1
TXN103584,86.48,10,0,686,4,243.97,12.6,0,grocery,debit_card,0,0,0,1,0
TXN103585,82.54,17,1,18,3,17.87,10.2,0,other,credit_card,1,0,0,1,0
TXN103586,84.7,1,0,3425,2,268.28,52.48,0,jewelry,credit_card,1,0,0,1,0
TXN103587,226.05,17,0,2887,3,9.27,10.01,0,grocery,credit_card,0,0,0,1,0
TXN103588,22.89,19,1,1661,4,322.6,17.15,0,gas_station,credit_card,3,0,1,0,0
TXN103589,35.4,21,1,78,1,66.93,29.22,0,grocery,credit_card,0,0,0,1,0
TXN103590,456.04,22,1,258,2,475.01,7.41,0,gas_station,credit_card,1,0,0,1,0
TXN103591,39.91,8,0,331,2,276.18,17.56,0,other,credit_card,0,0,0,0,0
TXN103592,162.36,1,0,63,1,55.61,3.2,0,grocery,credit_card,0,1,0,0,0
TXN103593,142.33,15,0,1013,1,278.39,9.26,0,grocery,debit_card,0,1,0,0,0
TXN103594,101.21,2,0,79,2,147.83,9.12,0,other,credit_card,0,0,0,0,0
TXN103595,216.11,6,0,1110,2,70.14,7.53,0,electronics,credit_card,0,0,1,0,0
TXN103596,41.96,16,0,3314,3,95.7,2.32,1,restaurant,credit_card,1,0,0,0,0
TXN103597,117.35,14,0,3274,4,146.12,11.31,0,electronics,digital_wallet,1,0,0,0,0
TXN103598,60.47,14,1,1822,3,151.69,54.2,0,online_retail,debit_card,0,0,0,0,0
TXN103599,198.12,18,0,904,0,288.12,40.1,0,electronics,credit_card,0,0,1,0,0
TXN103600,31.27,3,0,3739,0,258.06,4.55,0,restaurant,debit_card,0,1,0,0,1
TXN103601,176.3,18,1,3487,3,160.66,7.34,0,jewelry,digital_wallet,1,0,0,1,0
TXN103602,30.24,14,1,449,5,68.79,0.14,0,other,digital_wallet,0,0,0,1,0
TXN103603,64.31,10,0,3566,2,102.22,2.54,1,travel,debit_card,1,0,1,1,0
TXN103604,42.38,11,0,2886,0,212.79,9.48,0,grocery,debit_card,0,0,0,0,0
TXN103605,38.87,12,0,1013,2,80.92,18.35,0,gas_station,credit_card,0,0,0,1,0
TXN103606,219.15,13,0,914,0,183.14,7.08,1,grocery,credit_card,0,0,0,0,0
TXN103607,66.16,8,0,3128,2,22.65,1.26,0,gas_station,debit_card,0,0,0,1,0
TXN103608,437.23,5,1,2530,3,137.58,33.62,0,online_retail,debit_card,0,0,1,0,0
TXN103609,528.15,4,0,1883,2,489.79,13.06,0,online_retail,debit_card,1,0,0,1,0
TXN103610,142.67,8,1,764,3,340.58,13.06,0,other,credit_card,0,0,0,1,0
TXN103611,25.68,6,0,2525,6,119.02,6.31,0,travel,digital_wallet,0,0,1,0,0
TXN103612,70.33,12,0,946,7,318.83,20.37,0,grocery,credit_card,1,0,1,1,0
TXN103613,231.48,21,0,134,1,126.62,56.55,1,other,digital_wallet,0,1,1,0,1
TXN103614,59.0,2,0,1992,6,131.26,14.05,1,restaurant,credit_card,0,0,1,0,0
TXN103615,20.69,7,0,2923,2,62.29,16.36,0,restaurant,credit_card,0,0,0,1,0
TXN103616,146.59,1,0,461,2,377.05,8.17,0,grocery,debit_card,1,0,0,1,0
TXN103617,261.78,23,1,3287,4,59.4,2.28,1,online_retail,digital_wallet,0,1,0,0,0
TXN103618,253.78,16,0,2379,1,210.63,7.94,0,online_retail,credit_card,0,0,0,0,0
TXN103619,32.82,5,0,3541,0,364.73,65.17,0,grocery,debit_card,1,0,0,1,0
TXN103620,179.49,9,0,4139,2,389.39,21.3,0,electronics,debit_card,0,1,0,0,0
TXN103621,39.3,17,0,447,0,41.73,13.31,0,grocery,credit_card,0,1,0,0,0
TXN103622,37.7,22,1,3899,2,95.95,18.25,0,jewelry,credit_card,0,0,0,1,0
TXN103623,358.31,13,0,399,2,67.94,17.07,0,electronics,debit_card,0,0,0,1,0
TXN103624,47.72,6,1,639,1,184.21,42.7,0,other,debit_card,0,0,0,1,0
TXN103625,64.79,16,0,1184,2,108.39,6.13,0,online_retail,debit_card,0,0,0,1,0
TXN103626,5.13,16,0,3450,6,60.92,53.51,0,restaurant,credit_card,0,1,1,0,0
TXN103627,279.01,15,1,2247,2,379.1,19.55,0,grocery,debit_card,1,0,0,0,0
TXN103628,279.18,1,0,945,3,86.7,3.08,0,grocery,credit_card,1,0,0,1,0
TXN103629,165.1,16,0,2902,4,31.54,8.72,0,grocery,credit_card,1,0,0,1,0
TXN103630,232.52,0,0,2768,4,191.75,11.57,0,grocery,credit_card,1,0,0,1,0
TXN103631,34.31,21,0,6,3,281.03,2.28,1,electronics,debit_card,1,0,0,0,1
TXN103632,89.65,21,1,619,3,165.29,14.31,0,grocery,credit_card,0,0,0,0,0
TXN103633,68.84,13,1,3632,1,291.56,7.09,0,online_retail,credit_card,0,0,0,1,0
TXN103634,19.37,15,1,2580,3,136.54,13.3,0,electronics,digital_wallet,2,0,1,1,0
TXN103635,89.82,1,0,1702,4,245.18,11.15,0,online_retail,credit_card,0,0,0,1,0
TXN103636,373.25,20,0,2749,0,89.36,15.76,1,grocery,debit_card,1,1,1,1,0
TXN103637,13.07,6,1,2527,4,100.01,39.15,0,electronics,debit_card,0,0,0,1,0
TXN103638,58.32,6,0,116,6,137.2,24.64,0,gas_station,debit_card,0,0,0,1,0
TXN103639,33.94,16,0,542,4,14.81,37.0,0,online_retail,credit_card,1,0,0,0,0
TXN103640,38.0,22,1,1647,3,269.59,14.08,0,grocery,digital_wallet,0,0,0,1,0
TXN103641,444.01,11,0,1504,4,342.34,18.2,0,other,digital_wallet,0,0,0,0,0
TXN103642,98.62,12,0,1721,1,120.74,14.34,0,gas_station,digital_wallet,0,0,0,0,0
TXN103643,91.78,13,0,1179,1,60.19,28.04,0,online_retail,credit_card,0,0,0,0,0
TXN103644,212.33,6,0,441,3,122.0,3.55,0,travel,debit_card,0,0,0,1,0
TXN103645,25.27,14,0,807,1,24.93,12.27,0,grocery,debit_card,0,0,0,0,0
TXN103646,124.79,23,0,1969,9,78.5,26.13,0,travel,debit_card,0,0,0,1,0
TXN103647,85.2,9,0,2945,5,72.01,34.4,1,travel,digital_wallet,1,0,0,0,0
TXN103648,166.48,18,0,1367,2,180.87,5.07,0,grocery,credit_card,1,0,0,0,1
TXN103649,1170.76,18,1,3011,7,67.56,3.21,0,gas_station,debit_card,0,0,0,0,0
TXN103650,267.21,20,1,3792,6,300.33,6.74,0,restaurant,debit_card,0,1,0,0,0
TXN103651,83.63,17,1,2618,1,72.33,56.0,0,jewelry,digital_wallet,0,0,0,1,0
TXN103652,297.61,22,0,635,2,106.35,2.89,0,grocery,digital_wallet,0,0,0,0,0
TXN103653,36.06,17,0,1759,1,128.72,52.18,0,electronics,credit_card,0,0,0,0,0
TXN103654,10.39,23,0,14,4,256.45,144.31,0,electronics,credit_card,0,0,0,0,0
TXN103655,40.99,17,0,3351,2,64.87,30.06,0,jewelry,credit_card,0,0,0,1,0
TXN103656,65.56,20,1,2328,3,18.98,29.59,0,restaurant,debit_card,1,0,0,0,0
TXN103657,141.17,21,1,2669,4,46.13,54.39,0,grocery,debit_card,0,0,0,0,0
TXN103658,132.94,23,0,2479,2,210.13,8.37,0,travel,credit_card,0,0,1,0,0
TXN103659,367.39,14,1,1172,1,114.29,3.06,0,other,digital_wallet,0,1,1,0,0
TXN103660,112.16,17,0,2812,1,35.16,36.66,0,online_retail,debit_card,1,0,0,0,0
TXN103661,114.77,23,0,5,5,200.72,3.05,0,grocery,debit_card,2,0,1,0,0
TXN103662,12.09,9,1,2559,4,114.77,1.13,0,grocery,debit_card,1,0,1,0,1
TXN103663,10.73,2,0,3934,5,381.58,5.01,0,electronics,digital_wallet,0,1,0,0,0
TXN103664,122.65,21,0,2221,6,129.07,13.83,0,online_retail,debit_card,0,0,1,0,0
TXN103665,75.67,15,0,1563,5,109.43,13.76,0,electronics,debit_card,0,0,0,0,0
TXN103666,279.44,10,0,3173,4,312.03,1.27,0,jewelry,debit_card,1,0,1,1,0
TXN103667,27.4,17,0,1511,2,47.81,11.34,0,online_retail,credit_card,0,1,0,0,0
TXN103668,7.14,0,0,3570,5,299.49,27.94,0,electronics,credit_card,0,0,0,0,0
TXN103669,95.97,11,1,3245,3,206.39,48.71,1,travel,digital_wallet,2,0,1,1,0
TXN103670,48.42,6,0,3581,4,198.09,4.17,0,travel,credit_card,0,0,0,1,0
TXN103671,13.45,6,0,2803,4,272.92,4.43,0,electronics,digital_wallet,0,1,1,1,1
TXN103672,212.41,23,1,167,3,29.24,8.97,0,online_retail,debit_card,1,0,0,1,0
TXN103673,18.04,13,1,3039,5,113.71,103.22,0,electronics,credit_card,1,0,1,1,1
TXN103674,123.66,3,1,898,4,114.67,6.42,0,electronics,debit_card,1,0,0,0,0
TXN103675,69.05,8,0,1092,1,127.56,0.81,0,online_retail,debit_card,0,0,1,1,0
TXN103676,29.61,5,1,152,6,20.53,6.39,0,jewelry,credit_card,0,0,1,0,0
TXN103677,82.48,21,0,2819,3,52.93,20.53,0,grocery,debit_card,0,0,0,0,0
TXN103678,227.92,6,0,2085,5,89.53,12.1,0,grocery,digital_wallet,0,0,0,1,0
TXN103679,80.43,8,1,471,6,271.51,39.83,0,online_retail,digital_wallet,1,0,1,0,0
TXN103680,197.79,8,1,1615,2,251.96,19.89,1,online_retail,debit_card,0,0,0,1,1
TXN103681,26.86,4,0,2204,3,71.47,15.8,0,grocery,credit_card,0,0,0,0,0
TXN103682,231.03,18,0,2383,4,240.42,9.1,0,grocery,debit_card,0,0,0,1,1
TXN103683,43.17,13,1,479,2,110.28,12.55,0,grocery,credit_card,1,0,1,1,1
TXN103684,154.01,10,0,3395,4,54.14,14.05,0,online_retail,digital_wallet,0,0,0,1,0
TXN103685,134.38,9,1,2722,1,113.52,4.71,0,grocery,debit_card,0,0,0,1,0
TXN103686,347.62,16,0,880,3,146.42,27.66,0,online_retail,credit_card,0,0,0,1,0
TXN103687,82.62,2,0,340,2,89.76,11.87,0,online_retail,debit_card,0,0,0,1,0
TXN103688,20.93,22,0,1926,3,256.39,23.26,0,restaurant,credit_card,0,1,1,1,1
TXN103689,9.29,13,0,1669,3,154.77,4.93,0,other,credit_card,1,0,0,1,0
TXN103690,292.18,5,0,622,4,108.13,24.11,0,gas_station,credit_card,1,1,0,1,0
TXN103691,115.39,12,0,980,2,112.28,0.55,1,restaurant,credit_card,0,0,0,0,1
TXN103692,181.4,20,0,2454,4,255.86,3.59,0,grocery,debit_card,0,0,0,1,0
TXN103693,38.46,4,0,42,5,176.82,47.21,0,online_retail,digital_wallet,0,1,0,0,0
TXN103694,79.89,12,0,2178,0,112.04,10.61,0,grocery,credit_card,1,0,0,1,0
TXN103695,8.71,14,0,148,4,226.08,13.23,0,electronics,digital_wallet,0,0,1,0,0
TXN103696,453.81,19,0,857,5,44.11,50.56,0,restaurant,credit_card,0,0,0,1,0
TXN103697,166.98,13,0,3456,0,73.77,12.29,0,grocery,credit_card,0,0,1,1,0
TXN103698,361.75,17,0,1302,2,171.07,16.32,0,online_retail,debit_card,0,0,0,0,0
TXN103699,44.26,18,1,2578,3,261.67,5.29,0,travel,debit_card,0,1,0,0,0
TXN103700,145.92,21,1,1437,2,82.07,1.98,1,travel,credit_card,1,0,1,0,0
TXN103701,157.43,8,0,1997,3,74.75,10.57,0,online_retail,debit_card,0,0,1,0,0
TXN103702,57.01,16,0,813,0,142.06,35.28,0,travel,debit_card,0,0,0,1,0
TXN103703,261.95,5,0,2881,5,220.32,13.72,0,electronics,debit_card,1,0,0,1,0
TXN103704,474.94,20,1,1104,7,16.04,4.4,0,grocery,credit_card,0,0,1,1,0
TXN103705,320.19,22,1,2511,3,7.37,15.98,0,online_retail,credit_card,0,0,0,0,0
TXN103706,202.14,7,0,884,4,167.54,4.19,1,gas_station,credit_card,1,0,0,1,0
TXN103707,57.74,13,0,1633,4,54.82,72.23,0,grocery,credit_card,0,0,1,1,0
TXN103708,53.69,19,0,3822,1,203.33,14.67,0,electronics,debit_card,1,0,0,0,0
TXN103709,484.54,0,0,993,7,209.77,66.45,0,other,credit_card,0,0,1,1,0
TXN103710,6.93,16,0,2565,3,52.41,0.72,0,other,debit_card,0,0,0,0,0
TXN103711,210.02,19,0,812,1,115.18,0.36,0,online_retail,credit_card,0,0,1,1,0
TXN103712,185.45,20,0,2161,2,377.14,14.04,0,gas_station,debit_card,0,0,0,0,0
TXN103713,152.67,4,0,2118,2,121.89,32.84,1,online_retail,credit_card,0,0,0,1,1
TXN103714,634.97,18,1,3276,6,198.86,13.14,1,other,digital_wallet,0,1,0,0,0
TXN103715,55.08,18,0,2372,2,181.87,41.77,0,grocery,digital_wallet,0,0,0,1,0
TXN103716,73.83,0,0,3317,4,175.42,3.09,0,online_retail,debit_card,2,1,0,1,0
TXN103717,18.28,16,0,1190,2,89.93,25.27,0,grocery,debit_card,0,0,0,0,0
TXN103718,97.93,15,0,1276,4,38.26,18.25,0,electronics,debit_card,0,0,0,0,0
TXN103719,52.11,23,1,1170,0,254.67,16.68,0,electronics,debit_card,0,0,0,1,0
TXN103720,68.48,1,0,1076,2,56.88,9.31,0,travel,debit_card,0,0,1,1,0
TXN103721,298.84,23,0,2466,5,91.34,25.15,0,restaurant,credit_card,0,0,0,1,0
TXN103722,465.55,13,0,479,2,65.82,16.13,0,restaurant,digital_wallet,0,1,1,0,0
TXN103723,39.96,6,0,2149,5,73.54,5.56,0,restaurant,credit_card,0,0,0,1,0
TXN103724,74.0,9,0,3419,1,20.0,2.5,0,grocery,debit_card,0,0,0,0,0
TXN103725,473.59,18,0,2882,4,97.01,10.48,0,online_retail,debit_card,1,0,1,0,1
TXN103726,14.97,23,1,3532,1,236.35,13.19,1,gas_station,debit_card,0,0,1,1,1
TXN103727,21.08,7,1,1931,2,148.6,16.21,1,restaurant,digital_wallet,0,0,0,1,0
TXN103728,32.74,23,0,1982,2,103.88,12.42,0,gas_station,credit_card,2,0,1,1,0
TXN103729,144.89,15,0,1863,5,215.0,9.85,0,restaurant,credit_card,1,0,0,1,0
TXN103730,26.97,4,0,1668,5,156.98,9.81,0,online_retail,credit_card,0,0,0,1,0
TXN103731,567.46,14,0,294,2,109.05,5.95,0,grocery,digital_wallet,0,0,1,0,0
TXN103732,131.95,19,0,1208,0,162.79,12.8,0,grocery,digital_wallet,0,0,0,0,0
TXN103733,104.62,1,0,3039,1,250.37,39.23,0,gas_station,credit_card,0,0,1,0,0
TXN103734,47.9,1,0,755,2,208.03,45.04,0,electronics,credit_card,1,0,0,1,0
TXN103735,95.26,0,1,1323,1,61.29,102.36,0,grocery,digital_wallet,0,0,0,0,0
TXN103736,158.13,13,0,3105,4,164.98,1.08,0,online_retail,credit_card,0,0,1,1,0
TXN103737,257.15,1,0,1998,4,40.41,5.45,0,grocery,debit_card,1,0,1,1,0
TXN103738,198.58,22,1,3743,2,137.42,22.23,1,online_retail,debit_card,1,0,1,0,0
TXN103739,126.94,3,1,1265,4,117.86,23.45,0,online_retail,credit_card,1,1,0,1,0
TXN103740,295.13,1,0,2293,3,535.92,3.9,0,restaurant,debit_card,0,0,0,0,0
TXN103741,237.48,6,0,1570,2,97.23,19.05,0,restaurant,credit_card,1,1,1,1,0
TXN103742,176.96,18,0,1000,4,191.87,11.29,0,gas_station,credit_card,0,0,0,0,0
TXN103743,14.65,21,0,927,2,24.2,63.24,0,grocery,debit_card,0,0,0,0,0
TXN103744,8.45,6,1,1895,5,39.58,42.49,0,online_retail,digital_wallet,0,0,0,0,0
TXN103745,39.06,12,0,614,2,134.92,1.55,1,travel,debit_card,0,0,0,0,0
TXN103746,137.86,18,1,1149,5,149.02,1.72,1,grocery,credit_card,0,0,0,1,1
TXN103747,94.08,19,0,1119,6,311.32,9.17,0,online_retail,debit_card,2,0,0,1,0
TXN103748,75.36,3,0,2081,1,107.99,0.23,0,online_retail,credit_card,1,0,0,0,0
TXN103749,384.39,20,0,1251,6,284.84,2.14,0,grocery,debit_card,1,0,1,1,0
TXN103750,332.44,20,0,351,1,155.69,62.64,0,electronics,credit_card,1,0,0,0,0
TXN103751,338.18,17,0,3576,1,322.95,33.79,1,other,credit_card,0,0,0,0,0
TXN103752,60.2,12,0,1096,2,461.39,26.63,0,grocery,credit_card,0,0,0,0,0
TXN103753,198.44,9,1,1746,3,189.16,30.19,1,online_retail,credit_card,0,0,1,0,0
TXN103754,51.13,21,0,1899,5,220.74,5.85,1,online_retail,debit_card,0,0,0,1,1
TXN103755,34.6,20,0,715,2,146.89,28.32,0,other,credit_card,1,0,0,1,0
TXN103756,34.78,12,0,2797,3,40.63,24.13,0,electronics,credit_card,0,0,0,0,0
TXN103757,58.21,17,1,2247,4,145.76,61.09,0,gas_station,digital_wallet,0,0,1,0,0
TXN103758,93.67,9,1,2795,2,185.9,7.15,0,travel,digital_wallet,1,0,0,1,0
TXN103759,219.21,17,1,2893,2,146.6,25.61,0,travel,debit_card,0,0,0,0,0
TXN103760,22.91,2,0,2444,4,109.53,30.88,0,other,credit_card,0,0,0,1,0
TXN103761,223.64,21,0,1164,6,67.06,13.54,0,gas_station,digital_wallet,0,1,1,1,0
TXN103762,123.12,12,0,1459,1,297.13,9.29,0,electronics,debit_card,0,0,1,0,0
TXN103763,60.05,14,1,2051,9,95.58,35.23,0,grocery,debit_card,0,0,0,0,0
TXN103764,106.0,4,0,110,5,64.13,3.28,0,grocery,digital_wallet,1,0,0,1,0
TXN103765,67.3,12,1,3351,3,187.64,0.84,0,restaurant,credit_card,1,0,1,1,0
TXN103766,157.52,0,0,1311,1,132.26,4.0,0,travel,credit_card,0,0,1,1,0
TXN103767,95.3,21,0,3017,3,191.97,21.96,0,travel,digital_wallet,1,0,0,0,0
TXN103768,35.7,17,0,1566,1,159.15,23.23,0,restaurant,digital_wallet,0,0,0,0,0
TXN103769,25.81,10,1,1000,3,19.45,30.48,0,other,digital_wallet,0,0,1,1,0
TXN103770,117.33,20,0,1565,3,150.68,11.94,0,grocery,digital_wallet,0,0,0,1,0
TXN103771,301.32,19,0,1176,5,62.51,68.42,0,restaurant,credit_card,0,0,1,1,1
TXN103772,71.76,2,0,887,2,88.8,7.9,0,grocery,debit_card,1,0,0,0,0
TXN103773,216.83,1,0,3762,1,169.21,72.86,0,online_retail,digital_wallet,1,0,0,1,0
TXN103774,189.47,6,1,1033,5,223.88,54.11,0,grocery,debit_card,0,0,1,1,0
TXN103775,363.98,0,0,3146,2,141.07,10.41,0,jewelry,debit_card,1,1,0,0,0
TXN103776,235.93,13,0,2874,4,21.93,3.63,0,gas_station,debit_card,3,0,0,1,0
TXN103777,137.82,12,0,238,4,454.47,2.13,0,other,credit_card,0,0,0,0,0
TXN103778,164.11,12,1,1938,2,124.5,15.59,0,grocery,debit_card,0,0,0,1,0
TXN103779,277.52,1,0,840,1,212.18,32.38,0,other,credit_card,1,0,0,1,0
TXN103780,85.25,22,0,122,1,112.64,3.32,1,restaurant,credit_card,1,0,1,1,0
TXN103781,51.53,23,1,2256,5,242.67,6.15,0,online_retail,credit_card,0,0,0,1,0
TXN103782,5.92,14,1,3754,5,138.66,21.7,0,grocery,credit_card,0,0,0,1,0
TXN103783,314.94,0,1,2633,5,11.84,13.98,0,travel,credit_card,1,0,0,0,0
TXN103784,307.66,9,1,3012,3,219.71,20.33,0,travel,digital_wallet,0,0,0,1,0
TXN103785,18.62,17,0,2145,4,102.97,23.1,0,restaurant,credit_card,1,0,0,1,0
TXN103786,128.82,17,0,640,3,49.88,9.04,0,grocery,digital_wallet,0,1,1,0,0
TXN103787,99.05,5,0,1128,4,156.93,32.02,1,online_retail,digital_wallet,0,0,0,0,0
TXN103788,29.67,19,0,1202,1,73.46,25.98,0,online_retail,credit_card,1,0,0,0,0
TXN103789,561.89,23,0,1410,2,38.23,25.18,0,electronics,credit_card,1,0,0,0,1
TXN103790,38.96,12,0,768,2,145.44,5.18,1,other,credit_card,0,0,0,1,0
TXN103791,18.59,9,0,704,2,147.3,10.9,0,jewelry,credit_card,0,0,0,1,1
TXN103792,134.34,12,0,2853,3,178.45,30.78,1,travel,credit_card,1,1,0,1,0
TXN103793,225.1,0,0,3025,5,206.29,4.09,0,electronics,debit_card,0,0,0,0,0
TXN103794,8.33,12,0,456,3,26.38,30.46,0,online_retail,debit_card,0,0,0,1,0
TXN103795,162.88,0,1,1208,3,257.55,2.08,0,jewelry,credit_card,0,0,0,0,0
TXN103796,97.5,0,1,3054,5,573.14,3.43,1,online_retail,credit_card,0,1,0,1,0
TXN103797,18.81,13,0,448,5,28.34,12.73,0,grocery,credit_card,1,0,0,1,0
TXN103798,36.95,12,0,1488,4,122.98,2.93,0,jewelry,credit_card,0,0,0,0,0
TXN103799,130.11,23,0,2144,1,136.5,0.27,1,electronics,credit_card,2,0,0,1,0
TXN103800,55.55,12,0,293,1,83.83,9.82,1,grocery,digital_wallet,0,0,0,0,0
TXN103801,386.52,23,0,175,0,95.69,14.46,0,restaurant,debit_card,0,0,0,0,0
TXN103802,254.35,19,0,3088,6,9.45,15.3,0,jewelry,debit_card,0,0,1,1,1
TXN103803,644.13,8,0,425,8,251.74,1.08,0,grocery,credit_card,0,0,0,0,0
TXN103804,56.37,22,0,2909,2,41.77,4.85,0,online_retail,credit_card,0,0,0,0,0
TXN103805,386.5,11,0,1295,3,140.91,13.8,0,travel,digital_wallet,0,0,0,1,0
TXN103806,81.12,14,0,3119,5,102.56,28.83,1,online_retail,debit_card,1,0,0,0,0
TXN103807,70.38,2,1,1379,4,172.46,27.28,0,electronics,debit_card,0,0,0,0,0
TXN103808,12.6,5,1,3061,2,255.11,15.67,0,other,debit_card,0,0,0,0,0
TXN103809,13.78,12,1,3291,3,131.86,25.74,0,grocery,debit_card,1,0,0,0,0
TXN103810,187.58,6,1,1776,1,235.26,67.74,0,grocery,digital_wallet,0,0,0,0,0
TXN103811,93.37,14,0,3035,2,71.19,1.74,0,grocery,digital_wallet,0,0,0,1,0
TXN103812,40.86,1,0,703,3,128.89,2.15,0,gas_station,debit_card,1,0,0,1,0
TXN103813,143.49,6,0,2496,1,107.89,12.82,0,grocery,debit_card,0,0,0,0,0
TXN103814,55.93,15,1,1406,0,41.18,17.51,0,jewelry,credit_card,2,0,0,0,0
TXN103815,122.99,14,0,732,2,299.07,0.08,0,electronics,credit_card,0,0,0,1,0
TXN103816,71.22,23,0,2463,4,245.6,14.1,0,travel,credit_card,0,0,0,1,0
TXN103817,271.11,21,1,2667,4,179.74,3.59,1,gas_station,credit_card,0,0,0,1,1
TXN103818,316.92,19,1,487,1,68.64,22.13,0,other,debit_card,1,0,0,0,0
TXN103819,98.71,0,0,1595,2,38.38,5.24,1,jewelry,credit_card,0,0,0,0,0
TXN103820,78.32,14,0,2121,10,58.27,59.43,1,gas_station,credit_card,0,0,0,0,0
TXN103821,84.1,5,0,1428,4,181.58,1.25,1,restaurant,digital_wallet,0,0,1,1,0
TXN103822,248.85,6,0,67,2,92.52,40.3,0,gas_station,credit_card,1,1,0,0,0
TXN103823,63.05,5,1,1594,1,148.83,8.77,1,gas_station,debit_card,0,0,0,0,1
TXN103824,38.62,10,1,2153,3,55.48,33.96,0,electronics,credit_card,0,0,0,1,0
TXN103825,17.72,2,0,2779,3,660.49,42.88,0,electronics,credit_card,0,0,0,1,0
TXN103826,110.02,12,0,2294,2,174.74,4.89,0,restaurant,debit_card,0,0,1,1,0
TXN103827,106.63,3,1,3019,4,26.28,0.78,0,other,credit_card,2,0,1,0,0
TXN103828,288.78,12,1,3065,4,145.14,19.72,0,grocery,credit_card,0,0,1,1,0
TXN103829,37.14,15,0,2222,5,165.43,5.33,0,other,credit_card,2,0,1,0,1
TXN103830,68.52,4,0,602,2,348.24,61.15,0,grocery,debit_card,1,0,0,1,0
TXN103831,327.03,2,0,1738,5,38.01,1.21,0,restaurant,debit_card,0,0,0,1,0
TXN103832,259.67,19,0,2309,5,39.2,6.99,0,electronics,credit_card,0,0,0,1,0
TXN103833,70.92,17,1,1033,2,303.24,0.28,0,restaurant,debit_card,0,0,0,0,0
TXN103834,115.39,6,1,3646,2,52.7,9.67,0,other,credit_card,0,0,0,0,1
TXN103835,61.25,21,0,2245,1,122.18,15.4,0,online_retail,debit_card,0,0,0,1,0
TXN103836,438.89,5,1,547,3,66.99,23.51,0,electronics,debit_card,1,0,1,1,0
TXN103837,23.55,22,1,2259,2,183.66,30.33,0,online_retail,digital_wallet,1,0,0,0,0
TXN103838,396.69,2,0,2620,3,74.29,52.82,0,restaurant,debit_card,0,0,1,1,0
TXN103839,174.16,15,1,2376,0,149.55,1.91,0,other,debit_card,0,0,0,1,0
TXN103840,100.6,0,0,3553,3,46.37,25.45,0,travel,credit_card,2,0,0,0,0
TXN103841,9.88,4,0,3940,4,97.14,5.95,0,online_retail,debit_card,0,0,0,0,0
TXN103842,105.5,9,1,3840,3,59.6,3.46,0,grocery,debit_card,0,0,0,0,0
TXN103843,104.35,2,1,2992,3,201.5,5.91,0,other,credit_card,0,0,0,0,0
TXN103844,31.7,10,0,1749,7,58.27,41.3,1,gas_station,credit_card,0,1,1,1,0
TXN103845,124.88,5,0,2246,2,347.9,20.18,0,other,debit_card,1,0,0,1,0
TXN103846,530.83,2,1,3098,2,83.24,18.21,0,restaurant,credit_card,3,0,0,1,0
TXN103847,179.07,23,1,1493,2,211.48,17.91,0,gas_station,credit_card,0,0,0,1,0
TXN103848,214.32,23,0,253,2,292.19,12.65,0,grocery,credit_card,1,0,0,1,0
TXN103849,14.19,23,0,1064,2,150.45,9.06,1,online_retail,credit_card,0,0,0,1,0
TXN103850,92.44,3,0,399,4,100.49,3.13,0,grocery,credit_card,1,0,0,0,0
TXN103851,21.55,9,0,2394,8,209.1,6.5,0,electronics,credit_card,0,0,0,0,0
TXN103852,125.23,7,0,883,4,95.43,14.95,0,online_retail,debit_card,0,0,0,1,0
TXN103853,405.93,7,1,871,2,30.18,17.99,0,grocery,debit_card,0,0,0,0,0
TXN103854,169.46,9,0,1568,6,126.69,1.81,0,electronics,debit_card,0,0,0,1,0
TXN103855,13.57,12,1,1927,4,196.83,8.11,1,grocery,digital_wallet,0,0,1,0,1
TXN103856,61.59,11,0,1293,3,154.52,7.65,0,online_retail,digital_wallet,1,0,0,1,0
TXN103857,125.16,7,0,1269,0,220.8,13.85,0,jewelry,digital_wallet,1,0,0,1,0
TXN103858,78.49,23,0,2270,3,116.31,33.77,0,jewelry,debit_card,0,0,1,0,0
TXN103859,287.34,23,1,1235,2,184.81,15.2,0,travel,debit_card,0,0,0,1,0
TXN103860,222.87,7,0,2431,4,160.45,15.11,1,restaurant,credit_card,3,0,0,1,0
TXN103861,160.1,5,0,2709,4,79.35,6.93,0,restaurant,debit_card,0,1,0,0,0
TXN103862,65.18,12,0,3271,4,77.95,32.58,0,jewelry,credit_card,1,0,0,0,0
TXN103863,59.95,8,1,2661,0,162.19,33.61,0,electronics,credit_card,0,1,0,1,1
TXN103864,17.74,23,1,1782,2,139.7,4.02,0,restaurant,credit_card,0,0,0,0,0
TXN103865,62.06,10,0,2068,3,232.28,22.29,0,online_retail,credit_card,1,0,0,0,0
TXN103866,89.31,0,0,3169,2,296.24,48.45,0,gas_station,digital_wallet,0,0,1,1,0
TXN103867,212.43,3,1,3262,2,98.82,11.23,0,online_retail,credit_card,1,0,0,1,0
TXN103868,172.41,1,1,1714,2,81.45,41.01,0,travel,debit_card,0,0,0,0,0
TXN103869,17.01,9,1,903,3,118.06,0.45,0,online_retail,credit_card,0,0,0,0,0
TXN103870,80.61,7,1,2471,3,187.64,10.57,0,other,debit_card,2,0,0,1,0
TXN103871,31.02,20,0,1505,2,203.81,5.25,0,online_retail,credit_card,1,0,0,0,0
TXN103872,28.83,21,1,167,3,383.42,6.64,0,electronics,digital_wallet,0,1,1,0,0
TXN103873,232.1,3,1,3266,1,78.95,52.03,0,electronics,credit_card,1,0,0,0,1
TXN103874,9.8,22,1,3849,2,177.86,11.39,0,other,debit_card,0,0,0,1,0
TXN103875,90.77,14,0,3292,4,71.14,0.44,0,jewelry,debit_card,1,0,0,1,0
TXN103876,28.52,7,1,891,1,113.17,13.28,0,electronics,debit_card,0,0,0,1,0
TXN103877,334.8,9,1,3040,4,65.37,77.68,1,electronics,credit_card,3,0,0,0,0
TXN103878,108.75,10,1,1271,3,189.8,2.31,0,gas_station,credit_card,0,0,0,0,0
TXN103879,46.08,4,0,1401,1,308.44,8.89,0,other,debit_card,1,0,0,1,0
TXN103880,103.45,20,0,1584,4,498.8,10.52,0,restaurant,credit_card,0,0,0,1,0
TXN103881,239.42,0,0,1535,5,183.71,34.61,0,electronics,credit_card,0,0,0,1,0
TXN103882,499.98,1,1,1758,2,95.6,7.3,0,electronics,debit_card,3,0,0,0,1
TXN103883,49.12,6,0,229,0,228.77,9.94,0,gas_station,digital_wallet,0,0,0,0,0
TXN103884,302.28,3,0,900,6,114.6,10.8,0,online_retail,credit_card,1,0,1,1,0
TXN103885,416.2,1,0,2482,0,224.9,8.81,0,online_retail,debit_card,0,0,1,0,0
TXN103886,335.39,9,1,2413,2,307.1,4.96,0,grocery,digital_wallet,0,0,0,1,0
TXN103887,148.78,9,0,811,3,11.92,58.47,0,grocery,credit_card,2,0,0,0,0
TXN103888,149.3,3,1,3700,6,226.6,26.63,0,grocery,credit_card,2,0,0,1,0
TXN103889,75.55,19,0,2914,3,183.02,94.4,0,other,debit_card,0,0,1,1,1
TXN103890,185.29,21,1,2076,1,110.72,11.08,0,travel,credit_card,1,0,1,0,0
TXN103891,100.16,17,1,1615,3,263.88,0.81,0,gas_station,digital_wallet,0,1,0,0,0
TXN103892,131.95,12,1,26,2,100.34,2.89,0,jewelry,debit_card,0,1,0,1,0
TXN103893,78.32,22,0,2619,7,29.22,10.24,0,online_retail,credit_card,1,0,1,1,1
TXN103894,218.05,8,0,3060,8,143.6,56.41,0,restaurant,debit_card,0,0,0,0,0
TXN103895,219.56,10,0,1319,3,104.24,105.39,0,grocery,credit_card,1,0,0,1,0
TXN103896,24.4,0,0,72,2,178.35,34.46,0,travel,debit_card,0,0,0,1,0
TXN103897,338.95,16,0,2029,3,93.55,5.79,0,travel,credit_card,0,0,0,0,0
TXN103898,112.64,2,0,3114,4,148.86,13.41,0,online_retail,debit_card,0,0,0,0,1
TXN103899,295.5,15,0,2461,1,114.53,22.2,0,gas_station,credit_card,0,0,1,1,0
TXN103900,96.84,18,0,953,1,206.37,41.64,0,online_retail,credit_card,1,0,0,0,0
TXN103901,82.8,5,1,1101,3,282.71,18.2,0,jewelry,digital_wallet,0,0,0,1,0
TXN103902,312.28,14,0,14,4,333.4,6.47,0,grocery,credit_card,1,0,0,0,0
TXN103903,47.07,7,0,992,4,52.4,0.46,0,online_retail,debit_card,0,0,0,1,0
TXN103904,233.78,9,0,3190,3,139.18,38.08,0,grocery,debit_card,1,0,0,0,0
TXN103905,139.82,12,0,1602,2,26.02,13.44,0,other,credit_card,0,0,0,1,0
TXN103906,93.53,5,0,3101,4,92.15,18.48,0,restaurant,debit_card,0,0,0,1,0
TXN103907,53.2,19,0,1636,3,147.89,68.43,0,online_retail,debit_card,0,0,0,1,0
TXN103908,117.09,9,0,2646,2,160.97,9.81,0,travel,debit_card,3,1,0,1,1
TXN103909,53.48,11,0,1368,4,66.05,8.43,0,electronics,credit_card,1,0,0,1,0
TXN103910,12.95,19,1,1429,2,113.32,7.24,0,online_retail,credit_card,0,0,1,0,0
TXN103911,70.37,5,1,1534,2,109.19,0.18,0,other,debit_card,0,0,0,1,0
TXN103912,5.63,10,0,2862,4,95.15,2.79,0,grocery,credit_card,0,0,1,1,0
TXN103913,494.97,23,0,190,2,203.33,0.89,0,gas_station,digital_wallet,0,0,0,1,0
TXN103914,390.78,9,0,780,2,51.48,7.17,0,travel,credit_card,0,1,0,1,1
TXN103915,78.1,2,0,3094,2,145.42,1.38,0,jewelry,credit_card,1,0,1,1,0
TXN103916,193.03,6,1,1776,2,349.31,9.25,1,online_retail,digital_wallet,0,0,1,1,0
TXN103917,63.49,22,0,2812,5,173.93,2.96,1,grocery,credit_card,0,0,0,0,0
TXN103918,176.43,18,0,3584,4,128.51,60.09,0,online_retail,credit_card,0,0,0,0,0
TXN103919,262.71,19,0,1804,2,180.61,47.52,0,restaurant,credit_card,1,0,0,0,0
TXN103920,462.52,6,1,3813,3,100.85,19.17,0,grocery,debit_card,0,0,0,0,0
TXN103921,78.64,20,0,3454,2,81.66,31.93,0,grocery,credit_card,0,0,0,1,0
TXN103922,205.36,9,0,2365,2,161.84,25.44,1,online_retail,digital_wallet,0,0,0,1,1
TXN103923,55.64,19,1,785,1,37.15,34.9,0,gas_station,credit_card,0,0,0,0,0
TXN103924,701.89,21,1,2027,1,462.28,18.28,0,online_retail,credit_card,0,0,0,0,0
TXN103925,9.92,4,0,3186,8,208.59,10.59,0,online_retail,credit_card,0,0,0,0,0
TXN103926,158.07,22,0,1254,9,126.74,55.69,0,gas_station,credit_card,0,0,0,0,1
TXN103927,140.47,15,0,1505,1,221.57,8.5,0,restaurant,credit_card,1,1,0,0,1
TXN103928,151.31,17,0,3307,1,191.44,11.46,0,grocery,digital_wallet,0,0,0,0,0
TXN103929,22.14,18,1,1311,8,63.3,24.48,0,travel,digital_wallet,0,0,1,1,1
TXN103930,372.98,4,0,2458,2,194.35,61.69,0,other,digital_wallet,0,0,1,1,0
TXN103931,38.3,17,1,2462,4,161.33,16.65,0,restaurant,digital_wallet,0,0,0,0,0
TXN103932,157.74,5,1,2414,2,48.96,20.26,0,other,debit_card,0,0,0,1,1
TXN103933,48.81,6,0,2247,3,117.28,14.53,0,online_retail,credit_card,0,0,0,1,0
TXN103934,62.99,2,0,684,5,18.26,44.22,0,online_retail,credit_card,0,0,1,1,1
TXN103935,126.73,4,0,1197,3,33.67,24.29,1,grocery,debit_card,0,0,0,1,1
TXN103936,99.29,23,1,873,2,112.01,12.3,0,travel,digital_wallet,0,0,0,0,0
TXN103937,33.0,7,0,804,5,140.07,18.68,0,online_retail,credit_card,1,0,0,0,0
TXN103938,33.39,9,1,2308,7,525.16,2.97,0,online_retail,digital_wallet,0,0,0,1,0
TXN103939,102.99,11,1,1719,3,22.02,6.74,0,jewelry,credit_card,1,0,0,0,0
TXN103940,220.41,17,0,272,3,138.66,27.55,0,electronics,debit_card,0,0,0,1,0
TXN103941,334.91,13,0,1425,5,90.27,12.66,0,online_retail,credit_card,1,0,0,0,0
TXN103942,16.44,12,1,3146,3,525.02,6.94,1,grocery,digital_wallet,1,0,0,0,0
TXN103943,86.94,20,0,3320,4,278.23,5.81,0,electronics,credit_card,0,0,0,1,0
TXN103944,24.19,11,0,2804,6,208.72,38.56,0,online_retail,credit_card,0,0,0,0,0
TXN103945,7.46,18,0,1281,1,79.19,19.16,0,other,digital_wallet,0,0,1,0,0
TXN103946,196.06,21,0,962,3,148.59,5.54,0,other,debit_card,1,0,0,1,0
TXN103947,113.18,16,0,2057,4,16.11,9.79,0,restaurant,credit_card,1,0,0,1,0
TXN103948,31.48,0,0,3443,4,93.75,16.08,0,gas_station,digital_wallet,1,0,1,0,0
TXN103949,44.73,6,1,414,3,226.91,31.38,0,online_retail,credit_card,1,0,1,1,0
TXN103950,7.88,14,0,1317,2,409.62,116.95,0,online_retail,debit_card,0,0,0,1,0
TXN103951,366.37,11,0,1551,4,113.16,3.86,0,online_retail,credit_card,1,0,1,1,0
TXN103952,552.09,6,0,1369,3,254.45,31.12,0,restaurant,credit_card,1,0,0,0,1
TXN103953,25.55,8,0,3941,0,45.01,18.73,0,gas_station,credit_card,0,0,1,1,0
TXN103954,44.63,1,0,1988,2,39.94,16.72,0,online_retail,credit_card,0,0,1,1,1
TXN103955,243.15,5,1,3033,3,59.06,75.95,0,grocery,credit_card,1,0,0,0,0
TXN103956,361.94,18,0,2481,6,162.03,7.47,0,other,credit_card,1,0,1,1,0
TXN103957,97.46,0,0,754,6,268.99,4.75,0,electronics,credit_card,0,0,0,0,0
TXN103958,11.86,20,0,2664,6,77.7,40.32,0,other,debit_card,1,0,0,1,0
TXN103959,9.99,8,1,1275,2,285.67,1.43,0,electronics,credit_card,0,0,0,0,0
TXN103960,155.61,19,1,872,1,147.03,28.5,0,jewelry,credit_card,1,0,0,1,0
TXN103961,93.79,6,1,2868,4,116.58,16.94,0,online_retail,debit_card,1,0,0,0,0
TXN103962,9.96,19,1,1116,6,137.2,5.28,0,travel,credit_card,0,0,0,1,0
TXN103963,129.05,13,0,3185,4,12.34,4.39,0,other,credit_card,1,0,0,1,0
TXN103964,6.52,20,1,753,2,22.57,3.67,0,online_retail,debit_card,1,0,0,1,0
TXN103965,215.41,1,0,1240,2,164.99,23.35,1,gas_station,digital_wallet,1,0,0,1,0
TXN103966,53.15,19,1,3629,4,123.67,2.14,0,gas_station,credit_card,0,0,0,1,0
TXN103967,9.85,6,0,2435,7,100.52,25.29,0,grocery,debit_card,0,0,1,0,0
TXN103968,128.27,8,1,950,4,136.15,2.48,0,electronics,debit_card,1,0,0,1,0
TXN103969,71.59,1,0,2594,2,64.54,34.34,0,restaurant,digital_wallet,0,0,0,1,0
TXN103970,456.98,22,0,2073,4,63.5,60.22,0,other,digital_wallet,0,1,0,1,0
TXN103971,126.13,15,0,2502,1,287.4,17.1,0,grocery,digital_wallet,0,0,0,1,0
TXN103972,54.81,23,1,910,6,140.22,71.86,0,grocery,debit_card,1,1,0,0,0
TXN103973,233.5,13,1,3852,0,116.85,8.47,0,online_retail,credit_card,0,0,0,1,0
TXN103974,48.46,3,0,2774,2,318.45,6.37,0,online_retail,debit_card,1,1,0,0,0
TXN103975,369.8,8,0,1798,7,196.45,3.77,0,grocery,debit_card,0,1,1,0,0
TXN103976,78.31,10,0,743,2,129.78,9.1,0,other,credit_card,0,0,0,1,0
TXN103977,120.99,3,1,1710,2,268.82,3.25,0,grocery,credit_card,1,0,1,0,0
TXN103978,13.97,22,0,2375,6,209.87,51.16,1,grocery,debit_card,0,1,0,1,0
TXN103979,96.91,22,0,1315,5,29.76,40.11,0,online_retail,debit_card,0,0,0,1,1
TXN103980,283.83,13,0,2787,1,15.87,24.42,0,restaurant,debit_card,0,0,1,1,1
TXN103981,243.14,14,0,958,1,168.48,29.38,0,grocery,credit_card,1,0,1,0,0
TXN103982,41.29,16,1,3056,1,74.2,1.13,0,other,digital_wallet,0,0,1,0,0
TXN103983,36.86,16,0,2370,4,207.86,5.54,1,grocery,credit_card,0,1,1,0,0
TXN103984,236.02,1,1,714,4,218.22,16.55,0,grocery,credit_card,1,0,0,1,0
TXN103985,375.64,12,1,2308,5,204.92,9.61,0,other,digital_wallet,1,1,0,1,0
TXN103986,17.5,18,0,2327,1,125.28,17.03,1,electronics,digital_wallet,0,0,0,0,0
TXN103987,99.82,19,0,2113,5,79.66,2.34,0,gas_station,credit_card,0,1,0,1,0
TXN103988,77.06,14,1,1167,4,198.73,18.77,0,grocery,credit_card,1,0,1,0,0
TXN103989,279.64,21,0,2939,2,195.19,35.4,0,grocery,digital_wallet,2,0,0,0,0
TXN103990,18.71,14,1,583,5,187.81,17.53,1,electronics,digital_wallet,1,0,0,1,1
TXN103991,35.84,9,0,1516,2,173.38,9.24,0,online_retail,credit_card,0,0,0,0,0
TXN103992,206.73,10,1,1883,3,337.22,3.05,0,online_retail,credit_card,1,0,0,1,0
TXN103993,11.87,16,1,44,4,170.78,6.56,0,electronics,digital_wallet,1,0,0,1,0
TXN103994,114.75,21,0,1351,4,247.49,13.71,0,online_retail,digital_wallet,0,0,0,1,0
TXN103995,85.3,5,0,892,2,88.59,8.02,0,online_retail,credit_card,0,0,0,0,0
TXN103996,74.59,7,0,2323,6,192.45,36.94,0,other,credit_card,0,0,0,0,0
TXN103997,77.94,15,0,2046,1,49.24,2.64,0,other,digital_wallet,0,0,1,1,0
TXN103998,109.36,18,1,609,1,19.55,19.97,0,gas_station,credit_card,1,0,0,1,0
TXN103999,27.02,9,0,3219,0,137.59,14.57,0,gas_station,credit_card,1,0,0,1,0
TXN104000,136.37,15,0,1645,1,116.78,2.21,0,restaurant,credit_card,0,0,0,1,0
TXN104001,278.96,0,0,2229,2,251.83,104.44,0,jewelry,digital_wallet,0,0,1,1,0
TXN104002,226.48,7,0,2535,3,143.95,46.51,0,grocery,debit_card,0,1,1,1,0
TXN104003,39.34,22,1,2156,5,237.79,8.43,0,electronics,credit_card,1,0,0,1,0
TXN104004,34.72,13,0,3189,3,203.44,22.82,1,restaurant,debit_card,1,0,1,1,0
TXN104005,49.95,20,0,957,2,327.99,19.74,0,gas_station,digital_wallet,0,0,0,1,0
TXN104006,69.5,5,0,2484,3,381.99,16.97,0,travel,debit_card,1,0,0,0,0
TXN104007,88.61,6,0,969,1,74.44,9.75,1,restaurant,debit_card,0,0,1,1,0
TXN104008,158.95,23,1,2689,3,119.83,34.7,0,other,digital_wallet,0,0,0,1,0
TXN104009,15.82,23,0,2634,2,269.41,26.42,0,electronics,credit_card,0,0,0,1,0
TXN104010,10.75,21,0,887,1,41.9,21.36,0,online_retail,debit_card,1,0,0,1,0
TXN104011,82.1,7,0,1598,4,15.73,0.05,1,grocery,credit_card,0,0,0,0,0
TXN104012,200.01,19,0,1775,3,151.74,5.83,1,restaurant,debit_card,1,1,0,0,0
TXN104013,45.8,11,0,1289,3,37.85,17.31,0,travel,credit_card,1,0,1,1,0
TXN104014,162.17,20,0,819,2,141.82,37.55,1,grocery,debit_card,0,0,0,0,0
TXN104015,49.45,20,0,2989,3,118.11,17.06,0,online_retail,credit_card,0,1,1,1,1
TXN104016,396.51,10,0,2802,3,501.99,12.42,1,travel,credit_card,0,0,1,1,0
TXN104017,386.42,7,1,1632,1,214.62,0.87,0,electronics,debit_card,1,0,1,1,0
TXN104018,55.73,23,0,3213,6,50.42,20.63,0,jewelry,credit_card,1,1,0,0,0
TXN104019,44.23,10,0,2608,7,84.36,11.69,0,electronics,debit_card,0,0,0,1,0
TXN104020,86.48,10,1,566,2,177.17,11.87,0,restaurant,credit_card,1,0,1,0,0
TXN104021,48.32,15,0,3054,4,138.7,27.28,0,other,debit_card,0,1,0,0,0
TXN104022,146.49,22,0,2770,4,262.91,31.43,0,grocery,debit_card,0,1,1,0,0
TXN104023,222.18,3,0,1529,2,348.52,36.33,0,other,credit_card,1,1,1,0,0
TXN104024,155.26,23,0,637,5,106.85,18.12,1,restaurant,credit_card,0,0,0,1,0
TXN104025,236.82,10,0,1749,5,69.79,43.21,0,gas_station,credit_card,1,0,1,0,1
TXN104026,74.86,0,0,3675,1,45.0,23.4,0,travel,debit_card,0,0,1,1,0
TXN104027,32.91,7,0,3090,1,389.89,31.56,0,restaurant,credit_card,0,0,1,0,0
TXN104028,201.75,11,0,2134,1,83.11,27.46,0,restaurant,credit_card,1,0,0,1,0
TXN104029,73.77,16,0,607,1,202.28,40.9,0,other,debit_card,0,0,0,1,0
TXN104030,148.4,13,0,256,7,280.7,6.16,0,electronics,credit_card,0,0,1,1,0
TXN104031,49.52,3,1,1671,6,67.26,25.65,0,electronics,debit_card,0,1,0,1,0
TXN104032,19.0,11,1,2714,1,38.14,2.01,0,online_retail,digital_wallet,1,0,0,1,0
TXN104033,795.38,5,0,511,1,350.42,1.83,1,jewelry,debit_card,0,0,0,0,0
TXN104034,27.94,6,1,3302,2,93.59,14.7,1,electronics,debit_card,1,0,0,0,0
TXN104035,686.98,17,0,2757,1,66.76,8.34,0,travel,debit_card,0,0,0,1,0
TXN104036,745.6,19,0,2327,1,204.26,21.55,0,online_retail,debit_card,0,0,1,0,0
TXN104037,241.34,3,0,1474,2,238.09,23.86,0,other,debit_card,0,0,0,1,0
TXN104038,153.27,14,0,490,7,483.91,5.89,0,restaurant,debit_card,1,0,1,1,1
TXN104039,131.57,10,0,2018,4,99.95,30.79,0,online_retail,debit_card,1,0,0,0,0
TXN104040,310.01,8,0,688,4,461.99,93.77,0,grocery,credit_card,0,0,0,0,0
TXN104041,55.25,17,0,1412,4,163.47,27.48,0,gas_station,digital_wallet,1,0,0,1,0
TXN104042,99.21,5,1,578,4,170.67,6.29,1,electronics,debit_card,1,0,0,1,0
TXN104043,126.06,18,1,2024,10,128.26,23.44,0,travel,digital_wallet,2,1,0,1,1
TXN104044,75.24,9,1,42,4,58.27,0.21,0,online_retail,credit_card,1,1,0,1,0
TXN104045,87.09,2,1,47,3,121.24,14.9,0,online_retail,debit_card,1,0,0,1,0
TXN104046,63.86,19,1,1720,4,80.09,11.98,0,electronics,credit_card,0,0,0,1,0
TXN104047,121.09,20,0,1427,2,93.32,63.89,0,jewelry,debit_card,0,0,0,0,0
TXN104048,284.04,13,0,3147,3,131.68,22.28,0,jewelry,credit_card,0,0,1,1,0
TXN104049,39.04,17,0,1930,1,51.62,26.4,0,online_retail,digital_wallet,0,0,0,1,0
TXN104050,460.3,3,0,487,4,49.25,14.22,0,grocery,debit_card,0,0,0,0,0
TXN104051,178.11,8,1,2075,6,52.61,14.65,0,other,debit_card,0,1,1,1,1
TXN104052,277.97,8,0,1487,2,407.03,91.5,0,restaurant,credit_card,0,1,0,1,0
TXN104053,118.87,18,0,1042,7,11.03,0.32,0,travel,credit_card,0,1,0,1,0
TXN104054,248.26,8,1,1681,3,118.56,8.48,1,other,credit_card,1,0,0,1,0
TXN104055,7.79,17,0,3367,1,255.1,2.09,0,other,credit_card,1,0,0,1,0
TXN104056,289.44,7,0,1423,4,112.76,6.64,0,online_retail,credit_card,0,0,0,1,0
TXN104057,12.14,14,1,1963,1,96.26,9.83,0,gas_station,credit_card,1,0,0,0,0
TXN104058,360.56,5,0,1557,1,65.24,7.14,0,electronics,digital_wallet,1,0,0,1,0
TXN104059,720.0,13,0,2262,1,123.7,68.21,0,electronics,debit_card,0,0,0,0,0
TXN104060,58.95,1,1,102,5,163.52,28.51,0,online_retail,digital_wallet,0,0,0,0,0
TXN104061,45.92,17,0,1832,6,130.2,19.66,0,other,credit_card,0,0,0,1,0
TXN104062,205.72,0,0,183,0,149.65,24.53,0,online_retail,debit_card,1,0,1,1,0
TXN104063,45.22,23,1,854,5,249.52,33.5,0,online_retail,debit_card,0,1,0,1,0
TXN104064,312.74,20,1,1050,4,272.93,26.2,0,electronics,credit_card,0,0,0,1,0
TXN104065,22.37,13,0,1584,4,213.89,0.33,0,restaurant,debit_card,0,0,1,0,0
TXN104066,22.82,21,0,2540,1,368.77,6.96,0,grocery,credit_card,1,0,0,1,0
TXN104067,580.34,19,0,824,5,162.67,61.73,0,electronics,credit_card,0,0,0,0,0
TXN104068,171.11,3,0,3318,0,137.51,23.32,0,online_retail,digital_wallet,1,0,0,1,1
TXN104069,219.61,17,0,358,5,74.51,1.18,0,grocery,debit_card,0,0,0,0,0
TXN104070,62.15,9,0,1437,1,133.92,10.1,0,grocery,debit_card,0,1,0,0,0
TXN104071,171.02,20,0,1467,5,75.95,80.06,0,jewelry,credit_card,1,0,0,1,0
TXN104072,137.63,20,1,2300,3,219.29,110.58,0,electronics,credit_card,0,0,0,1,0
TXN104073,170.23,22,1,157,7,187.83,11.13,0,other,debit_card,0,0,1,1,0
TXN104074,153.07,10,1,3401,4,53.82,36.72,0,electronics,credit_card,0,0,1,1,0
TXN104075,120.9,4,0,272,1,222.31,17.61,0,restaurant,digital_wallet,0,0,0,0,0
TXN104076,65.1,3,1,1705,4,86.9,12.5,1,grocery,debit_card,0,0,1,1,0
TXN104077,50.43,3,0,1169,2,240.89,11.84,0,jewelry,credit_card,1,0,1,0,0
TXN104078,214.12,23,0,2825,6,43.52,54.05,0,electronics,credit_card,1,0,0,0,0
TXN104079,40.9,14,0,3310,3,152.95,23.29,0,travel,credit_card,0,0,0,1,0
TXN104080,207.67,8,1,1295,0,58.04,8.09,0,online_retail,credit_card,1,0,1,1,0
TXN104081,49.74,10,0,1400,1,198.6,16.57,0,grocery,credit_card,1,0,0,1,0
TXN104082,153.69,4,0,1916,3,212.8,9.77,0,other,credit_card,1,0,0,1,0
TXN104083,202.01,13,0,2669,1,139.61,16.54,1,online_retail,debit_card,0,0,0,1,1
TXN104084,47.53,10,0,2136,4,160.48,6.21,0,other,digital_wallet,0,0,1,1,0
TXN104085,14.24,19,1,1748,4,111.91,13.91,0,travel,credit_card,0,0,0,1,0
TXN104086,23.62,0,0,1833,1,105.75,1.37,0,online_retail,credit_card,0,0,0,1,0
TXN104087,117.78,22,0,2840,1,348.13,38.25,0,other,digital_wallet,1,0,0,1,0
TXN104088,274.11,1,1,3321,5,175.14,10.97,0,online_retail,credit_card,0,0,1,1,0
TXN104089,13.04,10,0,3087,2,153.0,26.81,0,electronics,credit_card,1,0,0,0,0
TXN104090,267.72,8,0,1489,3,80.95,40.02,1,restaurant,credit_card,0,0,0,0,1
TXN104091,68.13,17,0,1359,3,339.76,17.73,0,restaurant,credit_card,1,0,1,1,0
TXN104092,93.66,15,1,2574,4,148.95,5.85,0,restaurant,debit_card,2,0,0,0,0
TXN104093,348.25,4,0,732,4,222.33,16.78,0,restaurant,credit_card,0,0,0,1,0
TXN104094,70.0,11,0,2539,1,18.24,70.58,0,travel,credit_card,1,0,1,0,0
TXN104095,80.04,12,0,105,2,86.03,4.07,0,jewelry,credit_card,1,0,0,0,0
TXN104096,7.55,11,0,2920,3,498.94,7.23,0,travel,debit_card,0,0,0,0,0
TXN104097,19.6,0,1,1980,2,81.09,92.18,0,restaurant,debit_card,1,0,0,0,0
TXN104098,52.56,4,0,3529,6,9.42,59.35,0,electronics,credit_card,1,0,0,1,0
TXN104099,9.0,12,0,1756,3,123.58,14.68,0,restaurant,credit_card,1,0,1,1,0
TXN104100,165.55,6,0,2767,2,245.58,22.29,0,online_retail,digital_wallet,0,0,1,1,0
TXN104101,90.2,13,0,1385,4,92.26,10.77,0,gas_station,credit_card,0,0,1,0,0
TXN104102,113.09,3,0,2977,2,270.7,10.71,0,other,credit_card,0,0,0,0,0
TXN104103,42.19,17,0,97,2,498.55,10.92,0,online_retail,digital_wallet,0,1,0,1,0
TXN104104,55.25,4,0,805,3,307.94,11.68,0,restaurant,debit_card,0,0,0,0,0
TXN104105,184.96,15,0,2030,5,204.4,20.64,0,travel,credit_card,1,0,0,0,0
TXN104106,380.9,20,0,1450,2,129.18,9.25,0,restaurant,debit_card,0,0,0,0,0
TXN104107,14.87,8,0,3698,5,167.6,4.93,0,grocery,credit_card,0,0,0,1,0
TXN104108,401.5,3,1,3944,7,128.5,24.86,0,other,debit_card,0,0,1,1,0
TXN104109,134.5,0,0,1132,3,101.44,0.95,0,travel,debit_card,1,0,0,1,0
TXN104110,138.47,8,0,1103,4,190.39,31.08,0,restaurant,debit_card,0,0,0,1,0
TXN104111,116.62,2,1,3581,11,144.16,8.98,0,grocery,credit_card,1,0,0,0,0
TXN104112,14.62,21,0,880,3,71.84,4.17,0,other,digital_wallet,0,0,0,1,0
TXN104113,20.43,23,1,2107,3,30.61,7.07,1,restaurant,credit_card,1,0,0,1,0
TXN104114,129.59,23,0,1654,3,57.8,2.2,0,electronics,debit_card,0,0,1,0,0
TXN104115,62.79,22,1,4065,2,138.2,8.71,0,grocery,credit_card,0,0,0,1,0
TXN104116,433.67,14,0,2147,3,97.52,1.82,0,online_retail,digital_wallet,0,0,0,1,1
TXN104117,93.61,7,0,863,3,91.05,8.9,0,restaurant,debit_card,0,0,1,1,0
TXN104118,25.91,10,1,3251,3,107.86,4.67,0,electronics,credit_card,0,0,1,1,0
TXN104119,176.86,6,0,1760,2,88.62,2.0,0,jewelry,debit_card,0,0,0,0,0
TXN104120,52.82,20,0,1643,0,106.22,20.46,0,grocery,credit_card,1,0,0,0,0
TXN104121,127.54,10,1,886,3,87.14,29.09,0,online_retail,credit_card,0,0,0,1,0
TXN104122,163.65,9,0,529,1,176.4,0.1,0,restaurant,credit_card,2,0,1,1,0
TXN104123,366.12,16,1,846,4,42.94,10.52,0,gas_station,credit_card,0,0,0,0,0
TXN104124,263.24,8,0,620,4,297.82,1.51,0,gas_station,credit_card,0,1,0,1,0
TXN104125,172.38,8,0,3278,5,172.2,31.15,0,online_retail,credit_card,0,0,1,1,0
TXN104126,198.39,5,0,1110,2,156.22,18.45,0,online_retail,debit_card,0,0,0,1,0
TXN104127,426.74,1,1,1908,3,103.7,1.0,1,online_retail,credit_card,0,0,1,0,1
TXN104128,56.15,0,1,1058,3,35.77,69.37,0,online_retail,credit_card,0,0,0,1,0
TXN104129,5.0,9,0,725,2,270.12,63.8,0,travel,debit_card,1,0,0,1,1
TXN104130,59.44,23,0,2432,4,148.44,6.08,0,grocery,credit_card,1,0,0,1,0
TXN104131,38.18,6,0,790,0,342.48,3.5,0,gas_station,debit_card,1,0,0,0,0
TXN104132,174.82,15,0,2843,0,110.34,1.92,0,electronics,digital_wallet,0,0,0,0,0
TXN104133,154.32,7,0,1411,1,22.51,37.26,0,gas_station,credit_card,1,0,0,1,0
TXN104134,123.39,7,1,3434,3,159.83,13.65,0,online_retail,debit_card,1,1,0,1,0
TXN104135,6.93,3,0,689,3,150.04,0.19,0,travel,digital_wallet,1,0,1,0,0
TXN104136,236.95,13,0,3000,3,215.63,81.95,0,jewelry,debit_card,2,0,0,0,0
TXN104137,65.19,15,0,651,3,184.02,20.51,0,online_retail,credit_card,2,0,1,1,0
TXN104138,149.79,8,1,302,4,225.7,22.61,0,online_retail,debit_card,0,0,0,1,0
TXN104139,131.73,12,0,2014,7,259.92,38.66,0,electronics,credit_card,1,0,0,1,0
TXN104140,66.77,11,1,3162,7,71.99,35.45,1,other,digital_wallet,0,0,0,1,0
TXN104141,40.38,6,0,1487,2,45.02,1.59,0,gas_station,credit_card,0,0,0,0,0
TXN104142,20.57,16,0,966,2,222.32,17.84,0,grocery,debit_card,1,0,1,1,0
TXN104143,259.99,13,1,1371,3,211.6,22.04,0,gas_station,debit_card,0,0,0,1,0
TXN104144,451.64,1,0,1401,5,90.09,1.86,0,grocery,debit_card,0,0,0,1,0
TXN104145,130.19,11,0,2346,5,113.22,4.59,0,electronics,credit_card,1,0,0,0,0
TXN104146,21.62,9,0,2158,2,354.0,7.17,0,restaurant,credit_card,0,0,1,0,0
TXN104147,104.34,19,1,1944,0,114.81,53.43,0,jewelry,credit_card,1,0,0,0,0
TXN104148,198.03,7,0,3296,2,36.74,34.35,1,online_retail,debit_card,0,0,0,1,1
TXN104149,188.43,22,0,3051,2,46.18,31.26,0,online_retail,debit_card,0,0,0,0,0
TXN104150,22.76,14,0,764,3,133.9,80.81,0,grocery,credit_card,0,0,0,1,0
TXN104151,5.95,3,0,1314,4,244.94,4.88,0,other,debit_card,1,0,0,1,0
TXN104152,200.64,9,0,1582,4,232.08,10.47,0,travel,digital_wallet,0,0,0,1,0
TXN104153,64.34,21,0,1409,9,179.88,14.04,0,grocery,credit_card,1,0,0,1,0
TXN104154,45.18,6,0,1927,3,27.79,28.15,0,online_retail,credit_card,0,0,1,1,0
TXN104155,6.5,16,1,2441,1,30.35,38.14,0,electronics,credit_card,0,1,1,1,0
TXN104156,126.97,18,1,10,1,220.64,12.28,0,online_retail,debit_card,0,0,0,0,0
TXN104157,341.36,16,1,630,1,125.05,9.98,0,grocery,debit_card,0,0,0,1,0
TXN104158,543.71,2,0,21,7,18.41,21.64,1,grocery,digital_wallet,2,0,0,1,1
TXN104159,137.44,8,0,2199,1,102.04,24.02,0,grocery,credit_card,0,0,0,0,0
TXN104160,96.63,8,0,2049,5,82.91,3.68,0,online_retail,credit_card,1,0,0,0,0
TXN104161,15.63,8,0,1426,2,198.15,65.68,0,online_retail,credit_card,0,0,0,0,0
TXN104162,132.62,21,0,1827,8,28.1,1.82,0,electronics,credit_card,2,0,0,1,0
TXN104163,65.26,0,1,3343,1,90.53,0.36,0,restaurant,credit_card,0,0,0,0,0
TXN104164,141.26,12,0,1099,3,91.19,6.93,0,online_retail,credit_card,0,1,0,1,0
TXN104165,81.76,23,1,2270,9,173.37,25.69,0,travel,digital_wallet,0,0,0,1,0
TXN104166,40.32,21,0,3621,2,18.2,67.89,0,gas_station,debit_card,1,0,1,0,0
TXN104167,17.66,14,0,2522,3,63.88,59.18,0,grocery,credit_card,1,0,1,0,1
TXN104168,61.04,23,0,86,2,169.64,23.95,0,electronics,debit_card,2,0,0,0,0
TXN104169,21.51,9,0,800,3,123.96,13.85,1,restaurant,debit_card,0,0,0,0,0
TXN104170,38.85,14,0,1723,5,254.38,15.6,0,grocery,digital_wallet,0,1,0,0,0
TXN104171,710.25,13,0,1054,4,37.64,72.22,0,online_retail,credit_card,0,0,1,0,0
TXN104172,93.91,1,0,269,2,153.73,6.92,0,other,credit_card,0,0,0,1,0
TXN104173,108.67,0,0,2483,7,126.04,11.62,0,jewelry,credit_card,1,0,0,1,0
TXN104174,277.25,21,0,2879,1,184.95,28.92,0,other,debit_card,2,0,0,0,0
TXN104175,769.24,4,0,1299,3,201.0,0.16,0,electronics,credit_card,0,0,0,0,0
TXN104176,142.96,8,0,1267,1,190.58,8.26,0,restaurant,credit_card,0,0,0,1,0
TXN104177,266.64,14,0,1205,5,57.89,12.35,0,jewelry,credit_card,1,0,1,0,0
TXN104178,50.05,13,0,982,2,177.43,40.5,0,electronics,debit_card,0,0,0,1,0
TXN104179,54.37,12,0,3086,1,104.09,93.91,0,travel,debit_card,2,0,0,0,0
TXN104180,95.1,23,1,2950,4,146.94,18.87,0,grocery,debit_card,0,0,1,0,0
TXN104181,174.09,18,0,1524,7,140.55,56.27,0,restaurant,credit_card,2,0,0,0,0
TXN104182,149.28,22,0,2885,2,158.41,1.88,0,online_retail,debit_card,0,0,1,1,0
TXN104183,81.99,15,0,3388,0,39.28,18.28,0,jewelry,debit_card,0,0,0,1,0
TXN104184,26.35,23,1,2406,2,178.48,8.22,0,travel,debit_card,0,0,0,0,0
TXN104185,162.43,14,1,2127,2,231.33,29.4,0,online_retail,digital_wallet,0,0,0,0,0
TXN104186,26.86,13,0,769,5,406.53,47.42,0,jewelry,credit_card,0,0,1,0,0
TXN104187,128.78,19,1,2343,1,124.31,1.02,0,gas_station,digital_wallet,0,0,1,0,0
TXN104188,167.1,20,0,1645,3,60.81,68.16,0,restaurant,debit_card,0,0,0,0,0
TXN104189,239.8,1,1,1871,2,28.34,1.19,0,grocery,debit_card,0,0,0,1,0
TXN104190,242.55,21,1,1578,5,209.82,26.1,0,online_retail,debit_card,0,0,0,0,0
TXN104191,346.96,16,0,2236,3,138.25,1.35,0,other,credit_card,1,1,0,0,0
TXN104192,116.76,21,0,2812,4,55.04,52.1,0,gas_station,debit_card,0,0,0,1,0
TXN104193,178.68,17,1,2728,0,135.02,4.7,0,gas_station,credit_card,0,0,0,0,0
TXN104194,174.63,22,1,1537,6,171.59,8.24,0,grocery,credit_card,0,0,1,1,1
TXN104195,32.53,6,0,1775,1,159.88,64.03,0,other,credit_card,0,0,0,1,0
TXN104196,9.21,4,1,1669,3,593.96,43.79,0,grocery,debit_card,0,0,0,0,0
TXN104197,45.36,4,1,2960,6,189.87,29.46,0,jewelry,credit_card,0,1,0,1,1
TXN104198,72.63,6,1,3662,4,122.23,24.52,1,electronics,digital_wallet,1,0,0,1,0
TXN104199,154.8,5,1,1492,8,45.03,19.69,0,electronics,credit_card,0,1,0,1,1
TXN104200,262.74,10,0,669,4,448.6,86.16,0,electronics,credit_card,2,0,0,1,0
TXN104201,29.75,4,1,242,2,58.34,41.51,1,grocery,credit_card,1,1,0,0,1
TXN104202,26.8,3,0,630,7,101.7,8.67,0,electronics,digital_wallet,0,1,1,1,1
TXN104203,646.76,12,0,885,3,111.97,31.09,0,restaurant,debit_card,0,1,1,0,1
TXN104204,26.17,19,0,2870,1,485.46,134.86,0,other,credit_card,1,1,0,1,0
TXN104205,99.53,3,1,2901,4,68.85,34.49,0,travel,digital_wallet,0,0,1,0,0
TXN104206,137.28,12,0,2242,3,72.25,0.03,0,grocery,credit_card,1,1,0,1,0
TXN104207,135.64,15,1,1322,2,76.35,28.98,0,grocery,credit_card,0,1,0,0,0
TXN104208,21.16,16,0,2195,6,33.39,57.82,0,electronics,debit_card,2,1,0,1,0
TXN104209,13.25,2,0,1117,1,293.73,6.56,0,grocery,credit_card,1,0,0,0,0
TXN104210,21.81,17,1,542,3,47.53,81.53,0,travel,debit_card,1,0,0,0,0
TXN104211,142.17,0,1,475,5,99.22,8.73,1,travel,debit_card,0,1,0,1,0
TXN104212,131.35,5,1,32,4,55.22,11.44,0,other,debit_card,1,0,1,1,0
TXN104213,44.23,7,1,2820,5,123.66,4.58,0,electronics,debit_card,2,0,0,0,0
TXN104214,155.07,20,0,1362,3,45.36,1.57,0,electronics,debit_card,1,0,0,0,1
TXN104215,309.51,4,0,1583,2,174.38,12.02,0,gas_station,credit_card,0,0,1,1,0
TXN104216,13.15,18,0,3254,1,146.13,21.94,0,restaurant,credit_card,0,0,0,0,0
TXN104217,114.8,23,0,1665,4,47.56,9.12,0,online_retail,credit_card,0,0,1,0,0
TXN104218,221.66,23,1,780,1,289.39,23.04,0,other,debit_card,0,0,0,1,0
TXN104219,46.42,7,0,2892,5,376.57,8.68,0,travel,credit_card,0,0,0,1,0
TXN104220,73.12,2,1,3218,3,166.61,40.91,1,grocery,debit_card,0,0,0,1,0
TXN104221,157.58,5,0,1098,6,131.76,69.62,0,restaurant,credit_card,0,1,0,1,0
TXN104222,514.28,18,1,2463,5,25.48,18.7,0,restaurant,credit_card,0,0,0,1,1
TXN104223,220.18,4,0,1208,3,119.19,26.77,0,online_retail,credit_card,0,1,1,0,0
TXN104224,125.43,15,0,1750,1,148.74,63.91,0,online_retail,credit_card,1,0,0,1,0
TXN104225,211.91,8,0,852,3,70.7,25.99,0,jewelry,digital_wallet,0,0,0,1,0
TXN104226,76.65,18,0,2811,0,18.42,3.35,0,restaurant,debit_card,3,0,0,1,0
TXN104227,200.48,14,0,1453,2,5.04,3.57,0,grocery,debit_card,0,0,0,1,0
TXN104228,91.51,14,0,530,5,21.96,54.44,0,restaurant,debit_card,2,1,0,1,0
TXN104229,40.8,18,1,1768,4,177.19,7.37,0,grocery,digital_wallet,1,0,1,1,0
TXN104230,214.38,22,1,824,4,62.35,6.69,0,grocery,credit_card,1,1,0,0,1
TXN104231,138.15,8,0,3596,4,342.87,3.49,0,grocery,debit_card,0,0,0,1,0
TXN104232,63.82,12,1,223,1,71.88,10.99,0,other,digital_wallet,0,0,0,1,0
TXN104233,436.25,15,1,2692,3,58.48,24.56,0,online_retail,debit_card,1,0,0,1,0
TXN104234,9.47,19,0,173,1,116.2,16.78,0,grocery,credit_card,1,0,0,1,0
TXN104235,66.54,11,0,1401,2,37.7,7.53,0,other,credit_card,0,0,0,0,0
TXN104236,14.12,8,0,2838,3,51.82,1.74,0,jewelry,debit_card,0,0,0,1,0
TXN104237,229.34,20,0,1934,4,74.66,8.33,0,other,digital_wallet,0,0,1,0,0
TXN104238,184.89,22,1,3847,2,177.71,12.44,1,grocery,debit_card,0,0,1,1,0
TXN104239,70.59,13,0,3234,4,180.65,17.35,0,grocery,credit_card,1,0,0,1,0
TXN104240,174.55,2,1,2827,3,128.28,5.46,0,grocery,digital_wallet,0,0,1,0,0
TXN104241,72.81,6,0,1772,7,66.04,4.61,0,other,debit_card,0,0,0,1,0
TXN104242,191.11,11,1,2992,0,93.03,32.95,1,online_retail,credit_card,0,0,0,1,0
TXN104243,87.55,16,0,1631,4,237.54,44.82,0,grocery,credit_card,1,1,1,1,0
TXN104244,87.02,16,0,1071,2,699.75,5.9,0,other,debit_card,0,0,1,0,0
TXN104245,413.04,19,1,84,1,449.56,15.75,0,restaurant,debit_card,0,0,0,0,0
TXN104246,49.6,0,1,842,4,129.34,11.66,0,gas_station,credit_card,0,0,0,1,0
TXN104247,25.75,11,0,2475,4,258.23,3.15,0,online_retail,debit_card,0,0,0,0,0
TXN104248,126.84,16,0,1225,9,185.25,47.81,0,online_retail,credit_card,1,0,1,1,0
TXN104249,629.09,23,0,511,5,166.66,0.23,0,restaurant,digital_wallet,1,0,0,0,0
TXN104250,73.77,3,1,3077,1,119.57,3.95,0,travel,digital_wallet,1,0,1,1,0
TXN104251,13.87,21,0,3165,2,224.02,9.35,0,grocery,credit_card,0,0,0,0,0
TXN104252,71.17,0,1,3238,6,98.8,38.71,0,travel,digital_wallet,1,0,0,0,0
TXN104253,88.85,4,0,3719,5,124.97,34.55,0,other,credit_card,0,0,0,0,0
TXN104254,28.65,20,1,2397,5,378.38,16.1,0,grocery,credit_card,0,0,1,1,1
TXN104255,186.73,18,1,2702,2,287.16,20.6,0,online_retail,debit_card,0,0,0,1,0
TXN104256,746.44,23,1,475,5,173.23,9.01,0,travel,credit_card,0,0,0,0,0
TXN104257,108.81,14,1,1033,1,152.05,51.65,0,grocery,debit_card,1,0,0,1,0
TXN104258,84.77,14,0,3131,0,342.06,0.7,0,restaurant,credit_card,1,0,0,0,0
TXN104259,78.25,12,0,179,2,208.05,2.16,0,online_retail,credit_card,1,0,1,1,1
TXN104260,24.18,12,0,1536,0,123.81,40.57,0,electronics,credit_card,0,0,1,1,0
TXN104261,374.22,12,0,309,3,92.52,52.23,0,online_retail,debit_card,1,0,0,1,0
TXN104262,80.73,7,0,2630,2,300.79,11.27,0,restaurant,credit_card,1,0,0,1,0
TXN104263,87.09,20,0,1194,3,75.39,20.84,0,restaurant,credit_card,0,0,1,1,0
TXN104264,153.78,8,0,3376,5,116.72,53.53,0,online_retail,credit_card,2,0,0,1,1
TXN104265,87.37,14,0,1348,5,97.76,37.99,1,restaurant,digital_wallet,1,0,0,1,0
TXN104266,146.93,16,0,2158,4,144.49,41.72,0,gas_station,credit_card,0,0,0,0,0
TXN104267,15.12,12,0,3084,5,163.8,9.15,0,electronics,debit_card,0,0,0,1,0
TXN104268,295.4,14,1,3111,5,137.41,41.45,0,grocery,credit_card,0,0,0,0,0
TXN104269,418.92,1,0,3702,2,31.76,1.58,0,grocery,debit_card,1,0,0,0,0
TXN104270,139.04,7,0,1683,1,75.15,15.14,0,online_retail,debit_card,0,1,0,0,1
TXN104271,411.61,10,0,2603,0,64.95,5.24,0,other,debit_card,0,1,0,0,0
TXN104272,31.07,9,1,839,4,123.45,0.65,0,restaurant,credit_card,1,0,0,1,0
TXN104273,127.7,21,1,973,5,67.88,21.65,0,other,credit_card,2,0,0,1,0
TXN104274,150.04,21,0,2518,8,216.39,2.09,0,online_retail,digital_wallet,1,0,0,0,0
TXN104275,129.59,17,1,2018,4,113.61,3.12,0,grocery,credit_card,2,0,1,1,0
TXN104276,89.89,8,0,1342,6,269.41,2.27,0,restaurant,debit_card,0,0,1,1,0
TXN104277,64.99,1,0,2146,2,45.44,76.0,0,online_retail,credit_card,1,0,1,1,0
TXN104278,24.22,18,0,2076,0,65.07,0.67,0,grocery,credit_card,0,0,0,0,0
TXN104279,70.92,21,0,1814,9,76.88,5.37,0,travel,credit_card,0,0,1,0,0
TXN104280,37.45,11,0,2875,2,51.43,27.06,0,other,debit_card,0,1,1,0,0
TXN104281,150.31,19,0,2237,5,54.04,24.8,0,restaurant,credit_card,1,1,1,1,1
TXN104282,44.17,22,0,3527,5,310.09,24.57,0,travel,debit_card,0,0,0,0,0
TXN104283,13.29,13,0,1567,1,134.61,65.1,0,electronics,debit_card,0,0,0,0,0
TXN104284,119.54,5,1,1851,2,137.8,11.65,0,electronics,debit_card,0,0,0,0,0
TXN104285,172.34,0,1,276,4,253.91,12.61,1,gas_station,credit_card,0,0,0,0,0
TXN104286,287.53,18,0,2671,3,382.55,39.22,0,restaurant,credit_card,1,0,0,0,0
TXN104287,123.54,13,0,1058,3,498.79,35.18,0,gas_station,debit_card,1,0,1,0,0
TXN104288,67.52,3,0,307,3,88.62,4.54,0,other,debit_card,0,0,1,1,0
TXN104289,261.35,1,0,3282,0,64.04,12.97,0,restaurant,credit_card,1,0,0,1,1
TXN104290,115.29,23,0,1816,3,154.53,65.79,0,other,credit_card,0,0,0,1,0
TXN104291,14.4,7,0,3407,4,57.0,33.2,0,electronics,digital_wallet,0,0,0,1,0
TXN104292,117.31,7,0,356,2,83.6,4.01,0,electronics,credit_card,0,0,0,0,0
TXN104293,423.25,15,1,3003,2,168.79,3.58,1,grocery,debit_card,0,0,0,1,0
TXN104294,81.43,8,0,2579,2,256.7,28.15,0,electronics,digital_wallet,1,0,0,0,0
TXN104295,60.93,21,1,1105,4,18.99,4.27,0,gas_station,credit_card,2,0,0,0,0
TXN104296,27.36,16,1,2743,3,42.78,13.08,0,restaurant,credit_card,1,0,0,1,0
TXN104297,27.38,8,1,724,1,176.21,3.4,0,grocery,credit_card,0,0,0,0,0
TXN104298,110.13,6,0,3005,2,177.27,0.29,1,grocery,digital_wallet,0,0,0,1,0
TXN104299,137.69,20,0,2382,5,324.03,53.65,0,restaurant,credit_card,1,0,1,0,0
TXN104300,16.7,14,0,259,1,190.12,23.38,0,restaurant,debit_card,1,0,0,1,0
TXN104301,485.82,22,0,3252,0,126.68,18.01,0,gas_station,debit_card,0,0,1,0,1
TXN104302,198.12,8,0,3697,7,94.66,3.08,0,online_retail,debit_card,1,0,0,0,0
TXN104303,128.04,0,1,2010,4,82.52,34.05,0,grocery,credit_card,1,0,1,1,0
TXN104304,269.75,21,1,476,2,74.87,11.22,0,electronics,digital_wallet,1,0,0,0,1
TXN104305,17.54,5,0,525,5,61.07,28.85,0,online_retail,credit_card,1,0,0,1,1
TXN104306,105.41,20,1,988,4,118.53,8.29,0,grocery,debit_card,0,0,0,0,0
TXN104307,198.17,17,0,810,1,184.48,9.99,0,gas_station,debit_card,1,1,1,1,0
TXN104308,280.71,5,1,822,0,111.57,13.32,1,online_retail,digital_wallet,0,0,0,0,1
TXN104309,176.28,18,0,364,3,263.43,25.89,0,restaurant,credit_card,0,1,0,0,1
TXN104310,55.81,1,1,1974,6,114.56,50.13,0,online_retail,debit_card,0,0,1,0,0
TXN104311,431.19,9,1,1520,3,91.23,10.94,0,grocery,debit_card,0,0,0,0,0
TXN104312,25.05,8,0,451,4,216.58,5.63,0,restaurant,debit_card,0,0,0,0,0
TXN104313,326.58,15,1,576,4,74.88,2.77,0,restaurant,credit_card,0,0,0,1,0
TXN104314,533.92,12,0,1450,5,102.75,6.76,0,restaurant,debit_card,1,0,0,1,0
TXN104315,34.03,14,0,1296,2,78.18,32.52,0,travel,credit_card,0,0,0,1,0
TXN104316,212.1,11,1,3551,3,89.12,6.04,0,restaurant,debit_card,1,1,0,0,0
TXN104317,10.47,17,1,2974,1,67.25,0.93,0,jewelry,digital_wallet,0,0,0,1,0
TXN104318,74.07,3,0,195,2,230.39,12.73,0,travel,debit_card,0,1,1,1,0
TXN104319,163.78,17,0,1038,1,370.0,0.67,0,grocery,debit_card,0,0,0,0,0
TXN104320,124.22,1,0,1118,4,202.49,57.15,0,electronics,credit_card,1,0,0,0,0
TXN104321,422.22,2,0,201,3,158.29,19.44,0,restaurant,credit_card,0,0,1,1,0
TXN104322,144.02,17,1,1246,0,167.33,6.98,0,restaurant,credit_card,0,1,1,1,0
TXN104323,104.92,3,1,1956,3,237.67,6.79,0,other,credit_card,0,1,0,1,0
TXN104324,226.96,18,1,1233,3,99.92,23.27,0,gas_station,credit_card,1,0,0,1,0
TXN104325,432.39,3,1,777,3,58.02,35.07,0,other,credit_card,0,0,0,0,0
TXN104326,9.47,3,0,507,6,168.96,51.84,0,electronics,debit_card,2,0,1,1,0
TXN104327,647.69,22,0,3266,1,154.02,1.69,0,grocery,credit_card,0,0,1,0,0
TXN104328,19.82,4,0,1687,2,48.07,1.4,0,restaurant,credit_card,2,0,0,0,0
TXN104329,208.28,21,1,144,5,194.18,19.18,0,grocery,debit_card,0,0,0,1,0
TXN104330,67.75,8,1,1448,3,72.25,17.03,1,electronics,debit_card,0,0,0,1,1
TXN104331,22.77,19,0,563,2,211.98,8.85,0,gas_station,credit_card,0,0,1,1,0
TXN104332,110.44,22,1,1902,9,51.12,69.48,1,restaurant,debit_card,0,0,0,1,0
TXN104333,180.76,2,1,2115,0,105.44,18.43,1,gas_station,digital_wallet,0,1,0,1,0
TXN104334,82.46,7,0,2400,3,226.57,19.78,0,other,credit_card,0,0,0,0,0
TXN104335,12.11,13,0,787,1,90.17,4.59,0,restaurant,debit_card,1,0,0,0,0
TXN104336,144.85,20,0,888,1,43.46,9.75,0,other,debit_card,1,0,0,1,0
TXN104337,334.59,4,0,3082,3,15.0,18.4,0,online_retail,credit_card,1,0,0,0,0
TXN104338,77.76,4,0,577,2,62.23,28.46,0,grocery,debit_card,0,0,1,1,0
TXN104339,40.34,8,1,3144,2,88.77,82.38,0,restaurant,debit_card,0,0,1,1,1
TXN104340,72.55,4,1,2442,6,335.5,25.74,0,online_retail,debit_card,1,0,0,0,0
TXN104341,14.23,6,0,2975,2,39.46,8.7,0,online_retail,credit_card,0,0,1,0,1
TXN104342,260.09,3,1,1783,1,318.1,22.99,0,jewelry,debit_card,0,0,0,1,0
TXN104343,252.48,19,0,144,6,265.38,1.71,0,online_retail,credit_card,1,0,1,1,0
TXN104344,129.04,19,0,3704,0,147.12,18.1,0,grocery,debit_card,0,0,1,1,0
TXN104345,73.43,3,0,311,4,241.54,51.92,0,grocery,digital_wallet,0,1,1,0,0
TXN104346,221.21,12,0,1320,2,134.37,15.18,0,travel,debit_card,0,0,0,1,0
TXN104347,96.39,15,0,3598,1,339.01,0.12,0,electronics,credit_card,0,0,0,1,0
TXN104348,280.63,15,0,2530,3,152.02,20.78,0,electronics,credit_card,1,0,0,0,0
TXN104349,164.68,23,1,2000,6,173.96,24.64,0,online_retail,digital_wallet,0,1,0,0,0
TXN104350,229.58,15,1,2214,4,55.72,16.55,0,restaurant,debit_card,0,0,0,0,0
TXN104351,123.65,16,0,1777,2,174.46,37.98,0,other,debit_card,1,0,0,0,0
TXN104352,86.11,0,0,2849,5,152.82,7.05,0,travel,digital_wallet,1,0,0,1,0
TXN104353,402.91,1,1,3244,1,330.77,9.21,0,electronics,debit_card,0,0,0,1,0
TXN104354,107.71,14,1,421,2,77.91,31.15,0,online_retail,digital_wallet,1,0,1,1,1
TXN104355,131.92,21,0,1640,4,292.82,16.29,0,grocery,debit_card,0,0,0,0,0
TXN104356,46.87,9,0,1209,0,140.97,125.79,0,other,credit_card,2,0,0,0,0
TXN104357,145.89,15,0,2440,2,43.13,1.77,0,online_retail,credit_card,0,0,0,0,0
TXN104358,125.24,5,1,2723,4,158.64,5.17,0,gas_station,credit_card,2,0,0,1,1
TXN104359,45.09,10,0,443,2,111.14,6.44,0,online_retail,credit_card,1,0,0,1,0
TXN104360,14.83,18,0,1848,8,260.08,65.94,0,grocery,debit_card,0,0,0,0,0
TXN104361,150.07,15,0,1246,6,239.53,48.98,0,restaurant,credit_card,0,0,0,1,0
TXN104362,211.78,2,0,84,1,140.91,3.72,0,electronics,digital_wallet,0,0,0,1,0
TXN104363,108.14,21,0,57,2,166.87,6.83,0,online_retail,credit_card,1,0,0,1,1
TXN104364,33.52,22,0,1091,2,99.65,1.2,0,restaurant,credit_card,1,0,0,1,0
TXN104365,190.65,11,0,1479,1,119.41,12.26,0,gas_station,digital_wallet,1,0,0,1,0
TXN104366,18.49,8,0,2662,1,181.1,9.34,0,electronics,credit_card,0,0,0,0,0
TXN104367,90.49,12,0,2066,5,189.93,4.89,0,online_retail,credit_card,1,1,0,1,0
TXN104368,31.24,19,0,1313,4,106.13,16.4,0,online_retail,credit_card,1,0,1,0,0
TXN104369,38.88,10,0,1637,2,118.35,36.37,0,restaurant,credit_card,0,0,0,1,0
TXN104370,32.28,0,1,577,1,280.94,12.66,0,jewelry,credit_card,1,0,0,1,0
TXN104371,72.99,1,0,2946,0,328.1,33.25,0,online_retail,debit_card,0,0,0,1,0
TXN104372,11.24,19,0,584,4,85.19,11.94,0,gas_station,credit_card,0,0,0,0,0
TXN104373,100.27,18,0,217,2,170.77,4.51,0,other,debit_card,0,0,0,0,0
TXN104374,125.0,18,1,1130,1,329.23,11.66,0,grocery,credit_card,0,0,0,1,0
TXN104375,79.87,3,0,4123,4,133.17,12.64,0,electronics,credit_card,1,0,0,1,0
TXN104376,64.53,4,0,306,2,79.29,11.92,0,online_retail,debit_card,0,0,0,0,0
TXN104377,274.69,9,1,1246,2,181.27,6.08,0,online_retail,debit_card,0,0,1,0,0
TXN104378,26.99,5,0,2175,2,261.98,3.55,0,restaurant,credit_card,1,0,1,0,0
TXN104379,94.43,9,0,3454,3,106.27,42.93,0,electronics,credit_card,1,0,0,0,0
TXN104380,18.45,13,1,1785,4,66.06,5.61,0,online_retail,credit_card,1,1,0,1,0
TXN104381,16.68,6,1,368,6,53.76,13.86,0,grocery,debit_card,0,0,0,1,0
TXN104382,140.75,2,0,3535,4,9.73,7.88,0,online_retail,credit_card,0,0,1,0,0
TXN104383,119.83,9,0,2669,2,105.77,74.58,0,grocery,credit_card,0,0,1,1,0
TXN104384,349.63,17,0,3279,2,170.53,54.87,0,grocery,digital_wallet,1,0,0,1,0
TXN104385,121.73,14,0,3083,5,149.27,36.39,0,online_retail,digital_wallet,0,0,0,0,0
TXN104386,470.77,7,0,3250,0,127.54,17.04,0,jewelry,credit_card,1,0,0,1,0
TXN104387,13.44,7,0,3118,5,56.51,12.64,0,grocery,credit_card,1,0,1,0,0
TXN104388,16.84,14,0,3671,1,263.15,7.38,0,online_retail,debit_card,2,0,0,0,0
TXN104389,14.24,4,0,2473,4,44.52,3.14,0,grocery,credit_card,0,0,0,1,0
TXN104390,36.53,20,0,601,3,262.16,1.38,0,jewelry,credit_card,1,0,0,0,0
TXN104391,142.14,20,1,1441,1,79.79,12.71,0,travel,credit_card,1,1,0,1,0
TXN104392,141.15,0,0,1797,3,48.48,82.02,0,online_retail,credit_card,1,0,0,1,1
TXN104393,10.74,23,0,3738,1,284.98,4.89,0,grocery,credit_card,0,0,1,0,0
TXN104394,385.11,0,0,1684,4,17.73,12.69,0,jewelry,debit_card,1,0,0,0,1
TXN104395,290.53,11,0,3476,5,245.01,22.06,1,restaurant,credit_card,0,0,0,1,0
TXN104396,58.24,16,0,1320,4,182.94,8.27,0,jewelry,digital_wallet,0,0,0,1,0
TXN104397,16.13,7,0,1458,2,605.17,0.11,0,online_retail,debit_card,0,0,0,0,0
TXN104398,29.16,4,1,1432,6,62.83,12.11,1,electronics,credit_card,1,0,0,1,0
TXN104399,21.78,1,1,808,4,96.85,24.11,0,electronics,credit_card,0,0,1,0,1
TXN104400,24.6,17,0,2218,3,63.13,53.73,0,jewelry,debit_card,0,1,1,0,0
TXN104401,108.42,0,1,2006,4,17.84,10.02,0,electronics,credit_card,1,0,0,1,0
TXN104402,43.58,11,0,1701,4,249.57,42.68,0,gas_station,debit_card,1,0,0,0,0
TXN104403,86.1,9,0,1685,1,394.87,40.85,0,restaurant,credit_card,2,0,0,1,0
TXN104404,681.76,23,0,2482,2,409.55,13.03,0,travel,debit_card,1,0,0,1,0
TXN104405,207.25,22,1,285,1,77.34,0.1,0,restaurant,digital_wallet,0,0,0,0,0
TXN104406,423.35,19,1,3032,4,100.6,43.02,0,gas_station,credit_card,0,0,1,1,0
TXN104407,28.91,17,1,1671,4,136.37,7.72,0,online_retail,credit_card,0,0,0,1,0
TXN104408,76.71,13,1,1079,3,84.98,28.33,1,grocery,credit_card,0,1,0,1,0
TXN104409,103.07,8,0,3860,5,75.69,14.7,0,gas_station,credit_card,0,0,1,1,0
TXN104410,20.15,3,1,2647,3,187.49,5.42,0,online_retail,debit_card,2,0,0,1,1
TXN104411,5.54,23,0,544,1,167.85,19.43,0,online_retail,credit_card,0,0,0,1,0
TXN104412,187.57,9,1,418,3,132.15,26.55,0,travel,credit_card,1,0,0,1,0
TXN104413,145.29,10,0,1281,3,169.77,16.81,0,grocery,credit_card,0,0,0,1,0
TXN104414,82.7,3,1,1647,5,71.04,25.73,0,jewelry,credit_card,0,0,0,0,0
TXN104415,95.44,6,0,2441,1,149.25,14.11,0,grocery,digital_wallet,1,1,1,1,0
TXN104416,99.22,15,0,2818,4,72.88,82.2,0,restaurant,debit_card,1,0,0,0,0
TXN104417,8.97,10,0,175,6,89.37,5.33,0,other,credit_card,1,0,1,1,0
TXN104418,69.26,14,0,2903,2,84.68,21.69,0,online_retail,digital_wallet,1,0,1,0,0
TXN104419,40.29,5,1,2489,2,227.57,40.55,0,gas_station,debit_card,0,0,0,0,0
TXN104420,23.6,1,0,2020,4,158.89,15.06,1,electronics,credit_card,1,0,0,1,0
TXN104421,521.8,21,1,2830,4,200.55,5.73,0,other,credit_card,0,0,0,1,0
TXN104422,119.9,10,0,3644,6,151.42,14.1,0,grocery,credit_card,0,0,1,1,0
TXN104423,184.59,8,0,311,5,118.15,19.68,0,electronics,credit_card,1,1,0,0,0
TXN104424,54.81,6,0,543,2,34.64,12.79,0,restaurant,debit_card,0,0,0,1,0
TXN104425,87.21,15,0,103,1,148.97,33.9,0,grocery,debit_card,2,0,0,0,0
TXN104426,46.5,13,0,2805,3,194.98,5.66,0,restaurant,credit_card,0,0,0,0,0
TXN104427,17.18,9,1,602,3,166.77,2.0,0,grocery,debit_card,0,0,0,1,0
TXN104428,33.82,22,1,3527,0,115.17,13.35,0,other,credit_card,0,1,0,1,1
TXN104429,204.42,21,0,3100,10,34.11,6.99,0,travel,credit_card,0,0,0,1,0
TXN104430,173.66,4,0,3537,1,240.44,28.71,0,online_retail,credit_card,1,0,1,1,1
TXN104431,101.46,15,0,1637,6,169.19,14.06,0,jewelry,credit_card,0,0,0,0,0
TXN104432,108.34,23,1,3148,3,45.61,32.77,0,gas_station,debit_card,0,1,0,0,0
TXN104433,406.52,11,0,60,2,84.09,28.08,0,jewelry,debit_card,1,0,0,0,0
TXN104434,20.53,0,0,2277,4,149.22,11.28,0,online_retail,digital_wallet,0,0,0,0,0
TXN104435,60.23,3,1,2724,2,92.44,2.77,0,grocery,credit_card,0,0,0,0,0
TXN104436,66.16,16,1,1516,4,111.52,2.05,0,travel,debit_card,0,0,1,0,0
TXN104437,257.89,21,1,1345,2,90.31,29.1,0,restaurant,debit_card,0,0,0,0,0
TXN104438,625.08,3,0,2216,4,187.33,37.41,0,travel,credit_card,0,1,0,0,1
TXN104439,41.25,13,0,1971,1,19.29,11.25,0,other,digital_wallet,0,0,1,1,0
TXN104440,328.98,11,1,3732,5,205.68,15.8,0,electronics,credit_card,3,0,0,1,0
TXN104441,209.43,6,0,2981,2,117.9,18.17,1,gas_station,debit_card,0,1,0,0,0
TXN104442,42.98,15,0,346,6,282.68,11.99,0,travel,debit_card,2,0,0,1,0
TXN104443,72.07,21,0,2482,2,37.63,1.28,0,gas_station,digital_wallet,1,0,0,1,0
TXN104444,85.09,5,0,2865,8,75.24,24.41,0,online_retail,credit_card,0,0,0,0,0
TXN104445,508.78,1,0,2496,2,136.97,4.45,0,travel,debit_card,0,0,0,1,1
TXN104446,36.75,8,0,799,1,24.1,15.73,0,electronics,debit_card,0,0,0,1,0
TXN104447,246.36,7,1,592,2,205.14,27.55,0,gas_station,digital_wallet,0,0,1,1,0
TXN104448,78.09,17,1,3034,3,90.66,0.1,1,online_retail,debit_card,0,0,0,1,1
TXN104449,202.04,12,0,3793,4,193.59,18.26,0,grocery,credit_card,1,0,1,0,0
TXN104450,79.07,0,0,1979,1,127.18,28.02,0,grocery,digital_wallet,1,0,1,0,0
TXN104451,130.61,8,1,3411,0,51.99,18.38,0,gas_station,debit_card,1,0,0,1,1
TXN104452,232.43,17,0,1307,4,40.2,6.09,0,grocery,credit_card,0,0,1,1,0
TXN104453,262.03,11,0,1682,3,209.0,35.6,0,restaurant,credit_card,0,0,0,1,0
TXN104454,329.47,13,0,1915,2,75.49,29.27,0,online_retail,digital_wallet,0,0,1,0,0
TXN104455,19.12,6,1,421,1,409.49,7.37,0,other,debit_card,1,1,0,1,0
TXN104456,168.61,7,1,803,3,28.61,9.87,0,restaurant,credit_card,1,1,1,1,1
TXN104457,26.75,3,0,402,6,207.34,18.54,0,grocery,credit_card,1,0,0,1,0
TXN104458,79.91,1,0,1297,1,276.57,9.88,1,electronics,credit_card,0,0,0,1,0
TXN104459,127.51,0,1,794,5,34.27,47.66,0,grocery,credit_card,0,1,0,1,0
TXN104460,86.17,14,0,2613,4,202.24,33.12,0,electronics,digital_wallet,1,0,1,1,0
TXN104461,114.24,3,0,3151,7,210.43,9.92,0,gas_station,credit_card,0,0,0,0,0
TXN104462,973.34,13,0,1663,6,148.97,12.76,0,gas_station,credit_card,0,0,0,1,0
TXN104463,24.88,22,0,1935,2,221.57,51.81,0,grocery,credit_card,0,0,0,1,0
TXN104464,195.63,16,0,1150,1,51.88,3.51,0,restaurant,debit_card,0,0,0,1,0
TXN104465,86.01,13,1,2522,2,91.56,26.47,0,electronics,credit_card,1,0,0,1,0
TXN104466,26.37,2,0,925,0,266.16,7.34,0,online_retail,credit_card,0,0,0,0,0
TXN104467,29.78,11,0,3331,4,338.46,2.37,0,other,debit_card,0,1,0,1,0
TXN104468,605.04,21,1,1857,2,110.3,2.61,1,travel,debit_card,0,0,0,1,0
TXN104469,292.42,9,1,2162,4,209.06,5.96,0,online_retail,credit_card,0,0,0,1,0
TXN104470,374.49,19,0,2968,1,105.87,17.18,0,travel,debit_card,0,0,1,1,0
TXN104471,658.68,17,0,373,2,81.53,51.28,1,grocery,credit_card,0,0,0,0,1
TXN104472,49.61,6,0,1109,5,34.12,7.49,1,restaurant,credit_card,0,0,0,0,0
TXN104473,78.84,3,0,1763,4,106.86,4.62,0,restaurant,credit_card,0,0,1,0,0
TXN104474,157.58,0,0,3274,1,75.09,11.77,0,gas_station,debit_card,3,0,0,0,0
TXN104475,110.8,6,0,1353,5,60.68,3.24,1,electronics,credit_card,0,0,0,0,0
TXN104476,89.0,7,0,1204,2,49.04,4.69,0,restaurant,digital_wallet,0,0,0,1,0
TXN104477,67.14,15,0,2740,4,49.6,84.46,0,online_retail,debit_card,0,0,0,0,0
TXN104478,153.48,13,0,1497,6,226.67,13.67,0,electronics,credit_card,0,0,0,0,0
TXN104479,139.95,11,0,399,2,246.97,31.2,0,online_retail,debit_card,1,0,0,0,0
TXN104480,32.23,17,1,3565,1,15.89,4.19,0,grocery,credit_card,0,1,0,0,0
TXN104481,100.21,18,1,2680,2,254.86,10.15,0,electronics,credit_card,0,0,0,1,0
TXN104482,132.63,17,0,3305,3,73.23,21.43,0,jewelry,credit_card,1,0,0,0,0
TXN104483,135.38,21,0,651,4,159.44,32.13,0,online_retail,credit_card,0,0,0,0,0
TXN104484,40.67,8,0,2976,2,142.43,0.57,0,grocery,credit_card,0,1,0,0,0
TXN104485,192.95,19,1,1749,3,303.31,35.83,1,electronics,credit_card,1,1,0,1,0
TXN104486,10.82,10,1,2578,1,166.27,2.25,0,other,credit_card,0,0,0,1,0
TXN104487,62.36,4,0,3271,2,66.52,40.38,1,electronics,credit_card,2,0,0,1,0
TXN104488,244.49,3,0,887,5,253.51,3.18,0,online_retail,debit_card,1,0,0,0,0
TXN104489,124.6,2,1,1043,5,186.12,12.49,1,grocery,digital_wallet,0,0,0,1,0
TXN104490,62.25,22,1,101,3,229.12,3.34,0,restaurant,debit_card,0,0,1,1,0
TXN104491,164.28,4,1,1281,3,275.09,11.33,0,grocery,debit_card,1,0,1,0,0
TXN104492,119.65,20,0,1266,2,247.32,8.25,0,electronics,digital_wallet,0,0,1,1,0
TXN104493,216.86,18,0,646,1,346.51,11.82,1,other,credit_card,1,0,0,1,0
TXN104494,212.3,10,0,2142,3,32.11,15.68,0,grocery,credit_card,3,0,0,0,1
TXN104495,124.06,21,0,3857,4,128.47,13.5,0,online_retail,debit_card,0,0,1,0,0
TXN104496,99.58,21,0,190,5,83.22,0.6,0,jewelry,credit_card,1,0,0,0,0
TXN104497,20.42,22,1,931,2,32.88,44.91,1,gas_station,credit_card,2,0,0,1,1
TXN104498,51.92,11,0,1872,4,214.46,2.06,0,travel,credit_card,1,1,0,0,0
TXN104499,81.44,7,0,15,2,151.58,86.61,0,restaurant,digital_wallet,0,0,0,0,0
TXN104500,118.93,1,1,400,0,255.83,53.81,0,jewelry,credit_card,0,0,0,1,0
TXN104501,128.88,20,0,3421,5,119.18,15.29,0,other,debit_card,0,0,0,0,0
TXN104502,47.86,20,1,1110,4,289.16,4.03,0,other,credit_card,0,0,0,0,0
TXN104503,6.57,12,0,214,2,37.39,1.48,0,grocery,digital_wallet,2,0,0,1,0
TXN104504,99.15,1,0,583,6,71.83,18.54,1,other,credit_card,1,1,0,0,0
TXN104505,67.2,19,0,3745,1,248.55,3.84,0,jewelry,debit_card,0,0,1,1,0
TXN104506,223.18,7,0,452,2,39.83,22.69,0,electronics,credit_card,0,0,0,0,0
TXN104507,7.66,13,0,3803,3,42.45,35.59,0,other,credit_card,0,0,1,1,0
TXN104508,122.6,15,0,3605,4,130.05,94.23,0,electronics,debit_card,0,0,1,0,1
TXN104509,463.2,3,0,3172,4,290.18,14.64,0,grocery,credit_card,0,0,0,0,0
TXN104510,32.7,1,0,1328,7,153.3,64.46,0,online_retail,debit_card,0,0,0,1,0
TXN104511,98.67,1,0,2458,3,95.73,3.86,0,restaurant,credit_card,0,0,0,0,0
TXN104512,22.58,23,1,1554,2,180.16,39.84,0,electronics,credit_card,1,1,0,1,1
TXN104513,139.31,22,0,1155,1,191.6,11.86,0,other,debit_card,2,0,0,0,0
TXN104514,126.33,10,0,1628,3,210.43,10.57,1,restaurant,digital_wallet,0,1,1,0,1
TXN104515,93.61,10,0,2956,4,5.73,5.88,0,restaurant,digital_wallet,0,0,1,0,0
TXN104516,127.31,9,1,1970,4,173.2,4.82,0,online_retail,credit_card,0,0,0,1,0
TXN104517,338.79,8,0,3171,2,95.46,12.27,1,electronics,digital_wallet,0,0,0,1,0
TXN104518,36.49,13,0,2522,5,136.01,100.78,0,online_retail,digital_wallet,0,0,0,0,0
TXN104519,6.83,8,1,2782,0,45.84,9.12,0,travel,credit_card,0,1,0,1,0
TXN104520,265.79,14,0,1618,6,314.58,12.09,0,online_retail,credit_card,0,0,0,0,0
TXN104521,139.32,9,0,914,5,198.62,5.29,0,electronics,credit_card,1,0,1,1,0
TXN104522,331.46,15,0,1057,6,188.59,8.03,0,grocery,credit_card,0,0,0,0,0
TXN104523,142.58,22,0,3553,1,211.13,0.97,0,electronics,debit_card,0,0,0,1,0
TXN104524,288.01,4,0,1085,1,198.49,42.48,0,other,digital_wallet,0,0,0,1,0
TXN104525,77.38,1,1,1420,2,118.04,12.59,0,gas_station,digital_wallet,0,1,0,0,1
TXN104526,206.91,12,0,2626,3,192.15,27.37,0,gas_station,credit_card,2,0,0,0,0
TXN104527,379.86,2,0,3370,4,314.1,17.51,0,gas_station,credit_card,2,0,1,0,0
TXN104528,121.62,5,0,1611,1,195.82,33.94,0,online_retail,debit_card,2,0,1,0,0
TXN104529,41.45,18,0,455,0,151.65,14.53,0,grocery,digital_wallet,0,0,0,0,0
TXN104530,57.95,10,0,2634,3,69.2,21.39,0,travel,credit_card,0,0,1,1,1
TXN104531,39.57,13,0,3297,3,110.68,22.35,0,online_retail,credit_card,0,1,0,1,0
TXN104532,58.95,18,0,645,2,230.95,12.8,0,grocery,debit_card,0,0,0,1,0
TXN104533,50.02,3,1,950,1,107.37,3.58,0,grocery,credit_card,2,0,0,0,1
TXN104534,126.38,11,1,299,2,133.39,3.6,0,grocery,debit_card,1,0,0,0,0
TXN104535,144.21,0,0,1200,4,184.96,53.13,0,grocery,credit_card,0,1,1,1,0
TXN104536,79.21,11,1,3665,7,231.19,3.59,1,grocery,digital_wallet,0,0,0,1,0
TXN104537,153.79,5,1,2107,0,107.43,18.77,0,online_retail,digital_wallet,0,0,1,0,0
TXN104538,15.55,21,0,192,3,105.22,13.81,0,restaurant,debit_card,0,0,0,0,0
TXN104539,20.4,6,1,1596,3,10.32,24.93,0,electronics,debit_card,0,0,0,1,0
TXN104540,37.78,4,0,489,6,106.19,2.83,0,jewelry,credit_card,1,0,0,0,0
TXN104541,118.3,0,1,1128,3,67.62,25.96,0,jewelry,credit_card,0,0,0,0,0
TXN104542,32.92,3,1,2006,5,121.59,21.62,0,travel,digital_wallet,0,0,1,1,0
TXN104543,48.94,5,0,1473,1,73.52,27.35,0,restaurant,credit_card,0,0,0,0,0
TXN104544,87.43,5,0,1769,4,54.43,24.14,0,gas_station,credit_card,1,0,0,1,0
TXN104545,256.24,17,0,2400,4,15.9,23.47,0,online_retail,debit_card,0,0,0,1,0
TXN104546,5.13,21,0,2903,1,89.47,48.48,0,grocery,credit_card,1,0,0,0,0
TXN104547,188.3,20,0,3153,1,184.41,14.2,0,online_retail,digital_wallet,0,0,1,1,0
TXN104548,173.61,22,0,191,4,22.55,2.84,0,gas_station,credit_card,0,0,1,0,0
TXN104549,222.44,21,0,152,3,205.39,27.58,0,travel,debit_card,0,0,0,0,0
TXN104550,461.89,10,0,2648,2,259.44,2.88,1,online_retail,credit_card,0,0,0,1,0
TXN104551,7.42,9,0,2032,6,403.91,25.14,0,gas_station,debit_card,0,0,0,1,0
TXN104552,27.67,15,0,216,6,129.54,15.44,0,online_retail,debit_card,0,0,0,1,0
TXN104553,345.5,7,0,2600,1,124.41,0.03,0,jewelry,debit_card,0,0,0,0,0
TXN104554,120.14,14,1,2903,3,25.72,8.16,0,grocery,credit_card,0,0,0,0,0
TXN104555,157.62,23,0,2756,4,242.44,12.42,0,online_retail,digital_wallet,0,0,0,1,0
TXN104556,175.58,4,0,2774,5,91.15,6.66,0,online_retail,credit_card,2,0,0,0,0
TXN104557,185.49,18,0,3715,5,122.47,15.09,0,jewelry,credit_card,0,0,0,1,0
TXN104558,448.29,22,0,2281,2,217.34,21.43,0,restaurant,debit_card,0,0,0,0,0
TXN104559,751.51,12,0,2454,4,131.73,31.97,0,travel,digital_wallet,0,1,0,0,0
TXN104560,211.78,8,0,874,2,263.26,3.4,0,jewelry,credit_card,2,0,1,1,0
TXN104561,51.09,6,0,1788,3,145.46,5.19,0,jewelry,debit_card,1,0,0,0,0
TXN104562,335.3,4,1,1191,1,362.27,20.55,1,electronics,debit_card,0,1,0,1,1
TXN104563,12.23,7,0,1218,3,221.39,13.52,0,grocery,debit_card,1,0,0,1,0
TXN104564,47.17,17,0,1850,0,60.69,27.89,1,jewelry,debit_card,0,0,0,1,0
TXN104565,351.47,12,0,164,1,278.91,23.01,0,grocery,credit_card,1,0,0,0,0
TXN104566,34.16,5,0,2875,3,119.28,9.72,1,restaurant,credit_card,1,0,0,1,0
TXN104567,43.31,13,0,2677,3,137.15,13.6,0,grocery,digital_wallet,0,0,0,0,0
TXN104568,29.49,19,1,1939,2,89.65,49.44,0,restaurant,credit_card,0,0,0,1,0
TXN104569,315.4,0,1,1682,3,14.65,3.5,0,gas_station,debit_card,0,0,1,1,0
TXN104570,107.66,0,0,2140,4,132.12,11.26,0,jewelry,digital_wallet,0,0,0,1,0
TXN104571,211.34,23,1,1306,2,170.37,41.63,0,electronics,credit_card,1,0,0,1,0
TXN104572,47.73,17,1,1978,2,406.55,7.84,0,grocery,debit_card,1,1,0,1,0
TXN104573,229.6,13,1,2889,5,114.71,11.69,0,online_retail,credit_card,0,0,0,0,0
TXN104574,248.32,21,1,2631,6,140.44,9.36,0,electronics,credit_card,0,0,1,1,0
TXN104575,63.95,14,1,622,1,147.85,46.62,0,grocery,digital_wallet,0,0,0,0,0
TXN104576,75.71,12,1,2990,3,125.37,18.77,1,grocery,debit_card,1,0,1,0,0
TXN104577,30.08,5,0,2358,2,138.11,4.83,0,other,credit_card,0,0,0,0,0
TXN104578,536.39,19,0,1660,2,162.49,30.6,0,jewelry,credit_card,1,0,0,1,0
TXN104579,175.96,18,0,319,3,109.17,0.68,0,electronics,debit_card,1,1,0,1,0
TXN104580,396.79,7,1,2967,2,127.4,8.42,0,travel,credit_card,0,0,0,1,0
TXN104581,65.21,17,1,2579,3,543.36,52.85,0,online_retail,credit_card,0,0,0,0,0
TXN104582,237.61,17,0,2845,3,392.02,27.15,0,other,debit_card,0,0,0,1,0
TXN104583,260.01,2,0,3578,0,30.57,46.4,1,online_retail,debit_card,1,0,0,1,0
TXN104584,175.16,3,0,1500,3,466.08,60.38,0,travel,debit_card,0,0,0,0,0
TXN104585,540.09,14,0,1241,2,520.27,23.96,0,other,credit_card,2,0,0,1,0
TXN104586,85.03,14,0,1302,7,311.2,2.69,0,restaurant,credit_card,0,0,0,0,0
TXN104587,31.15,15,0,1653,3,89.62,6.34,1,online_retail,debit_card,0,0,0,1,0
TXN104588,140.21,8,0,1658,4,48.47,9.66,0,jewelry,digital_wallet,0,0,0,1,0
TXN104589,190.26,20,0,3337,2,341.18,0.23,1,electronics,debit_card,1,0,0,1,0
TXN104590,147.67,10,0,2140,5,71.18,17.94,0,grocery,credit_card,0,0,1,0,0
TXN104591,47.86,4,1,3194,3,100.24,24.9,0,other,digital_wallet,0,0,1,1,0
TXN104592,113.53,2,0,1806,8,134.67,15.53,0,restaurant,debit_card,2,0,1,1,1
TXN104593,59.03,21,0,2275,0,50.84,15.89,0,electronics,credit_card,0,0,1,0,0
TXN104594,97.08,16,0,189,4,235.85,13.86,0,gas_station,digital_wallet,0,0,1,0,0
TXN104595,178.07,11,0,1957,1,96.08,23.24,1,online_retail,credit_card,0,0,1,1,0
TXN104596,201.23,5,1,1158,2,96.11,33.36,0,jewelry,digital_wallet,0,0,1,1,0
TXN104597,46.44,2,1,1224,4,46.21,22.15,0,gas_station,debit_card,0,0,0,1,0
TXN104598,95.59,3,0,1933,2,107.01,0.81,0,electronics,debit_card,0,1,1,1,0
TXN104599,65.28,2,0,2923,9,504.27,19.24,0,online_retail,credit_card,1,0,0,1,0
TXN104600,41.78,12,0,1803,3,268.37,13.99,0,online_retail,credit_card,0,0,0,1,0
TXN104601,235.7,4,1,2663,3,292.95,14.62,0,other,credit_card,0,0,0,0,0
TXN104602,362.59,3,0,3514,5,117.85,7.03,0,electronics,credit_card,0,0,0,1,0
TXN104603,79.5,6,0,2574,1,137.12,31.22,0,electronics,credit_card,2,0,0,1,0
TXN104604,210.76,16,0,32,3,127.12,8.69,1,other,credit_card,0,0,1,1,1
TXN104605,353.91,11,0,2889,3,30.97,53.57,0,restaurant,debit_card,0,0,0,1,0
TXN104606,251.67,3,0,2521,4,46.31,2.24,0,restaurant,credit_card,0,0,0,0,0
TXN104607,41.22,17,1,681,5,25.98,13.88,0,jewelry,credit_card,1,0,1,0,0
TXN104608,413.85,11,0,2308,3,77.03,4.29,0,electronics,digital_wallet,1,0,0,0,0
TXN104609,72.06,4,1,2175,6,169.21,13.81,0,online_retail,credit_card,2,0,1,0,1
TXN104610,67.94,16,0,544,3,124.86,11.01,0,online_retail,digital_wallet,0,0,0,1,0
TXN104611,18.63,23,1,2537,6,236.42,30.24,0,restaurant,credit_card,0,0,1,1,0
TXN104612,99.69,12,0,1187,6,219.22,4.2,0,travel,debit_card,0,0,1,1,0
TXN104613,20.6,3,1,2368,3,73.61,20.98,0,online_retail,credit_card,0,1,0,0,0
TXN104614,44.8,7,0,2313,6,240.9,11.24,0,electronics,credit_card,1,0,1,0,0
TXN104615,75.88,14,1,2002,2,75.47,19.74,0,gas_station,digital_wallet,1,0,0,1,0
TXN104616,180.67,23,0,375,2,405.58,21.99,0,restaurant,digital_wallet,0,0,0,1,1
TXN104617,281.5,22,0,1459,3,150.53,8.19,0,grocery,debit_card,0,0,0,1,0
TXN104618,81.92,22,1,1732,5,182.64,7.96,0,online_retail,debit_card,0,0,0,0,0
TXN104619,320.47,19,1,1108,1,114.76,1.82,0,grocery,debit_card,0,0,0,1,1
TXN104620,260.07,13,0,2116,3,39.37,15.29,0,restaurant,credit_card,2,0,0,1,0
TXN104621,220.89,15,1,3586,3,38.33,9.52,0,gas_station,digital_wallet,0,0,0,0,0
TXN104622,29.03,17,1,3527,1,292.06,45.14,0,grocery,credit_card,1,0,0,1,0
TXN104623,200.16,17,1,2361,2,190.43,16.02,1,electronics,debit_card,1,0,0,0,0
TXN104624,548.84,15,0,2301,5,86.18,66.61,0,restaurant,debit_card,1,1,0,1,1
TXN104625,185.56,3,0,1217,4,243.74,2.95,0,jewelry,credit_card,1,1,1,1,0
TXN104626,61.33,21,0,1854,3,147.75,8.68,0,restaurant,debit_card,1,0,1,0,0
TXN104627,119.96,0,0,105,3,100.2,10.83,0,online_retail,credit_card,1,0,0,1,1
TXN104628,147.74,10,1,2553,1,346.35,4.03,0,electronics,debit_card,3,0,1,0,1
TXN104629,99.1,10,1,1168,3,117.86,73.11,0,electronics,credit_card,1,0,0,0,0
TXN104630,19.57,23,0,3246,3,294.9,17.74,0,grocery,debit_card,0,0,0,0,0
TXN104631,50.65,2,0,1650,6,177.3,0.21,0,travel,credit_card,0,0,0,1,0
TXN104632,222.9,11,0,1177,3,170.82,19.52,0,grocery,credit_card,2,1,0,0,1
TXN104633,261.71,8,0,2644,1,12.05,28.05,0,online_retail,credit_card,1,1,0,1,1
TXN104634,28.19,2,0,3938,2,250.2,1.14,0,grocery,debit_card,0,0,0,1,0
TXN104635,399.81,5,0,1468,4,192.27,17.29,0,jewelry,debit_card,0,0,0,1,0
TXN104636,44.44,10,0,335,5,53.25,7.76,0,gas_station,credit_card,0,1,1,1,0
TXN104637,148.09,21,1,2458,4,147.09,23.32,0,gas_station,credit_card,1,0,0,0,0
TXN104638,202.26,9,0,3539,3,90.48,6.48,0,gas_station,credit_card,0,0,1,1,0
TXN104639,237.73,21,0,2611,2,247.99,23.27,1,other,digital_wallet,0,1,1,0,0
TXN104640,530.56,17,0,1940,2,228.59,24.59,0,electronics,credit_card,1,0,0,0,0
TXN104641,56.95,19,0,4064,10,135.65,11.23,0,other,credit_card,0,0,0,0,0
TXN104642,331.59,20,0,2697,0,98.41,47.11,0,jewelry,credit_card,0,0,0,1,0
TXN104643,26.12,17,0,3148,5,59.7,36.49,0,travel,debit_card,0,1,0,0,0
TXN104644,187.19,17,1,2798,4,160.68,0.99,0,jewelry,digital_wallet,1,0,0,1,0
TXN104645,188.35,3,0,664,4,87.97,7.26,0,jewelry,credit_card,3,1,0,1,0
TXN104646,173.62,17,0,1560,5,15.35,9.29,1,grocery,credit_card,1,1,0,1,0
TXN104647,44.35,1,0,1975,0,54.77,1.41,0,restaurant,credit_card,0,0,0,1,0
TXN104648,321.07,17,0,2529,2,72.54,11.33,0,restaurant,digital_wallet,0,0,0,0,0
TXN104649,31.82,15,1,1461,3,172.11,0.43,0,gas_station,credit_card,1,0,0,1,0
TXN104650,11.85,18,0,409,2,163.39,24.43,0,grocery,debit_card,1,0,0,1,0
TXN104651,219.19,15,0,1233,9,100.49,0.05,0,grocery,digital_wallet,0,0,0,1,0
TXN104652,107.14,8,1,876,4,451.01,0.51,0,other,debit_card,2,0,0,1,0
TXN104653,273.56,8,0,2913,1,324.23,44.52,0,restaurant,credit_card,1,0,0,0,0
TXN104654,78.9,14,0,1154,1,234.74,7.68,0,gas_station,credit_card,1,0,0,0,0
TXN104655,32.31,11,1,1600,1,142.0,1.82,0,gas_station,credit_card,1,0,0,1,0
TXN104656,249.24,8,0,2413,2,202.44,7.77,0,gas_station,debit_card,0,0,1,0,1
TXN104657,125.47,11,1,2844,6,77.98,1.08,1,gas_station,debit_card,0,0,1,0,0
TXN104658,33.84,12,0,393,1,147.73,29.51,1,other,debit_card,0,0,0,1,0
TXN104659,175.12,5,0,1297,4,142.17,12.98,0,electronics,credit_card,1,0,0,1,0
TXN104660,92.46,15,1,176,4,17.73,20.47,0,restaurant,credit_card,0,1,0,1,1
TXN104661,138.0,7,0,1143,3,238.67,27.39,0,other,digital_wallet,1,0,0,0,0
TXN104662,104.56,6,0,93,2,94.1,44.82,0,travel,debit_card,0,0,0,1,0
TXN104663,248.09,10,0,364,2,144.99,3.37,0,online_retail,debit_card,2,0,0,1,0
TXN104664,365.92,2,1,3275,5,92.96,6.92,0,jewelry,credit_card,0,0,0,0,0
TXN104665,211.72,14,0,1662,5,162.21,4.56,0,other,credit_card,0,1,0,1,0
TXN104666,25.39,17,0,951,3,77.38,1.46,0,other,credit_card,1,0,1,1,0
TXN104667,306.74,22,0,2647,2,241.95,18.13,0,electronics,debit_card,2,0,0,0,0
TXN104668,214.53,6,0,2646,3,58.79,5.67,0,online_retail,credit_card,1,0,0,0,1
TXN104669,167.53,12,0,2987,4,96.0,2.97,0,restaurant,credit_card,0,0,0,1,0
TXN104670,53.42,12,1,1323,2,165.61,11.66,0,electronics,digital_wallet,0,0,0,1,0
TXN104671,305.35,17,1,172,2,189.25,12.95,1,grocery,debit_card,1,0,0,1,0
TXN104672,212.63,14,1,531,7,132.48,30.52,0,electronics,credit_card,0,0,0,0,0
TXN104673,23.34,19,1,3322,7,55.67,0.33,0,other,credit_card,1,0,0,1,0
TXN104674,86.39,20,1,1560,5,88.45,14.07,0,gas_station,debit_card,0,0,0,0,0
TXN104675,388.12,2,1,3934,3,131.39,7.47,1,restaurant,debit_card,0,0,0,0,1
TXN104676,12.82,8,0,2976,3,253.27,93.66,0,travel,credit_card,0,1,1,1,1
TXN104677,542.87,15,0,1542,2,61.12,4.8,0,grocery,debit_card,1,0,0,0,0
TXN104678,156.81,13,0,609,7,128.34,10.39,0,grocery,credit_card,0,0,1,1,0
TXN104679,135.64,11,0,1657,3,113.25,58.9,0,gas_station,debit_card,1,0,0,1,0
TXN104680,63.5,4,1,1479,2,68.22,3.82,0,other,credit_card,0,0,0,1,0
TXN104681,48.49,13,1,2128,2,77.04,37.46,0,electronics,debit_card,0,0,1,1,0
TXN104682,401.1,17,1,2442,3,126.27,6.85,0,grocery,debit_card,0,0,0,0,0
TXN104683,53.95,0,0,2511,0,62.55,1.4,0,other,credit_card,0,0,0,1,0
TXN104684,211.92,14,0,718,4,108.0,0.72,0,online_retail,credit_card,0,0,0,0,0
TXN104685,73.39,21,0,2130,1,555.66,78.26,0,grocery,credit_card,0,0,1,1,0
TXN104686,23.57,13,0,1739,3,26.23,3.69,0,grocery,credit_card,0,0,1,0,0
TXN104687,5.53,22,1,2856,2,229.12,8.28,1,online_retail,credit_card,0,0,0,1,0
TXN104688,120.03,8,1,569,6,141.02,61.51,0,restaurant,digital_wallet,0,0,0,0,0
TXN104689,524.41,0,1,321,2,102.16,23.01,0,restaurant,digital_wallet,0,0,0,1,0
TXN104690,84.63,16,0,474,3,105.22,16.25,0,other,credit_card,1,0,0,0,0
TXN104691,73.84,5,0,3449,5,106.38,12.45,0,electronics,debit_card,0,0,0,0,0
TXN104692,70.47,0,1,542,6,106.73,0.95,0,restaurant,debit_card,0,0,1,0,0
TXN104693,105.44,4,0,1971,1,201.51,46.95,0,electronics,digital_wallet,1,0,0,1,0
TXN104694,90.82,22,1,472,5,541.73,30.24,0,travel,credit_card,1,1,0,0,0
TXN104695,337.23,18,0,2960,5,16.98,3.69,0,gas_station,credit_card,0,0,0,0,1
TXN104696,120.57,6,0,2363,7,70.44,6.42,1,grocery,credit_card,1,1,0,0,1
TXN104697,110.07,14,1,3261,1,116.12,31.79,0,online_retail,credit_card,0,0,1,1,0
TXN104698,31.12,8,0,724,4,160.51,6.46,0,grocery,debit_card,0,0,0,1,0
TXN104699,614.49,4,0,991,3,74.84,18.79,0,grocery,digital_wallet,0,0,1,0,0
TXN104700,52.96,23,0,823,1,67.07,15.44,0,restaurant,debit_card,2,0,0,1,0
TXN104701,15.49,19,0,2382,1,84.98,28.01,0,online_retail,credit_card,0,0,0,1,0
TXN104702,135.34,8,0,2074,4,56.94,0.74,0,other,credit_card,0,0,0,0,0
TXN104703,145.33,8,1,2910,6,39.29,36.78,0,online_retail,credit_card,0,1,0,0,1
TXN104704,93.23,19,0,1949,1,190.01,2.65,0,other,credit_card,0,0,1,1,1
TXN104705,93.52,11,0,1012,5,135.71,0.31,0,restaurant,debit_card,2,1,1,1,0
TXN104706,247.85,9,1,1461,2,184.06,14.17,0,online_retail,debit_card,0,0,0,0,0
TXN104707,36.13,9,0,3077,2,559.53,6.43,0,other,debit_card,0,1,1,0,0
TXN104708,238.22,10,0,3317,0,203.49,32.05,0,grocery,credit_card,0,1,0,1,0
TXN104709,173.02,12,0,1455,2,268.21,10.16,0,online_retail,digital_wallet,0,0,0,1,0
TXN104710,90.98,0,1,3150,9,127.81,14.72,0,online_retail,debit_card,0,0,0,1,0
TXN104711,90.57,11,1,827,5,617.2,28.99,0,grocery,debit_card,1,0,0,1,0
TXN104712,56.54,10,1,673,6,244.34,41.3,0,grocery,debit_card,0,0,0,1,1
TXN104713,192.69,6,0,3711,4,309.89,40.3,0,online_retail,credit_card,0,0,0,1,0
TXN104714,105.26,8,0,2207,1,95.36,13.81,0,restaurant,credit_card,1,0,1,1,0
TXN104715,76.72,10,1,2995,3,90.14,10.69,1,travel,debit_card,0,1,1,1,1
TXN104716,156.46,8,0,1226,2,356.46,27.7,0,online_retail,debit_card,0,0,0,0,0
TXN104717,788.95,21,1,182,2,34.59,31.26,0,travel,credit_card,0,0,1,0,1
TXN104718,93.89,12,0,1223,2,265.16,3.99,0,gas_station,debit_card,2,0,0,1,0
TXN104719,392.38,12,0,2365,3,227.72,0.45,0,gas_station,credit_card,0,0,0,0,0
TXN104720,49.25,6,0,1920,0,108.85,13.79,0,online_retail,credit_card,0,0,1,0,0
TXN104721,12.05,21,1,2180,3,113.86,1.73,0,electronics,credit_card,0,0,0,1,0
TXN104722,39.03,0,0,1332,12,174.32,6.12,0,gas_station,digital_wallet,0,0,0,1,0
TXN104723,82.75,13,1,2806,3,85.19,17.6,0,electronics,debit_card,0,1,0,1,0
TXN104724,43.47,4,0,3117,2,101.69,4.62,0,electronics,credit_card,1,0,0,1,0
TXN104725,5.76,18,0,1578,5,60.61,0.55,0,online_retail,credit_card,0,0,0,1,0
TXN104726,360.59,9,0,635,5,175.88,12.52,0,online_retail,digital_wallet,0,0,1,0,0
TXN104727,249.77,7,0,2742,2,61.68,16.36,0,travel,credit_card,0,0,0,1,0
TXN104728,216.67,1,0,1951,3,119.93,8.33,0,online_retail,debit_card,0,0,1,1,0
TXN104729,31.31,18,0,2988,10,127.54,14.51,0,gas_station,debit_card,0,0,0,1,0
TXN104730,23.79,9,0,736,0,88.5,30.08,1,gas_station,credit_card,0,0,0,0,0
TXN104731,14.97,6,0,1509,2,228.24,3.15,0,electronics,credit_card,0,0,0,0,0
TXN104732,259.28,20,0,1828,2,142.9,5.03,0,online_retail,debit_card,0,0,0,0,0
TXN104733,306.73,0,0,716,2,95.71,24.67,0,electronics,credit_card,1,0,1,0,0
TXN104734,85.39,11,0,1744,9,75.9,25.81,1,travel,credit_card,1,0,0,1,0
TXN104735,24.02,3,1,2037,1,218.65,5.9,0,grocery,digital_wallet,0,0,0,0,0
TXN104736,102.65,3,1,853,2,30.96,9.84,0,online_retail,debit_card,1,0,0,1,0
TXN104737,77.26,0,1,3441,1,104.95,2.08,1,online_retail,credit_card,0,0,0,1,0
TXN104738,83.2,4,0,616,1,59.37,6.49,0,other,credit_card,0,0,0,1,0
TXN104739,149.8,22,1,2840,2,265.24,39.56,1,restaurant,credit_card,0,0,0,0,0
TXN104740,189.02,10,1,1879,2,51.54,11.29,0,grocery,credit_card,2,0,0,1,0
TXN104741,22.28,23,0,200,3,333.21,15.93,0,gas_station,credit_card,1,0,0,0,0
TXN104742,10.31,6,0,1184,4,336.16,4.33,0,electronics,credit_card,0,0,0,1,0
TXN104743,773.58,18,0,1859,2,198.23,4.24,1,grocery,debit_card,2,0,0,1,1
TXN104744,43.74,2,0,1492,1,67.93,69.19,0,online_retail,credit_card,0,0,0,0,1
TXN104745,13.71,2,0,404,4,407.43,25.22,0,restaurant,debit_card,0,0,0,1,0
TXN104746,40.05,0,0,1231,6,488.56,31.56,0,other,digital_wallet,1,0,0,1,0
TXN104747,9.46,21,0,2851,3,126.87,7.03,0,restaurant,credit_card,1,0,1,0,0
TXN104748,70.16,16,0,186,2,81.62,16.66,0,restaurant,debit_card,0,0,1,1,0
TXN104749,201.25,17,1,3159,2,128.36,16.07,0,gas_station,credit_card,0,0,0,0,0
TXN104750,75.02,22,1,897,2,314.23,66.89,0,gas_station,debit_card,0,0,1,0,0
TXN104751,95.94,7,0,345,3,208.16,5.5,0,online_retail,credit_card,1,0,1,1,0
TXN104752,184.73,17,0,3245,2,216.61,58.98,0,travel,debit_card,0,0,0,1,0
TXN104753,94.06,12,0,1726,2,503.4,18.53,0,grocery,debit_card,1,0,0,1,0
TXN104754,373.48,13,0,978,3,73.13,9.07,0,restaurant,digital_wallet,0,0,0,0,0
TXN104755,284.93,15,0,660,3,172.51,7.57,0,online_retail,debit_card,0,0,0,1,0
TXN104756,6.62,11,0,65,1,260.52,25.86,0,gas_station,digital_wallet,0,0,0,1,0
TXN104757,255.71,0,0,356,1,466.89,42.51,0,gas_station,debit_card,0,0,0,0,0
TXN104758,86.73,1,0,1268,2,40.04,10.27,0,gas_station,credit_card,0,0,1,1,0
TXN104759,636.21,12,0,2754,8,568.45,4.42,0,travel,credit_card,1,0,0,1,0
TXN104760,106.28,13,1,606,4,200.9,14.4,0,online_retail,debit_card,0,0,0,1,0
TXN104761,923.23,17,0,1779,1,281.69,11.69,0,other,credit_card,0,0,1,0,0
TXN104762,223.65,13,0,2630,4,46.3,25.16,0,grocery,debit_card,1,0,0,1,0
TXN104763,58.05,4,0,3450,2,14.68,81.22,0,online_retail,credit_card,2,0,0,0,0
TXN104764,139.79,8,0,1615,1,262.88,10.34,0,restaurant,debit_card,0,0,0,0,0
TXN104765,764.85,10,0,2226,5,92.76,32.91,0,electronics,credit_card,1,0,0,1,1
TXN104766,264.01,23,0,2908,2,172.95,7.89,0,travel,credit_card,1,0,0,0,0
TXN104767,23.13,12,0,583,0,118.35,18.02,0,grocery,debit_card,1,1,0,1,0
TXN104768,157.75,15,0,2774,1,397.87,2.42,0,gas_station,digital_wallet,0,0,1,0,0
TXN104769,83.13,17,1,1243,3,176.72,33.5,0,restaurant,credit_card,1,0,0,0,0
TXN104770,6.2,8,0,2898,1,106.25,6.66,0,other,digital_wallet,1,0,0,1,0
TXN104771,60.03,23,0,528,2,47.61,1.72,1,other,credit_card,0,0,1,1,0
TXN104772,43.32,16,0,3366,2,99.37,103.79,0,other,credit_card,1,1,0,1,1
TXN104773,282.61,20,1,1413,5,319.66,32.12,0,grocery,credit_card,0,0,1,1,0
TXN104774,64.85,17,0,1877,3,210.51,3.48,0,travel,credit_card,0,0,0,1,0
TXN104775,292.69,14,1,3025,2,25.87,10.61,0,electronics,credit_card,0,0,0,1,0
TXN104776,5.0,0,1,142,1,19.55,62.72,0,other,debit_card,0,0,0,1,0
TXN104777,51.46,14,1,973,1,116.0,33.58,1,grocery,credit_card,1,0,0,1,0
TXN104778,46.0,3,1,1254,2,583.38,41.91,0,online_retail,credit_card,1,0,0,1,0
TXN104779,45.07,14,0,916,4,238.74,18.81,0,restaurant,credit_card,1,0,0,0,0
TXN104780,14.95,16,0,2566,1,11.28,4.49,0,other,debit_card,0,0,0,1,0
TXN104781,41.8,13,0,356,3,82.96,5.02,0,other,digital_wallet,1,1,0,1,0
TXN104782,114.36,7,1,1132,5,155.47,11.79,0,restaurant,credit_card,0,0,0,1,0
TXN104783,58.83,1,0,2182,6,276.42,50.06,0,restaurant,credit_card,1,0,1,1,0
TXN104784,86.74,16,0,3069,3,257.34,16.59,0,travel,debit_card,1,1,0,0,0
TXN104785,63.01,16,1,2119,4,29.0,0.8,0,gas_station,digital_wallet,1,0,0,1,0
TXN104786,271.46,11,0,1284,1,137.51,17.77,0,grocery,debit_card,0,0,1,0,0
TXN104787,359.06,17,1,195,4,343.03,16.92,0,grocery,credit_card,0,0,1,0,0
TXN104788,135.55,18,0,2483,2,15.91,21.2,0,online_retail,credit_card,0,1,0,0,1
TXN104789,69.8,12,0,1068,5,113.88,19.78,0,grocery,credit_card,0,0,0,0,0
TXN104790,17.84,1,0,1747,1,90.25,6.91,0,online_retail,credit_card,0,1,0,0,0
TXN104791,320.1,20,0,195,1,64.93,2.78,0,grocery,credit_card,2,0,0,1,1
TXN104792,15.64,11,1,2109,0,45.29,31.69,0,gas_station,credit_card,0,0,0,0,0
TXN104793,57.33,16,0,1456,1,183.19,4.91,0,online_retail,credit_card,2,0,0,0,0
TXN104794,66.62,21,0,1485,6,228.01,3.06,0,grocery,credit_card,0,1,0,1,0
TXN104795,56.63,8,0,3232,5,92.56,9.04,0,gas_station,credit_card,0,0,0,0,0
TXN104796,33.29,14,1,3060,2,88.62,21.0,0,gas_station,digital_wallet,0,0,0,1,0
TXN104797,259.33,0,0,763,2,142.86,1.58,0,other,digital_wallet,0,1,0,0,0
TXN104798,23.31,21,0,2811,1,41.06,5.77,1,online_retail,credit_card,1,0,1,0,1
TXN104799,148.36,1,0,316,5,282.66,12.17,0,jewelry,credit_card,1,0,0,0,0
TXN104800,24.91,12,0,1184,5,85.87,4.8,0,online_retail,debit_card,1,0,0,0,1
TXN104801,17.04,8,0,1542,6,190.46,27.73,0,online_retail,credit_card,0,0,0,1,0
TXN104802,364.61,0,1,1386,2,123.77,24.69,0,online_retail,digital_wallet,0,0,0,1,0
TXN104803,41.17,11,0,1839,1,203.52,32.43,0,restaurant,digital_wallet,1,1,1,0,1
TXN104804,249.07,22,0,2701,0,95.88,4.36,0,electronics,credit_card,0,0,0,0,1
TXN104805,104.88,4,1,2091,2,272.88,17.97,0,restaurant,debit_card,0,1,0,1,0
TXN104806,21.75,7,0,1710,2,360.35,32.75,0,online_retail,debit_card,0,0,0,1,0
TXN104807,438.66,4,0,1772,10,33.87,1.3,1,online_retail,credit_card,0,0,0,0,0
TXN104808,44.41,2,1,1846,5,28.18,0.61,0,restaurant,credit_card,1,0,0,1,0
TXN104809,297.18,5,0,3164,8,130.78,16.36,0,travel,credit_card,1,0,0,1,0
TXN104810,32.99,13,0,3667,2,158.37,15.54,0,electronics,digital_wallet,0,1,0,1,0
TXN104811,280.25,18,0,2503,3,41.71,12.98,0,grocery,digital_wallet,0,0,0,0,0
TXN104812,6.99,16,0,2815,6,132.73,0.86,0,restaurant,credit_card,0,0,1,0,0
TXN104813,112.01,18,0,1139,2,306.06,10.06,0,online_retail,debit_card,1,1,0,1,0
TXN104814,229.86,17,0,1060,6,31.72,20.85,0,gas_station,credit_card,1,0,1,1,1
TXN104815,312.39,9,0,112,1,273.38,29.06,0,travel,debit_card,0,0,1,0,0
TXN104816,457.26,21,1,2494,3,204.97,13.16,0,online_retail,debit_card,0,0,1,1,0
TXN104817,257.32,4,0,876,3,25.51,17.07,0,restaurant,credit_card,0,0,0,1,0
TXN104818,357.72,16,0,1103,3,195.2,29.15,0,other,credit_card,0,0,0,1,0
TXN104819,32.49,2,1,815,1,186.17,10.92,0,jewelry,credit_card,0,0,0,1,1
TXN104820,52.12,18,0,2903,6,320.25,8.23,0,jewelry,digital_wallet,1,0,0,1,0
TXN104821,51.81,2,0,2579,3,35.91,6.45,0,online_retail,credit_card,0,0,0,1,0
TXN104822,90.65,5,0,332,4,139.2,29.23,0,online_retail,credit_card,1,0,0,1,0
TXN104823,74.53,9,1,2878,7,221.76,12.34,0,online_retail,debit_card,0,0,0,1,0
TXN104824,134.68,16,0,3114,2,202.41,20.42,1,grocery,credit_card,1,0,0,1,0
TXN104825,28.79,1,0,2439,3,116.99,12.19,0,jewelry,debit_card,1,0,0,1,0
TXN104826,171.7,6,0,2920,2,85.9,29.63,0,electronics,credit_card,1,0,0,1,0
TXN104827,31.57,8,1,3611,1,194.89,15.12,0,online_retail,debit_card,0,0,0,1,0
TXN104828,70.85,17,1,1476,4,190.95,73.65,0,electronics,debit_card,0,1,0,0,0
TXN104829,87.66,23,0,2203,2,244.05,5.23,0,restaurant,digital_wallet,0,0,0,1,0
TXN104830,208.17,14,0,1622,5,359.34,2.81,1,gas_station,digital_wallet,1,0,0,0,0
TXN104831,163.67,12,0,1746,0,63.68,7.32,0,travel,credit_card,0,0,0,1,0
TXN104832,140.93,8,1,2998,5,126.56,56.49,0,travel,debit_card,0,1,0,1,0
TXN104833,27.58,19,0,1682,0,189.95,36.71,0,jewelry,debit_card,2,0,0,0,1
TXN104834,101.99,2,1,1938,0,174.56,7.18,0,grocery,debit_card,0,0,0,1,0
TXN104835,17.15,3,0,1824,2,126.61,17.52,0,gas_station,credit_card,1,0,1,1,0
TXN104836,59.73,4,0,1608,11,118.65,16.53,1,other,debit_card,0,1,1,1,1
TXN104837,75.26,6,1,2267,3,165.53,5.91,0,jewelry,credit_card,1,0,0,1,0
TXN104838,12.81,11,0,1709,3,83.6,5.41,0,online_retail,credit_card,0,0,0,1,0
TXN104839,55.66,22,0,2717,1,66.85,9.97,0,jewelry,digital_wallet,0,0,0,0,0
TXN104840,483.09,15,1,2002,1,72.92,35.52,0,restaurant,debit_card,0,1,0,1,0
TXN104841,412.87,9,1,5,2,98.23,4.31,0,jewelry,credit_card,0,0,0,1,0
TXN104842,58.35,5,0,1898,3,306.72,17.2,0,travel,debit_card,0,0,0,0,0
TXN104843,10.13,15,1,1333,5,166.16,14.26,0,electronics,debit_card,0,0,0,0,0
TXN104844,34.42,6,0,2888,3,108.11,46.87,0,other,credit_card,2,0,0,0,1
TXN104845,88.44,23,0,2573,3,103.61,5.96,1,grocery,digital_wallet,0,0,1,1,1
TXN104846,499.06,11,0,2599,5,321.14,0.44,0,electronics,digital_wallet,0,0,0,0,0
TXN104847,30.02,13,0,350,3,78.45,19.71,1,restaurant,debit_card,1,0,0,1,0
TXN104848,202.54,21,1,2100,5,84.0,31.38,1,electronics,debit_card,0,0,1,1,0
TXN104849,22.33,7,1,101,5,116.44,28.53,0,electronics,digital_wallet,0,0,0,1,0
TXN104850,578.79,11,0,1884,0,165.45,28.47,0,electronics,debit_card,1,0,1,0,0
TXN104851,75.26,12,1,3109,9,264.66,11.29,0,travel,debit_card,0,1,0,0,0
TXN104852,292.29,6,0,1900,3,262.53,0.45,0,grocery,digital_wallet,1,0,0,1,1
TXN104853,54.98,1,1,2484,4,95.01,27.75,0,gas_station,credit_card,1,1,0,0,0
TXN104854,148.95,6,0,599,4,278.74,49.43,0,grocery,credit_card,1,0,0,0,1
TXN104855,42.77,2,0,1102,4,406.89,3.32,0,grocery,digital_wallet,0,0,0,1,0
TXN104856,24.05,16,1,57,4,99.01,1.53,0,online_retail,credit_card,0,0,0,1,0
TXN104857,390.86,0,1,168,0,522.17,5.46,0,online_retail,credit_card,0,1,0,0,0
TXN104858,356.17,7,0,502,6,44.01,40.03,0,gas_station,debit_card,0,0,0,0,0
TXN104859,323.88,21,0,881,1,146.32,2.91,0,grocery,credit_card,0,0,0,1,0
TXN104860,125.76,13,1,2967,1,179.46,29.88,0,grocery,digital_wallet,0,0,1,0,0
TXN104861,271.47,16,1,204,2,87.85,1.32,0,grocery,credit_card,0,0,0,0,0
TXN104862,17.04,16,0,1425,2,116.66,0.7,0,online_retail,credit_card,2,1,0,1,0
TXN104863,70.31,7,0,2515,3,88.85,40.28,0,jewelry,digital_wallet,1,0,0,0,0
TXN104864,55.37,15,0,3631,1,85.91,26.86,0,online_retail,debit_card,1,0,1,1,0
TXN104865,158.07,5,0,2160,7,183.6,13.85,0,electronics,debit_card,1,0,1,1,0
TXN104866,63.74,15,0,4096,1,55.3,3.94,1,jewelry,digital_wallet,1,1,1,0,0
TXN104867,27.97,16,0,707,4,87.38,7.39,0,online_retail,credit_card,0,0,0,0,0
TXN104868,182.73,21,0,3023,2,28.47,0.99,0,online_retail,credit_card,0,1,0,1,0
TXN104869,260.59,22,0,2485,5,303.77,17.7,0,other,debit_card,0,1,1,1,0
TXN104870,66.96,0,0,344,3,394.99,23.45,0,other,credit_card,0,0,0,1,0
TXN104871,26.85,7,0,2183,10,86.55,10.07,0,travel,credit_card,1,1,0,0,0
TXN104872,32.18,13,1,345,2,315.09,9.71,0,online_retail,credit_card,0,0,1,1,0
TXN104873,39.55,7,0,2716,2,161.64,19.73,0,electronics,debit_card,0,1,1,0,1
TXN104874,51.61,14,1,2798,4,50.2,84.21,0,restaurant,credit_card,1,0,0,0,0
TXN104875,151.14,20,1,1914,5,223.27,16.32,0,electronics,debit_card,1,0,0,1,0
TXN104876,159.79,6,0,1941,6,18.34,12.48,0,travel,credit_card,1,0,0,1,0
TXN104877,196.85,21,0,1115,1,122.15,22.92,0,online_retail,digital_wallet,1,1,0,0,0
TXN104878,77.23,21,1,897,4,134.72,9.49,0,electronics,digital_wallet,3,0,0,1,0
TXN104879,232.78,21,1,3215,2,175.06,34.47,0,grocery,debit_card,0,0,0,1,0
TXN104880,36.77,1,0,1233,3,96.5,43.62,0,travel,debit_card,0,0,0,0,0
TXN104881,103.28,7,0,2723,4,176.71,22.84,0,grocery,credit_card,0,0,1,1,0
TXN104882,229.17,2,0,1265,3,298.49,16.47,0,gas_station,debit_card,0,1,0,1,0
TXN104883,33.66,2,1,1824,4,125.76,74.03,0,other,credit_card,0,0,1,1,0
TXN104884,23.68,1,0,3504,1,47.85,21.04,0,gas_station,credit_card,0,0,1,0,0
TXN104885,314.29,10,0,360,2,78.12,14.42,0,restaurant,credit_card,0,1,1,1,0
TXN104886,69.86,2,0,1744,2,171.82,54.71,0,online_retail,credit_card,1,0,1,1,1
TXN104887,215.17,7,0,3335,4,233.15,19.18,0,gas_station,credit_card,0,0,0,0,0
TXN104888,8.67,23,1,3246,2,131.09,6.29,0,grocery,debit_card,0,0,0,1,0
TXN104889,208.17,21,0,561,4,63.94,3.15,0,restaurant,credit_card,0,0,1,0,0
TXN104890,66.29,22,1,851,4,57.81,8.41,1,grocery,debit_card,0,0,0,1,0
TXN104891,11.4,0,0,24,4,93.34,12.67,0,grocery,credit_card,1,0,1,1,0
TXN104892,128.06,15,1,2610,2,529.47,33.59,0,gas_station,digital_wallet,0,0,1,0,0
TXN104893,41.91,15,0,247,2,56.95,2.47,0,jewelry,digital_wallet,0,0,0,0,0
TXN104894,70.72,3,0,1100,8,130.21,16.86,0,grocery,debit_card,0,0,0,0,0
TXN104895,17.41,21,0,3163,3,254.73,6.08,0,grocery,debit_card,1,0,0,0,0
TXN104896,31.09,9,0,1956,2,305.38,56.45,0,electronics,credit_card,0,0,0,1,0
TXN104897,67.51,23,1,3388,2,158.1,12.82,0,jewelry,credit_card,1,0,0,0,0
TXN104898,19.83,2,1,1232,3,173.07,22.94,0,other,credit_card,1,0,1,1,0
TXN104899,348.44,15,1,879,1,217.3,30.44,0,gas_station,debit_card,0,0,1,1,0
TXN104900,5.0,3,0,572,5,113.49,2.16,0,gas_station,credit_card,1,1,0,1,0
TXN104901,105.1,22,1,3611,3,70.48,37.05,0,travel,credit_card,1,0,0,0,1
TXN104902,24.81,14,0,769,2,156.44,4.96,0,restaurant,digital_wallet,1,0,0,1,0
TXN104903,61.5,1,0,2265,3,84.88,7.62,0,electronics,debit_card,0,0,0,1,0
TXN104904,509.45,5,0,4066,3,36.78,15.36,0,other,digital_wallet,0,0,0,0,0
TXN104905,36.51,8,0,7,3,252.57,0.97,0,online_retail,debit_card,0,0,1,1,0
TXN104906,562.0,0,0,2732,1,74.39,20.1,0,travel,digital_wallet,0,0,0,0,0
TXN104907,35.25,0,1,1857,2,89.77,10.88,0,grocery,credit_card,0,1,0,1,0
TXN104908,195.55,22,1,499,2,176.12,1.08,0,restaurant,debit_card,1,1,1,1,0
TXN104909,122.27,23,0,2589,2,23.89,22.74,0,electronics,credit_card,0,0,0,1,0
TXN104910,299.54,12,0,999,3,90.73,11.13,1,online_retail,credit_card,0,1,0,0,0
TXN104911,133.92,21,1,3536,2,332.85,5.78,0,other,digital_wallet,0,0,0,1,0
TXN104912,124.96,15,0,543,2,106.19,2.33,0,jewelry,credit_card,0,0,0,1,0
TXN104913,33.01,0,1,3053,3,58.21,15.46,0,travel,credit_card,0,0,1,1,0
TXN104914,37.25,17,1,2702,1,39.27,10.04,0,electronics,credit_card,0,0,0,1,0
TXN104915,382.08,0,1,1370,1,111.86,49.95,0,grocery,credit_card,1,0,0,0,1
TXN104916,52.49,19,1,470,2,70.56,19.57,1,restaurant,credit_card,2,0,0,0,0
TXN104917,74.34,8,1,1986,3,281.64,6.99,0,restaurant,credit_card,1,0,0,0,0
TXN104918,226.47,3,1,2802,4,26.43,17.62,1,gas_station,debit_card,1,0,0,0,0
TXN104919,75.36,6,1,553,2,402.35,16.24,0,electronics,debit_card,1,0,0,1,0
TXN104920,442.4,16,0,394,2,179.7,30.98,0,jewelry,debit_card,1,0,0,0,0
TXN104921,227.37,20,0,418,3,17.03,51.38,0,online_retail,debit_card,2,0,0,0,0
TXN104922,144.69,13,0,1940,2,82.13,54.0,0,online_retail,credit_card,2,0,0,0,0
TXN104923,276.84,3,1,1465,4,234.01,28.88,0,grocery,debit_card,2,0,0,0,0
TXN104924,10.66,21,1,1330,1,134.63,15.5,0,restaurant,credit_card,0,0,0,1,0
TXN104925,56.72,18,1,2005,4,115.43,4.43,0,jewelry,digital_wallet,1,0,0,0,0
TXN104926,114.08,9,0,1392,2,50.82,11.69,0,online_retail,credit_card,1,0,0,0,0
TXN104927,45.34,13,1,2305,2,141.54,15.84,0,online_retail,credit_card,0,0,0,0,0
TXN104928,250.48,23,0,967,7,58.27,2.52,1,grocery,debit_card,1,0,1,0,1
TXN104929,434.07,9,0,1333,3,108.11,5.57,0,online_retail,digital_wallet,0,0,0,0,0
TXN104930,95.19,0,0,1019,2,243.22,64.88,0,restaurant,credit_card,0,0,0,1,1
TXN104931,60.79,3,1,848,1,65.42,20.43,0,gas_station,credit_card,0,0,1,1,0
TXN104932,607.78,14,0,2120,5,116.78,12.6,0,gas_station,credit_card,0,0,0,1,0
TXN104933,99.48,23,0,1773,4,68.13,5.9,0,other,credit_card,1,0,0,1,0
TXN104934,100.94,17,0,2530,0,266.74,15.37,0,other,credit_card,0,0,0,1,0
TXN104935,64.61,14,0,901,1,100.75,6.83,0,online_retail,credit_card,0,0,1,1,0
TXN104936,376.88,7,1,605,1,133.71,4.13,0,other,credit_card,1,0,1,1,0
TXN104937,107.39,10,0,3692,4,159.46,1.9,0,jewelry,credit_card,1,0,0,0,0
TXN104938,239.74,0,0,775,3,194.57,8.06,0,restaurant,digital_wallet,3,0,0,1,0
TXN104939,227.91,8,1,1721,7,275.32,18.63,0,electronics,debit_card,0,1,0,0,1
TXN104940,70.83,14,0,2680,4,69.77,2.92,1,restaurant,credit_card,2,0,1,1,1
TXN104941,84.81,21,0,1091,1,152.41,4.37,0,other,debit_card,1,0,0,0,0
TXN104942,279.05,22,1,1218,3,27.33,8.99,0,grocery,credit_card,0,1,0,0,0
TXN104943,66.4,19,0,3872,7,119.31,12.16,0,restaurant,debit_card,0,0,0,1,0
TXN104944,237.29,0,1,3350,3,264.93,28.91,0,travel,debit_card,1,0,0,1,0
TXN104945,538.81,19,0,2153,2,157.16,16.38,0,jewelry,debit_card,1,0,0,0,0
TXN104946,178.79,5,0,1631,2,129.89,23.24,1,gas_station,credit_card,0,0,0,0,1
TXN104947,217.04,14,0,2395,8,70.5,23.78,0,online_retail,credit_card,1,0,0,0,0
TXN104948,249.53,22,0,3420,3,204.39,13.25,0,restaurant,debit_card,0,0,0,0,0
TXN104949,315.04,21,0,1038,4,93.52,8.68,0,online_retail,credit_card,1,0,0,0,1
TXN104950,92.06,15,0,462,2,65.85,41.5,0,other,digital_wallet,0,0,0,0,0
TXN104951,11.67,7,1,24,2,136.21,33.37,0,online_retail,credit_card,1,0,0,1,0
TXN104952,81.33,12,0,3042,1,119.75,3.16,0,jewelry,debit_card,0,1,0,0,0
TXN104953,139.04,16,1,2908,3,150.64,70.11,0,jewelry,digital_wallet,2,0,0,1,0
TXN104954,108.44,12,0,2137,1,20.49,50.22,0,grocery,debit_card,0,0,0,0,0
TXN104955,272.03,9,0,1603,3,70.31,44.78,0,online_retail,credit_card,1,0,0,1,1
TXN104956,71.93,9,1,3378,1,291.97,16.74,0,gas_station,debit_card,0,1,0,0,0
TXN104957,120.94,14,0,1364,5,263.42,30.96,0,electronics,debit_card,0,0,1,0,0
TXN104958,38.68,0,1,1070,2,137.77,26.06,1,gas_station,credit_card,1,0,1,0,0
TXN104959,190.72,23,1,2301,3,315.23,4.21,0,gas_station,debit_card,2,0,1,0,0
TXN104960,113.91,2,0,2411,2,144.28,37.94,0,online_retail,digital_wallet,0,0,1,1,0
TXN104961,42.3,23,1,336,3,176.77,11.79,0,grocery,credit_card,0,1,1,0,0
TXN104962,58.54,0,0,3494,3,113.29,7.7,1,online_retail,credit_card,0,0,0,1,0
TXN104963,200.04,12,0,3282,6,118.67,40.99,1,other,debit_card,0,0,0,0,0
TXN104964,96.05,10,1,3392,2,72.68,37.9,0,online_retail,debit_card,2,0,1,1,0
TXN104965,42.14,13,0,2961,1,185.92,35.09,0,travel,credit_card,0,0,1,0,0
TXN104966,493.09,10,1,1450,5,104.9,39.29,0,online_retail,debit_card,1,1,1,0,0
TXN104967,169.26,21,0,1962,3,221.73,15.63,0,other,debit_card,0,0,0,1,0
TXN104968,458.77,0,0,453,4,212.52,19.86,0,travel,debit_card,0,0,0,0,0
TXN104969,92.24,23,0,1745,2,230.94,46.13,0,gas_station,debit_card,1,1,0,1,0
TXN104970,99.53,16,0,1020,3,233.13,2.78,0,grocery,credit_card,0,0,0,1,0
TXN104971,293.16,18,1,6,6,213.37,41.19,0,grocery,credit_card,1,0,0,0,0
TXN104972,131.38,3,0,195,5,143.13,17.71,0,travel,credit_card,1,0,0,1,0
TXN104973,136.26,1,0,138,3,173.45,77.03,0,grocery,credit_card,1,0,0,0,0
TXN104974,46.06,9,0,398,2,78.69,32.34,0,travel,digital_wallet,1,0,0,1,0
TXN104975,87.06,7,0,290,2,66.87,3.2,0,online_retail,credit_card,0,0,0,1,0
TXN104976,25.2,18,0,2589,3,202.71,33.28,0,restaurant,digital_wallet,1,0,0,1,0
TXN104977,42.36,21,0,3203,3,90.35,17.21,0,travel,credit_card,0,0,0,1,0
TXN104978,5.88,10,1,2125,2,183.78,3.0,0,jewelry,digital_wallet,0,0,0,0,0
TXN104979,10.11,18,0,736,4,132.57,0.25,0,grocery,credit_card,0,0,0,1,0
TXN104980,614.46,1,0,8,4,124.47,14.69,0,gas_station,debit_card,1,0,0,1,0
TXN104981,47.74,17,0,1073,4,263.08,4.2,0,online_retail,debit_card,0,0,1,1,0
TXN104982,137.04,2,0,969,3,183.52,47.24,0,grocery,digital_wallet,0,0,0,0,0
TXN104983,350.53,16,0,3211,1,217.3,6.2,0,grocery,debit_card,0,0,0,1,0
TXN104984,105.18,9,1,1006,5,212.01,25.25,0,grocery,credit_card,0,0,0,0,0
TXN104985,31.48,9,0,505,2,190.56,8.03,0,other,debit_card,0,0,0,1,0
TXN104986,209.96,6,0,31,4,50.29,7.2,0,other,credit_card,0,0,0,1,0
TXN104987,147.33,9,1,2196,5,178.19,3.88,0,online_retail,credit_card,2,1,0,1,0
TXN104988,190.45,20,0,2947,2,177.94,15.44,0,restaurant,debit_card,0,0,0,0,0
TXN104989,248.8,19,0,2514,8,35.55,17.1,0,electronics,credit_card,0,0,1,0,0
TXN104990,465.05,8,1,1098,2,246.59,18.66,0,online_retail,debit_card,0,0,1,0,1
TXN104991,131.79,7,0,3195,0,98.75,35.26,0,travel,debit_card,0,0,0,1,0
TXN104992,63.27,12,1,2432,7,155.38,22.81,0,electronics,digital_wallet,1,1,1,0,0
TXN104993,149.19,16,1,615,4,137.59,26.95,0,electronics,debit_card,0,0,0,1,0
TXN104994,16.46,4,0,1104,5,123.99,6.88,0,restaurant,credit_card,0,0,1,1,0
TXN104995,394.36,17,1,1097,5,107.54,11.2,0,grocery,debit_card,2,0,0,1,0
TXN104996,23.1,22,0,1496,1,44.26,0.35,1,jewelry,debit_card,0,0,0,1,0
TXN104997,70.93,20,0,2255,4,109.91,1.84,0,online_retail,debit_card,0,1,0,0,0
TXN104998,260.27,13,0,2971,3,61.06,11.39,0,grocery,credit_card,0,0,0,1,0
TXN104999,127.07,7,0,2584,2,65.22,5.15,0,restaurant,debit_card,1,0,0,1,0
